9SIA85V5687252,NETGEAR R7500-100NAS Nighthawk X4 AC2350 Dual Band WiFi Gigabit Smart Router,289,.88,60,NETGEAR,R7500-100NAS
9SIA0AJ0PD7982,BELKIN F7D5301 Connect N150 Wireless Router IEEE 802.11b/g/n,59,.89,23,BELKIN,F7D5301
9SIA4P03FK4613,"D-Link Cloud Router 5700 (DIR-865L), Wireless AC 1750, Dual-Band, Gigabit Ports, USB SharePort, mydlink enabled",54,.95,23,D-Link,DIR-865L
N82E16833127686,D-Link DIR-879 AC1900 EXO WiFi Router,149,.99,23,D-Link,DIR-879
9SIA85V38J4654,TRENDnet TEW-651BR Wireless Home Router IEEE 802.11b/g/n,49,.43,24,TRENDnet,TEW-651BR
9SIA22F4UK4792,Belkin F9K1001 N150 Wireless/WiFi N Router,24,.49,24,BELKIN,F9K1001
9SIABB74AK2773,D-Link Wireless AC750 Dual Band Cloud Router (DIR-810L),35,.99,24,D-Link,DIR-810L
9SIABZ04RM7757,"Linksys E900 Wireless-N300 Router IEEE 802.3/3u, IEEE 802.11b/g/n",77,.59,24,Linksys,E900
N82E16833704265,TP-LINK Archer C50 AC1200 Dual Band Wireless Router,47,.35,24,TP-Link,Archer C50
9SIA85V3E25105,D-Link SharePort Go Mobile Companion Rechargeable Battery (DIR-506L),59,.94,25,D-Link,DIR-506L
9SIA7JJ2YJ7882,Refurbished: Linksys WRT1900AC Dual-Band Smart Wi-Fi Wireless AC Router (2.4 + 5Ghz),89,.99,25,Linksys,WRT1900AC
N82E16833156494,TRENDnet TEW-828DRU AC3200 Tri Band Wireless Router,189,.99,25,TRENDnet,TEW-828DRU
9SIA0AJ2NA3677,"Refurbished: D-Link DIR-601/RE Wireless N 150 Home Router IEEE 802.3/3u, IEEE 802.11 n/g",49,.89,26,D-Link,DIR-601/RE
9SIABZ04RM8008,"Linksys E1500 Wireless-N Router with SpeedBoost IEEE 802.3/3u, IEEE 802.11b/g/n",129,.89,26,Linksys,E1500
N82E16833314063,BELKIN F9K1002 N300 Wireless N Router IEEE 802.11b/g/n,53,.44,26,BELKIN,F9K1002
9SIA0AJ3RK3362,ARRIS SurfBoard Extreme SBG6782-AC DOCSIS 3.0 AC1750 Cable Modem WiFi Router with build in MoCA (SBG6782-AC),299,.48,26,ARRIS,SBG6782
N82E16833122667,NETGEAR WNR2020v2 Wireless N300 Wi-Fi Router with External Antennas,19,.99,26,NETGEAR,WNR2020v2
N82E16825124008,NETGEAR C3000-100NAS N300 WiFi Cable Modem Router Up to 300Mbps,84,.00,26,NETGEAR,C3000-100NAS
N82E16833704302,TP-Link Archer C5400 AC5400 Wireless Tri-Band MU-MIMO Gigabit Router,287,.99,26,TP-Link,Archer C5400
9SIA0AJ0WZ6195,Refurbished: Linksys E1000-RM 2.4GHz 300Mbps 2T2R Wireless Router IEEE 802.11b/g/n,69,.48,27,Linksys,E1000-RM
N82E16833389039,Netis WF2416 Wireless N150 Pocket Size Traveler AP Router Repeater with Wall Plug,8,.99,27,NETIS,WF2416
9SIA0ZX21P7202,"Linksys EA2700-NP SMART Gigabit Dual-Band Wireless N600 Router IEEE 802.11a/b/g/n, IEEE 802.3/3u/3ab",100,.38,28,Linksys,EA2700-NP
9SIA0AJ2RS2702,"NETGEAR WPN824N-100NAS RangeMax N150 Wireless Router IEEE 802.3/3u, IEEE 802.11b/g/n",89,.48,29,NETGEAR,WPN824N-100NAS
N82E16833122786,NETGEAR R6400-100NAS AC1750 Smart Wi-Fi Dual Band Gigabit Router,109,.49,29,NETGEAR,R6400
9SIAADF3V36202,ASUS RT-AC66W Dual-Band Wireless-AC1750 Gigabit Router,119,.75,30,ASUS,RT-AC66W
9SIA0AJ1B09566,LevelOne WBR-6002 Wireless N 150Mbps Broadband Router,109,.95,32,LevelOne,WBR-6002
9SIA0AJ2RS2701,Refurbished: NETGEAR AC1450 Dual Band Gigabit Smart WiFi Router Two (2) USB ports—one USB 3.0 and one USB 2.0 port IEEE 802.11 b/g/n 2.4 GHz IEEE 802.11 a/n/ac 5.0 GHz Five (5) 10/100/1000 (1 WAN and 4 LAN) Gigabi,169,.48,32,NETGEAR,AC1450
9SIA0AJ5653237,"ASUS RT-AC66R Dual-Band Wireless-AC1750 Gigabit Router IEEE 802.11ac, IEEE 802.11a/b/g/n, IEEE 802.3/3u/3ab",169,.89,32,ASUS,RT-AC66R
N82E16833124600,Linksys EA8500 Max-stream AC2600 Mu-Mimo Smart Wi-fi Router,179,.99,32,Linksys,EA8500
9SIA0AJ2NA3507,Refurbished: NETGEAR WPN824N-100NAR RangeMax N150 Wireless-N Router IEEE 802.11b/g/n Manufacturer Recertified,54,.95,33,NETGEAR,WPN824N-100NAR
9SIA0AJ1DM5809,"NETGEAR WNDRMAC-100NAS Wireless Gigabit Open Source Router/ USB port Rangemax 2.4/5GHz Simultaneous N600 Dual Band IEEE 802.11a/b/g/n, IEEE 802.3/3u/3ab",144,.95,33,NETGEAR,WNDRMAC-100NAS
9SIA0AJ5CH0939,"Linksys EA4500-NP SMART Dual-Band Wireless N900 Router IEEE 802.11a/b/g/n, IEEE 802.3/3u/3ab",49,.89,33,Linksys,EA4500-NP
N82E16833124478,Linksys E1200-NP Wireless-N300 Router IEEE 802.11b/g/n,28,.45,33,Linksys,E1200-NP
N82E16833122814,NETGEAR R8500 Nighthawk X8 Wireless AC5300 Tri-Band Quad-Stream MU-MIMO Gigabit Router,349,.99,34,NETGEAR,R8500-100NAS
9SIABZ04RM7687,"Linksys EA2700 Gigabit Dual-Band Wireless N600 Router IEEE 802.11a/b/g/n, IEEE 802.3/3u/3ab",146,.59,35,Linksys,EA2700
9SIA7BP48X4561,Cisco Valet M10 802.11b/g/n Wireless HotSpot Router up to 300Mbps/ Easy setup by USB dongle inside,102,.99,35,Cisco Valet,M10
9SIA4KZ3UY7999,"Linksys EA3500 Gigabit Dual-Band Wireless N750 Router IEEE 802.11a/b/g/n, IEEE 802.3/3u/3ab",81,.00,35,Linksys,EA3500
9SIA0AJ2VX3128,ASUS DSL-N10 2 in 1 device which serving as DSL modem and Wireless-N 150 router. With 5DBi wide range coverage and 4 Addition Guess SSID,89,.48,36,ASUS,None
9SIA4P03FK4612,"D-Link DIR-855L Wireless N900 Simultaneous Dual-Band Gigabit Router w/ SmartBeam Technology IEEE 802.11a/b/g/n, IEEE 802.3/3u/3ab",29,.95,36,D-Link,DIR-855L
9SIA91J44C8658,D-Link Wireless AC1200 Dual Band Gigabit Cloud Router (DIR-860L),101,.80,36,D-Link,DIR-860L
9SIAB275B48490,Linksys AC1900 Dual Band SMART Wi-Fi Gigabit Router (EA6900),149,.99,36,Linksys,EA6900
N82E16833124608,Linksys EA9500 MAX-STREAM AC5400 Next Gen MU-MIMO Tri-Band Smart Wi-Fi Router with 8 Gigabit Ports and Seamless Roaming,324,.72,36,Linksys,EA9500
9SIA0AJ13H4353,"TRENDnet TEW-671BR Concurrent Dual Band Wireless N Router IEEE 802.3/3u, 802.11a/b/g/n draft 2.0, 802.1d Spanning Tree",129,.95,37,TRENDnet,TEW-671BR
9SIA1N82U29862,Belkin F9K1102 N600 Wireless Dual-Band N+ Router,64,.44,38,BELKIN,F9K1102
N82E16833122612,"NETGEAR R6050-100PAS AC750 Dual Band WiFi Gigabit Router IEEE 802.11ac, IEEE 802.11a/b/g/n",56,.99,38,NETGEAR,R6050-100PAS
N82E16833320228,"Refurbished: ASUS RT-AC68P Wireless-AC1900 Dual Band Gigabit Router IEEE 802.11ac, IEEE 802.11a/b/g/n AiProtection with Trend Micro for Complete Network Security-Certified Refurbished",114,.99,38,ASUS,RT-AC68P
N82E16833127549,D-Link DIR-880L Wireless AC1900 Dual Band Gigabit Cloud Router,,,38,D-Link,DIR-880L
9SIA0AJ4YP4488,"NETGEAR WNR1500-100NAS N300 Wireless Router IEEE 802.3/3u, IEEE 802.11b/g/n",89,.89,39,NETGEAR,WNR1500-100NAS
9SIA6ZP3ZC3698,Linksys MAX-STREAM AC1900 Next Gen MU-MIMO Dual-Band Smart Wi-Fi Gigabit Router with Seamless Roaming (EA7500),,,39,Linksys,EA7500
9SIA91J43P3869,"NETGEAR R6100-100PAS AC1200 Dual Band R6100 Wi-Fi Router IEEE 802.11ac, IEEE 802.11a/b/g/n",130,.44,40,NETGEAR,R6100-100PAS
9SIA0AJ10G3365,D-Link DWL-922 Wireless G Network Starter Kit IEEE 802.11g  IEEE 802.11b  IEEE 802.3  IEEE 802.3u,99,.95,40,D-Link,DWL-922
9SIA0AJ3D66657,"TP-LINK TL-WR720N Wireless N150 Router, 150Mbps, Internal Antenna, IP QoS",89,.95,40,TP-Link,TL-WR720N
9SIAAVC4BE1004,ASUS RT-AC68W Dual-Band Wireless-AC1900 Gigabit Router,175,.00,40,ASUS,RT-AC68W
9SIA0AJ1HJ6432,"NETGEAR DGN3500-100NAS N300 Wireless Gigabit ADSL2+ Modem Router IEEE 802.11b/g/n, IEEE 802.3/3u/3ab",189,.95,41,NETGEAR,DGN3500-100NAS
9SIAB7A48E5951,"Linksys EA3500-NP SMART Smooth Stream Gigabit Dual-Band Wireless N750 Router IEEE 802.11a/b/g/n, IEEE 802.3/3u/3ab",64,.95,41,Linksys,EA3500-NP
N82E16833704262,OnHub AC1900 Wi-Fi Router from TP-LINK and Google,179,.99,41,TP-Link,TGR1900
9SIA0AJ1MZ7692,"HAWKING HWR54G Wireless-G Router IEEE 802.3/3u, IEEE 802.11b/g",79,.95,42,HAWKING,HWR54G
9SIA4HG1K49117,NETGEAR WGB511 54 Mbps Wireless Router(WGR614) and PC Card(WG511) Kit IEEE 802.11b/g,157,.42,42,NETGEAR,WGB511
9SIA0AJ34R2494,Refurbished: NETGEAR N900 Wireless Dual Band Gigabit Router R4500-Factory Refurbished,139,.95,42,NETGEAR,R4500
N82E16833124530,"Linksys EA6350 AC1200+ Wi-Fi Wirless Dual-Band+ Router, Smart Wi-Fi App Enabled to Control Your Network from Anywhere",71,.99,42,Linksys,EA6350
N82E16833704258,"TP-Link Archer C3200 AC3200 Wireless Tri-Band Gigabit Router IEEE 802.11ac/n/a 5GHz, IEEE 802.11b/g/n 2.4GHz",169,.99,42,TP-Link,Archer C3200
9SIA4KZ3FP6576,"Refurbished: Linksys E1500-RM Wireless-N Router with SpeedBoost IEEE 802.3/3u, IEEE 802.11b/g/n",64,.49,43,Linksys,E1500-RM
9SIA0AJ1ZX1388,"D-Link Cloud Router 2000 (DIR-826L), Wireless N600, Dual-Band, Gigabit Ports, USB SharePort, mydlink enabled",35,.89,43,D-Link,DIR-826L
N82E16833704261,TP-Link AC2600 Wireless Wi-Fi Gigabit Router with 4-Stream Technology (Archer C2600),129,.99,44,TP-Link,Archer C2600
9SIA1N82839802,"D-Link Cloud Router (DIR-605L), Wireless N300, mydlink Cloud Services",34,.79,45,D-Link,DIR-605L
9SIA0AJ2015367,ZyXEL X650 Dual-Band Wireless AC1200 Gigabit Router,189,.95,45,ZyXEL,X650
N82E16833122536,NETGEAR R6250-100NAS Wireless AC1600 Dual Band Gigabit Router,96,.99,45,NETGEAR,R6250-100NAS
0E6-000U-00001,Securifi Almond Touchscreen Wireless N300 Router / Range Extender (3 Minute Setup),69,.99,45,Securifi,Almond
N82E16833156454,"TRENDnet TEW-733GR N300 Wireless Gigabit Router IEEE 802.11b/g/n, IEEE 802.3/3u/3ab",31,.99,46,TRENDnet,TEW-733GR
N82E16833124571,Linksys EA9200-4A Wireless AC3200 Tri-Band Smart Wi-Fi Router,160,.99,47,Linksys,EA9200-4A
N82E16833320122,"Refurbished: ASUS RT-N53 Dual Band Wireless N600 SOHO Router, DD-WRT Open Source support, Fast Ethernet, 5 Guest SSID, Parental Access Time control to Each User",24,.99,48,ASUS,RT-N53
N82E16825124010,"NETGEAR C6300 AC1750 (16x4) Wi-Fi Cable Modem Router DOCSIS 3.0 Certified for Xfinity Comcast, Time Warner Cable, Cox, & more",148,.99,48,NETGEAR,C6300-100NAS
9SIA0AJ4YP4327,"TP-LINK TL-WR1042ND Gigabit Wireless N300 Router, 300Mbps, USB port, 2 Detachable Antennas, IP QoS / QSS Button",99,.89,49,TP-Link,TL-WR1042ND
N82E16833320221,Refurbished: ASUS RT-AC87R Wireless-AC2400 Dual-band Gigabit Router,139,.99,49,ASUS,RT-AC87R
N82E16833320177,Refurbished: ASUS RT-AC68R Wireless-AC1900 Dual-band Gigabit Router Factory Refurbished,109,.99,49,ASUS,RT-AC68R
9SIA0AJ3884161,"TRENDnet TEW-751DR N600 Dual Band Wireless Router IEEE 802.11a/b/g/n, IEEE 802.3/3u",89,.95,50,TRENDnet,TEW-751DR
9SIA0AJ0UG8495,Refurbished: Netgear WNR3500L-100NAR Wireless-N Router RangeMax Opensource with USB,99,.95,50,NETGEAR,WNR3500L-100NAR
9SIA0AJ0YY0533,Refurbished: Linksys LINK-M20-RM Valet Plus Wireless-N Router IEEE 802.11b/g/n,59,.89,51,Linksys,LINK-M20-RM
9SIA4A03YE0040,Refurbished: NETGEAR R6300 Wireless AC1750 Dual Band Gigabit Wi-Fi Router IEEE 802.11ac/a/b/g/n,69,.99,51,NETGEAR,R6300-100NAR
9SIA8VD3KG2411,Linksys EA6200 Dual Band AC900 Smart Wi-Fi Router,42,.00,51,Linksys,EA6200
N82E16833127496,D-Link Wireless AC 1200 Mbps Home Cloud App-Enabled Dual-Band Gigabit Router - DIR-850L,42,.14,51,D-Link,DIR-850L
N82E16833704030,"TP-LINK TL-WR941ND Wireless  Home Router, 450 Mbps, 3 detachable antennas, IP QoS, WPS Button",38,.99,53,TP-Link,TL-WR941ND
9SIA0AJ20D5350,"NETGEAR WNR834B RangeMax Wireless-N Router IEEE 802.11b/g, IEEE 802.11n Draft",159,.95,54,NETGEAR,WNR834B
9SIA0AJ0TW9899,BELKIN F5D7234-4 802.11b/g Wireless Router up to 54Mbps/ 10/100 Mbps Ethernet Port x4,69,.89,55,BELKIN,F5D7234-4
9SIA0AJ17D0087,"WD My Net AC1300 HD Dual-Band Router - Wireless AC1300Mpbs+ 450Mpbs , 5 Gigabit Ports, 2x USB 2.0, Dual-Band 2.4GHz/5GHz (WDBWNJ0000NBL-HESN)",59,.48,56,WD,WDBWNJ0000NBL-HESN
9SIAB7A48F2000,Linksys E2500 Dual-Band Wireless N600 Router IEEE 802.11a/b/g/n,69,.95,56,Linksys,E2500
N82E16833124605,"Linksys WRT1900ACS Open Source Ready Smart Wi-Fi Gigabit Router Supported by DD-WRT, eSATA / USB 3.0 (WRT1900ACS)",179,.99,56,Linksys,WRT1900ACS
N82E16833320242,"ASUS RT-AC88U Wireless AC3100 Dual-Band Gigabit Router, AiProtection with Trend Micro for Complete Network Security",269,.99,56,ASUS,RT-AC88U
9SIA0AJ4D92671,BUFFALO AirStation N150 Wireless Router - WCR-GN,79,.89,57,BUFFALO,WCR-GN
9SIA0AJ1BU1652,"D-Link DWL-926 Wireless 108G Laptop Kit IEEE 802.3, IEEE 802.11b/g",99,.95,57,D-Link,DWL-926
9SIA0AJ17D1207,"WD My Net N750 HD Dual-Band Router - Wireless N, 4x Gigabit LAN Ports, 300Mbps & 450Mbps, Dual-Band 2.4GHz/5GHz, 2x USB 2.0 Ports WDBAJA0000NWT-HESN",89,.95,58,WD,WDBAJA0000NWT-HESN
9SIA0AJ36G3342,TRENDnet TEW-691GR 2.4GHz N450 Wireless Gigabit Router up to 450Mbps Wireless Technology IEEE 802.11b/g/n,116,.89,58,TRENDnet,TEW-691GR
N82E16833122491,"NETGEAR WNDR4300-100NAS N750 Wireless Dual Band Gigabit Router - Premium Edition, DD-WRT Open Source support, IEEE 802.11a/b/g/n, IEEE 802.3/3u/3ab",59,.99,58,NETGEAR,WNDR4300-100NAS
9SIA0AJ54D2585,NETGEAR WNDR3300-100NAS 802.11a/b/g/n 2.4/5GHz Selectable Dual-Band RangeMax Wireless-N Router up to 300Mbps,89,.89,59,NETGEAR,WNDR3300-100NAS
9SIA0AJ3UC7875,NETGEAR AC1750 Dual Band WiFi Gigabit Router (R6300 v2),159,.48,59,NETGEAR,R6300-100PAS
N82E16833389031,Netis WF2419 Wireless N300 AP Router Repeater Client All in One with 5dBi High Gain Antenna,12,.99,59,NETIS,WF2419
N82E16825124009,NETGEAR C3700-100NAS N600 WiFi Cable Modem Router Up to 600 Mbps,109,.00,59,NETGEAR,C3700-100NAS
9SIAA9U3TU1277,"Refurbished: Linksys E2500-RM Advanced Simultaneous Dual-Band Wireless-N Router IEEE 802.3/3u, IEEE 802.11a/b/g/n",59,.99,61,Linksys,E2500-RM
9SIA4P03752942,"TP-LINK Archer C8 AC1750 Dual Band Wireless AC Gigabit Router, 2.4GHz 450Mbps+5Ghz 1350Mbps, 1 USB 2.0 Port & 1 USB 3.0 Port, IPv6, Guest Network",119,.95,61,TP-Link,Archer C8
9SIA4T01GT5600,"D-Link DIR-628 802.11n/g/a, 802.3/3u 2.4/5GHz Selectable Dual-Band RangeBooster Wireless N Router up to 300Mbps",239,.99,62,D-Link,DIR-628
9SIA0AJ30T2979,"D-Link DIR-615 Wireless N300 Router, 4-Port Switch, DD-WRT Open Source support",76,.89,66,D-Link,DIR-615
9SIABZ04RM7979,"Linksys WRT54GX2 Wireless-G Broadband Router With SRX200 IEEE 802.3/3u, IEEE 802.11b/g",199,.84,67,Linksys,WRT54GX2
9SIA0AJ0YW7016,"TRENDnet TEW-692GR Concurrent Dual Band Wireless N900 Router IEEE 802.3/3u/3ab/3az, IEEE 802.11a/b/g/n",119,.95,67,TRENDnet,TEW-692GR
9SIA4HG2541298,"Zonet ZSR1134WE Wireless Broadband Router w/ 4pt LAN Switch IEEE 802.3/3u, IEEE 802.11b/g",59,.99,68,Zonet,ZSR1134WE
N82E16833320244,"ASUS RT-AC5300 Wireless AC5300 Tri-Band MU-MIMO Gigabit Router, AiProtection with Trend Micro for Complete Network Security",334,.69,68,ASUS,RT-AC5300
9SIA0AJ0NA7913,"Linksys BEFW11S4 Wireless Router IEEE 802.3/3u, IEEE 802.11b",99,.95,69,Linksys,BEFW11S4
9SIA4HM2PM7228,"D-Link Wireless AC Gaming Router - 1300 Mbps, Dual-Band, Gigabit, StreamBoost traffic shaping (DGL-5500)",156,.61,69,D-Link,DGL-5500
9SIA67S35A0683,"Linksys WRT400N Simultaneous Dual-Band Wireless Router IEEE 802.3/3u, IEEE 802.11a/b/g, IEEE802.11n Draft",187,.59,70,Linksys,WRT400N
9SIA6ZP3K31165,Linksys WRT1200AC Wireless AC1200 Dual-Band and Wi-Fi Wireless Router with Gigabit and USB 3.0 Ports and eSATA,,,70,Linksys,WRT1200AC
9SIA4KZ4772433,NETGEAR R6200 Wireless AC 1200 Dual Band Gigabit Wi-Fi Router IEEE 802.11 ac/b/g/n,174,.99,71,NETGEAR,R6200-100NAS
N82E16833320167,ASUS RT-AC56U AC1200 Dual-Band Gigabit Wireless Router,95,.71,73,ASUS,RT-AC56U
9SIA0AJ42V2950,On Networks N300 Wireless Router N300R,59,.95,74,On Networks,N300R
N82E16833704050,"TP-LINK TL-WR940N V3 Wireless N450 Home Router, 450 Mbps, 3 External antennas, IP QoS, WPS Button",29,.99,74,TP-Link,TL-WR940N
N82E16833704206,"TP-LINK Archer C2 AC750 Dual Band Wireless AC Gigabit Router, USB Port, IPv6, Guest Network",46,.99,77,TP-Link,Archer C2
9SIA22F56S6892,"TP-LINK TL-WR700N Wireless N150 Portable Router, Pocket Design, Multifunction, 150Mbps",29,.49,79,TP-Link,TL-WR700N
9SIA0AJ0X53725,"Refurbished: NETGEAR WNDR4000-100NAR N750 Wireless Dual Band Gigabit Router Manufacturer Recertified IEEE 802.11a/b/g/n, IEEE 802.3/3u/3ab",144,.95,79,NETGEAR,WNDR4000-100NAR
N82E16833156380,TRENDnet TEW-731BR N300 Wireless Home Router,18,.99,79,TRENDnet,TEW-731BR
N82E16833122818,NETGEAR R7800 Nighthawk X4S AC2600 Smart WiFi MU-MIMO Gigabit Router with additional 5 GHz DFS channels,198,.99,80,NETGEAR,R7800-100NAS
9SIA0AJ0U17013,"BELKIN F5D8236-4 N Wireless Router IEEE 802.3/3u, IEEE 802.11b/g, IEEE802.11n Draft 2",99,.95,82,BELKIN,F5D8236-4
9SIA0FU4969935,Linksys EA6900 AC1900 Dual Band SMART Wi-Fi Gigabit Router,182,.64,83,Linksys,EA6900
9SIA0AJ5939079,"TP-LINK TL-WDR3500 Dual Band Wireless N600 Router, 2.4GHz 300Mbps+5GHz 300Mbps, USB port, IP QoS, Wireless On/Off Switch",199,.48,83,TP-Link,TL-WDR3500
9SIA0AJ1G89270,"D-Link Whole Home Router 1000 (DIR-645) Wireless N300, SmartBeam Coverage, Gigabit, USB SharePort",79,.89,86,D-Link,DIR-645
N82E16833124412,Linksys E1200 Wireless-N Router IEEE 802.11b/g/n,42,.99,87,Linksys,E1200
9SIA0AJ0T94201,NETGEAR WNDR4000 N750 Wireless Dual Band Gigabit Open Source Router - IEEE 802.11 a/b/g/n,179,.48,89,NETGEAR,WNDR4000-100NAS
N82E16833320218,ASUS RT-AC3200 Tri-Band AC3200 Wireless Gigabit Router AiProtection with Trend Micro for Complete Network Security,199,.99,90,ASUS,RT-AC3200
N82E16833704232,TP-LINK Archer C9 Wireless AC1900 Dual Band Gigabit Router,119,.99,90,TP-Link,ARCHER C9
N82E16833122320,NETGEAR RangeMax WNR1000 Wireless Router IEEE 802.11 b/g 2.4 GHz with 4-Port Ethernet Switch,19,.99,96,NETGEAR,WNR1000-100NAS
N82E16833127573,"D-Link DIR-890L/R Wireless AC3200 Ultra Tri-Band Gigabit Router, AC Smartbeam technology",237,.99,97,D-Link,DIR-890L/R
9SIA0AJ5B50488,"Refurbished: Linksys E2000-RM Gigabit Advanced Wireless Router IEEE 802.3/3u/3ab, IEEE 802.11a/b/g, IEEE802.11n",59,.95,98,Linksys,E2000-RM
9SIA0AJ0PV5083,"Linksys EA4500 Dual-Band N900 Wi-Fi Router with Gigabit and USB IEEE 802.11a/b/g/n, IEEE 802.3/3u/3ab",169,.95,98,Linksys,EA4500
9SIA0AJ0ZX8514,D-Link DWL-923 Wireless G Laptop Starter Kit DI-524 IEEE 802.11g  IEEE 802.11b  IEEE 802.3  IEEE 802.3u   DWL-G630 IEEE 802.11g  IEEE 802.11b,99,.95,99,D-Link,DWL-923
9SIA2F853K1135,BUFFALO AirStation HighPower N600 Gigabit Simultaneous Dual Band DD-WRT Wireless Router - WZR-600DHP,81,.04,101,BUFFALO,WZR-600DHP
N82E16833704234,"TP-LINK Archer C5 AC1200 Dual Band Wireless AC Gigabit Router, 2.4 GHz 300 Mbps+5 GHz 867 Mbps, 2 USB Ports, IPv6, Guest Network",69,.75,101,TP-Link,Archer C5
9SIA0AJ2MH2161,"ASUS RT-N65U Dual-Band Wireless-N750 Gigabit Router IEEE 802.11a/b/g/n, 2 USB 3.0 SharePort",197,.95,102,ASUS,RT-N65U
9SIA6502N61436,"TP-LINK TL-WR702N Wireless N150 Travel Router, Nano Size, Multifunction, 150Mbps",59,.99,103,TP-Link,TL-WR702N
N82E16833320088,"ASUS RT-N53 Dual Band Wireless N600 SOHO Router, DD-WRT Open Source support, Fast Ethernet, 5 Guest SSID, Parental Access Time control to Each User",39,.99,103,ASUS,RT-N53
9SIA0AJ3Y42166,"TRENDnet TEW-811DRU AC1200 Dual Band Wireless Router- 4 Gigabit port, Broadcom Chipset, DD-WRT Open Source support",79,.95,104,TRENDnet,TEW-811DRU
9SIA6EA5BM3381,"BELKIN F5D8230-4 Wireless Router IEEE 802.3/3u, IEEE 802.11a/b/g",49,.99,106,BELKIN,F5D8230-4
9SIA85V3DJ7056,"On Networks N150 Wireless Router, Open Source Ready - N150R",20,.98,111,On Networks,N150R
9SIA0AJ0ZZ1501,"Linksys WCG200 Wireless-G Cable Gateway DOCSIS 1.0, DOCSIS 1.1, DOCSIS 2.0, IEEE802.11g, IEEE 802.11b.",69,.89,113,Linksys,WCG200
9SIABZ04RM8138,"Linksys WRT110 RangePlus-n Wireless Router IEEE 802.3/3u, IEEE 802.11b/g",157,.59,114,Linksys,WRT110
9SIA0AJ20D5301,Refurbished: NETGEAR WNDR3400 N600 Wireless Router Simultaneous Dual Band IEEE 802.11a/b/g/n 2.4/5GHz 10/100 Mbps Ethernet Port x4,87,.95,114,NETGEAR,WNDR3400-100NAR
N82E16833320154,"Refurbished: ASUS RT-N66R Dual-Band Wireless-N900 Gigabit Router, DD-WRT Open Source Support - Certified Refurbished",59,.99,115,ASUS,RT-N66R
9SIA0AJ1N38090,"D-Link WBR-1310 Wireless Router IEEE 802.3/3u, IEEE 802.11b/g",79,.48,124,D-Link,WBR-1310
9SIA0AJ2SR2315,Linksys E1000 802.11b/g/n Wireless Broadband Router up to 300Mbps/ 10/100 Mbps Ethernet Port x4,79,.48,124,Linksys,E1000
N82E16833122611,NETGEAR R8000-100NAS Nighthawk X6 AC3200 Tri-Band Gigabit Wireless Router,191,.25,124,NETGEAR,R8000-100NAS
9SIA0AJ2ZS5874,"WD My Net N900 HD Dual-Band Router - 7x Ports, 450 + 450 Mbps, 2x USB Ports, Dual-Band, 2.4/5 GHz, FasTrack Plus WDBWVK0000NSL-HESN",149,.48,126,WD,WDBWVK0000NSL-HESN
9SIA4MR4MH7581,"Linksys EA6500 V2 AC1750 Wi-Fi Wireless Dual-Band+ Router with Gigabit, Smart Wi-Fi App Enabled, Open Source supported",129,.95,127,Linksys,EA6500
9SIA0AJ0ZB7961,"D-Link Amplifi HD Media Router 1000 (DIR-657) Wireless N300, HD Fuel QoS, USB SharePort, Gigabit",119,.95,129,D-Link,DIR-657
9SIA0AJ1MZ7698,"Linksys WRT54GC Wireless Router IEEE 802.3/3u, IEEE 802.11b/g",99,.89,129,Linksys,WRT54GC
9SIA4KZ4GY7424,"Linksys WRT300N Wireless-N Broadband Router Draft 802.11n, 802.11g, 802.11b, 802.3, 802.3u",109,.99,130,Linksys,WRT300N
N82E16833156436,"TRENDnet TEW-812DRU V2 AC1750 Dual Band Wireless Router - 4 Gigabit port, DD-WRT Open Source support",79,.99,131,TRENDnet,TEW-812DRU
N82E16833320208,ASUS RT-AC87U Dual-band 4x4 AC2400 4-port Gigabit Gaming Router with AiProtection Powered by Trend Micro,166,.06,132,ASUS,RT-AC87U
9SIA4A03E73253,"Linksys WRT1900AC Wireless AC Dual Band Router AC1900, Open Source ready, eSATA/ USB 3.0 Ports",169,.98,134,Linksys,WRT1900AC
N82E16833320157,Refurbished: ASUS RT-AC66R Dual-Band Wireless-AC1750 Gigabit Router –Asus Certified.,99,.99,136,ASUS,RT-AC66R
N82E16833320168,"ASUS RT-N12/D1 Wireless-N300 3-in-1 Router/AP/Range Extender IEEE 802.3/3u, IEEE 802.11b/g/n",27,.99,136,ASUS,RT-N12/D1
9SIA0AJ1AW3243,BELKIN F5D8235-4 802.11b/g/n N+ Wireless Gigabit Router up to 300Mbps,99,.89,144,BELKIN,F5D8235-4
9SIA0AJ0U87087,NETGEAR MR814 Wireless Router with Switch IEEE 802.3i 10BASE-T IEEE 802.3u 100BASE-TX IEEE 802.3x Flow Control,93,.95,145,NETGEAR,MR814
9SIABZ04RM7925,Linksys WRT120N 802.11b/g/n Wireless Home Router up to 150Mbps/ 10/100 Mbps Ethernet Port x4,113,.89,150,Linksys,WRT120N
9SIA0AJ3EH2747,"D-Link WBR-2310 Wireless Rangebooster G Router IEEE 802.3/3u, IEEE 802.11b/g",79,.48,170,D-Link,WBR-2310
N82E16833122378,NETGEAR WNDR3400-100NAS IEEE 802.11a/b/g/n 2.4/5GHz Simultaneous Dual Band N600 Wireless Router / 10/100 Mbps Ethernet Port x4,59,.99,172,NETGEAR,WNDR3400-100NAS
9SIA0AJ2NC0138,"Refurbished: NETGEAR WGR614NAR G54 Wireless Router IEEE 802.3/3u, IEEE 802.11b/g",54,.48,193,NETGEAR,WGR614NAR
9SIA0AJ0V51240,"Refurbished: NETGEAR WNDR3300-100NAR N300 Wireless Dual Band Router IEEE 802.11n version 2.0 IEEE 802.11n, IEEE 802.11g, IEEE 802.11b 2.4 GHz IEEE 802.11n, IEEE 802.11a 5.0 GHz",99,.89,223,NETGEAR,WNDR3300-100NAR
N82E16833704037,"TP-LINK TL-WR740N Wireless N150 Home Router, 150Mbps, IP QoS, WPS Button",22,.99,245,TP-Link,TL-WR740N
9SIA0AJ5AM2782,Linksys E2000 802.11a/b/g/n 2.4/5GHz Selectable Dual Band Gigabit Wireless Router up to 300Mbps,89,.89,258,Linksys,E2000
9SIA0AJ33Z3042,Refurbished: Linksys E3000-RM 802.11a/b/g/n 2.4/5GHz Dual Band Gigabit Wireless Router,69,.48,266,Linksys,E3000-RM
9SIA0AJ1003050,NETGEAR WNDR4500 N900 Wireless Dual Band Gigabit Open Source Router - IEEE 802.11 a/b/g/n,179,.48,284,NETGEAR,WNDR4500-100NAS
9SIA0AJ0ZZ1496,"NETGEAR WGT624 Wireless Firewall Router IEEE 802.3/3u, IEEE 802.11b/g",69,.48,289,NETGEAR,WGT624
9SIA5CJ1NG1630,"D-Link Wireless-N Home Router (DIR-601), N150",58,.33,292,D-Link,DIR-601
N82E16833122235,NETGEAR WNR2000-100NAS 802.11b/g/n Wireless-N Router up to 300Mbps/ 10/100 Mbps Ethernet Port x4,31,.99,292,NETGEAR,WNR2000-100NAS
9SIA0AJ3ZC0154,"Linksys WRT54GS Wireless-G Broadband Router with SpeedBooster IEEE 802.3/3u, IEEE 802.11b/g",78,.89,301,Linksys,WRT54GS
9SIA0AJ0V51241,Linksys WRT160N 802.11b/g/n Wireless Broadband Router up to 300Mbps/ 10/100 Mbps Ethernet Port x4,89,.89,327,Linksys,WRT160N
N82E16833704177,"TP-LINK Archer C7 Wireless AC1750 Dual Band Gigabit Router, 450 Mbps on 2.4 GHz + 1300 Mbps on 5 GHz, 2 USB Ports, IPv6, Guest Network",92,.99,335,TP-Link,Archer C7 (Version 2)
9SIA0AJ0N89829,Linksys WRT54G2 802.11b/g Wireless Broadband Router up to 54Mbps/ 10/100 Mbps Ethernet Port x4,69,.48,346,Linksys,WRT54G2
N82E16833320174,"ASUS RT-AC68U Wireless-AC1900 Dual Band Gigabit Router IEEE 802.11ac, IEEE 802.11a/b/g/n AiProtection with Trend Micro for Complete Network Security",149,.99,366,ASUS,RT-AC68U
9SIA0AJ43A7733,TRENDnet TEW-652BRP 802.11b/g/n Wireless N Home Router up to 300Mbps/ 10/100 Mbps Ethernet Port x4,59,.89,374,TRENDnet,TEW-652BRP
N82E16833122581,NETGEAR R7000 Nighthawk AC1900 Dual Band Wireless Gigabit Smart Home Router,159,.00,398,NETGEAR,R7000-100PAS
N82E16833122334,NETGEAR WNR3500L-100NAS 802.11b/g/n RangeMax Wireless-N Gigabit router up to 300Mbps/ DD-WRT Open Source support/ USB x1,49,.42,419,NETGEAR,WNR3500L-100NAS
9SIA4RE4NS3258,"D-Link DI-624 Wireless Router IEEE 802.3/3u, IEEE 802.11b/g",59,.99,427,D-Link,DI-624
N82E16833704038,"TP-LINK TL-WR1043ND Ultimate Wireless N300 Router, Gigabit, 300Mbps, USB port, 3 Detachable Antennas / IP QoS/ QSS Button",47,.99,441,TP-Link,TL-WR1043ND
N82E16833704039,"TP-LINK TL-WR841N Wireless N300 Home Router, 300Mbps, IP QoS, WPS Button",24,.99,461,TP-Link,TL-WR841N
N82E16833320115,"ASUS RT-AC66U IEEE 802.11ac, IEEE 802.11a/b/g/n, IEEE 802.3/3u/3ab Dual-Band Wireless-AC1750 Gigabit Router",136,.99,499,ASUS,RT-AC66U
9SIA0AJ2FC2391,D-Link DKT-408 Wireless N300 Router + Wireless N300 Adapter Combo (DIR-615+DWA-130),77,.95,576,D-Link,DKT-408
9SIA6502RH9003,"D-Link DI-524 High Speed Wireless Router IEEE 802.3/3u, IEEE 802.11b/g",42,.99,625,D-Link,DI-524
N82E16833320038,"ASUS RT-N16 802.11b/g/n Gigabit Wireless Router up to 300Mbps DD-WRT Open Source support with USB Storage, Printer And Media Server",82,.99,751,ASUS,RT-N16
9SIA0AJ3598363,NETGEAR WGR614 802.11b/g Wireless-G Broadband Router up to 54Mbps/ 10/100 Mbps Ethernet Port x4,79,.48,792,NETGEAR,WGR614
N82E16833320062,"ASUS RT-N56U Wireless Router Dual Band N600 Multimedia Ultra Slim Gigabit 802.11a/b/g/n support USB Storage, Print and Media Server",75,.64,830,ASUS,RT-N56U
N82E16833320091,"ASUS RT-N66U Dual-Band Wireless-N900 Gigabit Router, DD-WRT Open Source support, IEEE 802.11a/b/g/n, IEEE 802.3/3u/3ab",85,.99,871,ASUS,RT-N66U
9SIA5CJ1P59331,"NETGEAR WNDR3700-100NAS V.5 Wireless Gigabit Open Source Router/ USB port Rangemax 2.4/5 GHz Simultaneous N600 Dual Band IEEE 802.11a/b/g/n, IEEE 802.3/3u/3ab",139,.89,"1,040",NETGEAR,WNDR3700-100NAS
9SIA0AJ30D9659,"Linksys WRT54G Wireless-G Broadband Router IEEE 802.3/3u, IEEE 802.11b/g",77,.48,"1,364",Linksys,WRT54G
N82E16833127215,"D-Link Xtreme Gigabit Router (DIR-655) Wireless N300, USB SharePort, Gigabit",54,.99,"2,432",D-Link,DIR-655
N82E16833124190,Linksys WRT54GL 802.11b/g Wireless Broadband Router up to 54 Mbps/ Compatible with Open Source DD-WRT (not pre-load),35,.49,"4,038",Linksys,WRT54GL
