9SIA24G0U30708,KEYSPAN ER-V2 Silver RF Wireless RF Remote for Windows Vista,41,.71,0,KEYSPAN,ER-V2
9SIA7HN50K5880,Gear Head Mouse,7,.16,6,GEAR HEAD,OM3400U
9SIA4RE4RY0893,ZALMAN ZM-M500WL Black 4 Buttons 1 x Wheel USB RF Wireless Optical Mouse,20,.29,6,ZALMAN,ZM-M500WL
9SIA24G2HM7685,HP Comfort Grip Wireless Mouse,22,.52,6,HP,H2L63UT
N82E16826242003,3M EM550GPL Black USB Wireless Optical Ergonomic Mouse - Large,70,.80,6,3M,EM550GPL
9SIA7XZ3GN7030,Logitech M125 910-001830 Silver 3 Buttons 1 x Wheel USB Wired Optical Retractable Corded Mouse,129,.99,6,Logitech,910-001830
9SIACS057Y0119,ASUS ROG GX850 90-XB2Y00MU00000- Black 1 x Wheel USB Wired Laser Mouse,39,.00,6,ASUS,90-XB2Y00MU00000-
9SIA4RE40S6375,Logitech M325 910-003120 Violet 5 Buttons Tilt Wheel USB RF Wireless Optical Mouse,18,.89,6,Logitech,910-003120
9SIA4RE4W87212,Logitech Wireless Mini Mouse M187,18,.49,6,Logitech,910-002726
9SIA4RE4UJ4411,Refurbished: SteelSeries Sensei 62150 Grey 8 Buttons 1 x Wheel USB Wired Laser Gaming Mouse,60,.99,6,SteelSeries,62150
9SIAA7658B8857,inland 7347 Black 3 Buttons 1 x Wheel Bluetooth Bluetooth Wireless Optical Mouse,17,.99,6,inland,7347
N82E16826152028,Adesso HC-3003PS Desktop 1000 dpi Optical metal scroll PS/2 mouse,9,.55,6,ADESSO,HC-3003PS
9SIA67038T2963,Hot Sale!Plastic 100x65x35mm Black Wireless Optical Mouse,2,.74,6,None,None
9SIA4RE53D8308,Microsoft Sculpt Ergonomic Mouse,34,.89,6,Microsoft,L6V-00001
9SIA2W04TS1644,SHARKOON DarkGlider 000SKDGM Black 10 Buttons Tilt Wheel USB 2.0 Wired Laser Gaming Mouse,34,.95,7,SHARKOON,000SKDGM
9SIA2J24RS2419,"Perixx PERIMICE-710II W, Wireless Mouse for Laptop - 1000 DPI Optical Resolution - Elegant Rubber Painting - White",7,.99,7,Perixx,Perimice-710
9SIA2J20T24016,"Perixx PERIMICE-711, Wireless Ergonomic Mouse - 2.4G - Up to 30 Ft Operating Range - Nano Receiver - Ergonomic Right Handed Design - 1000/1600 DPI Optical Resolution - On/Off Switch",11,.99,7,Perixx,10893
9SIA24G28N5876,Kensington Pro Fit Mid-Size Mouse K72424AM Emerald Green 1 x Wheel USB RF Wireless Optical Mouse,23,.90,7,Kensington,K72424AM
9SIA4RE53D8286,Microsoft Designer Bluetooth Mouse 7N5-00001 - Black,24,.99,7,Microsoft,7N5-00001
9SIA3912EU4290,Gyration Rechargeable Wireless Air Mouse Elite GYM5600NA,71,.41,7,Gyration,GYM5600NA
9SIA4P03GA4967,Microsoft 2CF-00002 Black 3 Buttons 1 x Wheel USB RF Wireless Optical Mobile Mouse 1000,14,.99,7,Microsoft,2CF-00002
9SIA4RE4ZW6565,Refurbished: SteelSeries World of Warcraft MMO Legendary Edition 62050 Black 11 Buttons 1 x Wheel USB Wired Optical Gaming Mouse,34,.99,7,SteelSeries,62050
9SIA1N82853968,Microsoft L2 Basic Optical Mouse P58-00062 White 3 Buttons 1 x Wheel USB or PS/2 Wired Optical Mouse,14,.32,7,Microsoft,P58-00062
9SIABVK5A12419,Microsoft GMF-00030 Black 3 Buttons 1 x Wheel USB RF Wireless BlueTrack Mouse,18,.95,7,Microsoft,GMF-00030
9SIA2TN40R4778,Lenovo ThinkPad Bluetooth Laser Mouse,35,.99,7,lenovo,0A36407
9SIA24G28M4964,Kensington K72370US Black USB RF Wireless Optical Pro Fit Full Sized Mouse,28,.08,7,Kensington,K72370US
9SIA1N83WF9500,Ergoguys WP-012-BK-E Black 5 Buttons USB Wired Optical JOY Vertical Ergonomic Mouse,29,.11,7,Ergoguys,WP-012-BK-E
9SIA24G28N3492,Microsoft Wireless Mobile Mouse 3500 GMF-00010 Gray 1 x Wheel USB RF Wireless BlueTrack Mouse,14,.07,7,Microsoft,GMF-00010
9SIA9JN3W22389,Microsoft Basic Optical Mouse,11,.95,7,Microsoft,P58-00061
9SIA7XZ3E46133,Refurbished: Logitech 910-002345X Wireless Touchpad with Multi-Touch Navigation,99,.99,8,Logitech,910-002345X
N82E16826242002,3M EM500GPS 3 Buttons USB Optical Ergonomic Mouse,63,.74,8,3M,EM500GPS
9SIA1N82KJ2058,Gear Head MPT3100BLU-CP10 Wireless Optical Nano Mouse - Blue,16,.52,0,GEAR HEAD,MPT3100BLU
9SIA7HN50H1918,GEAR HEAD MP2850BLK Black USB RF Wireless Optical Mouse,12,.11,8,GEAR HEAD,MP2850BLK
N82E16826242018,Insten 1042809 Black 6 Buttons Tilt Wheel USB RF Wireless Optical Mouse Version 3,10,.92,8,Insten,1042809
9SIA24G28M6539,Kensington Pro Fit K72354US Black 2.4 GHz Wireless Mid-Size Mouse,27,.24,8,Kensington,K72354US
9SIA21U0X64877,Genius Traveler 6000Z 31030023102 Black Scroll Button USB 2.4GHz Wireless Optical Optical Mouse,17,.99,8,Genius,31030023102
9SIA1N83FN3752,V7 Full size USB Optical Mouse MV3000010-5NC Silver/Black 3 Buttons 1 x Wheel USB Wired Optical Mouse,6,.59,8,V7,MV3000010-5NC
9SIACB954S6048,Refurbished: Logitech Wireless Mouse M510 Matte Tilt Wheel USB RF Wireless Laser Mouse (910-001823),17,.95,8,Logitech,910-001823X
9SIA4RE4S36536,Logitech SBF96 Black 3 Buttons 1 x Wheel PS/2 Optical Mouse,13,.09,8,Logitech,SBF96
9SIA4RE4TJ5158,Refurbished: RAZER DeathAdder 2013 Black 5 Buttons 1 x Wheel USB Wired Optical Essential Ergonomic Gaming Mouse,34,.99,8,RAZER,None
9SIAABJ3UJ8188,Logitech M557 910-003971 Black Bluetooth Wireless Optical Mouse,31,.55,8,Logitech,910-003971
9SIAAM84KZ0830,SHARKK 5-Button 2.4G Wireless Vertical Optical Mouse w/ Ergonomic Design,19,.49,8,SHARKK,SK137G
9SIA4RE46N5900,Refurbished: Logitech M560 910-003910 Silver Tilt Wheel USB RF Wireless Mouse,31,.99,9,Logitech,910-003910
9SIA6ZP44E2979,Gyration Wireless Air Mouse GO PLUS GYM1100NA,91,.21,9,Gyration,GYM1100NA
9SIA7HN50G9881,ADESSO IMOUSE S100 Black 3 Buttons 1 x Wheel Bluetooth Bluetooth Wireless Optical Mini Mouse,21,.08,9,ADESSO,IMOUSE S100
9SIA85V3DK6646,Raptor-Gaming M3 DKT 000RAPM3D Black 6 Buttons 1 x Wheel USB Wired Optical Gaming Mouse,42,.99,9,Raptor-Gaming,000RAPM3D
N82E16826141005,Evoluent VM4L Silver/Black 1 x Wheel USB Wired Laser Vertical Mouse Left Handed,77,.49,9,Evoluent,VM4L
9SIA4RE53E0598,Microsoft Wireless Mobile Mouse3500 GMF-00176 White 3 Buttons 1 x Wheel USB RF Wireless BlueTrack Mouse,22,.99,9,Microsoft,GMF-00176
9SIA4RE4618659,New LOGITECH M570 Wireless Trackball Mouse for Laptop/PC & Mac - 910-001799,36,.99,9,Logitech,M570
9SIA24G28M4953,Microsoft 4YH-00006 White 3 Buttons 1 x Wheel USB Wired Optical Mouse,12,.84,9,Microsoft,4YH-00006
9SIA4A04MC4471,Logitech MX Anywhere 2 Wireless Mobile Mouse,56,.98,9,Logitech,910-004373
9SIA0AJ5951710,GEAR HEAD LMT3600BLK Black 1 x Wheel RF Wireless Laser Tilt Wheel Mouse,49,.95,10,GEAR HEAD,LMT3600BLK
9SIA4RE4ZT2217,Microsoft 3500 GMF-00175 Flame Red Gloss 1 x Wheel USB BlueTrack Mouse,32,.99,10,Microsoft,GMF-00175
9SIA2F84FW9932,Gear Head MPT3200RED-CP10 Wireless Optical Nano Mouse - Red,13,.87,10,GEAR HEAD,MPT3200RED
9SIA4RE40S5768,Logitech T620 910-003334 Graphite Touch Scroll USB RF Wireless Optical Mouse,45,.99,10,Logitech,910-003334
9SIA4M54TG5914,Microsoft Wireless Mobile Mouse 3500 GMF-00014 Blue 1 x Wheel USB RF Wireless BlueTrack Mouse,12,.20,10,Microsoft,GMF-00014
9SIA4RE4PR6823,"Microsoft Wireless Mobile Mouse 1850, Black (U7Z-00001)",14,.99,10,Microsoft,U7Z-00001
9SIA4RE3142607,Microsoft IntelliMouse Optical - 5 Packs,123,.49,11,Microsoft,D58-00028
9SIA73M47H2136,Kensington SlimBlade Black Tilt Wheel 2.4 GHz Wireless Laser Mouse,35,.77,11,Kensington,SlimBlade
9SIA4RE4S37426,Logitech M310 Flame Red 3 Buttons 1 x Wheel USB RF Wireless Laser Mouse,26,.99,11,Logitech,M310
9SIA2J20T19560,"Perixx PERIMICE-712R, Wireless Mouse for Laptop - Up to 2 Years Battery Life (Daily 4-8 Hours) - Nano Receiver - 4.02x2.32x1.38 Inch Dimension - 2xAA Brand Batteries - Elegant Rubber Painting - Red",14,.99,11,Perixx,11067
9SIA91J43K4020,Kensington Pro Fit K72355US Black Wired Mid-Size Mouse,16,.83,11,Kensington,K72355US
9SIAC335988661,Cherry Gentix Black 3 Buttons 1 x Wheel USB Wired Optical Illuminated Mouse,14,.99,11,Cherry,JM-0300
9SIA2J20ZE2054,"Perixx PERIMICE-513N, Wired Ergonomic Vertical Mouse - 1000/1600 DPI - Natural Ergonomic Vertical Design - Recommended with RSI User",11,.99,11,Perixx,11087
9SIA1WP0NN9998,"K-Master 3-Button, 1x Wheel, USB, 2.4 GHz Wireless Miracle Mouse  CAN-101W - OEM",2,.00,11,K-master,CAN-101W
9SIA3UN25C0890,Logitech M325 910-002967 Crimson Ribbons Tilt Wheel USB RF Wireless Optical Mouse,48,.68,12,Logitech,910-002967
9SIA1K63T99378,ASUS ROG GX1000 Eagle Eye 90-XB3B00MU000 Black/Silver 1 x Wheel USB 2.0 Wired Laser Mouse,177,.99,12,ASUS,90-XB3B00MU000
9SIA26C0P68985,A4Tech G11-570HX-1 Black 7 Buttons 1 x Wheel USB RF Wireless Mouse,24,.99,12,A4Tech,G11-570HX-1
9SIA24G28M6011,Targus PAUM01U Silver 3 Buttons 1 x Wheel USB Wired Optical Ultra Mini Retractable Mouse,19,.68,12,Targus,PAUM01U
9SIAABJ4NA6080,Logitech M185 Swift Gray 3 Buttons 1 x Wheel USB RF Wireless Mouse,14,.29,12,Logitech,M185
9SIA1N829T6220,Microsoft L2 Comfort Mouse 4500 4FD-00025 5 Buttons Tilt Wheel USB Wired BlueTrack Mouse,19,.80,12,Microsoft,4FD-00025
N82E16826193099,"Rosewill RM-D2U 4 Buttons x 1 Wheel USB Wired Optical Mouse, for Both Hands, up to 2000DPI",5,.99,12,Rosewill,RM-D2U
9SIA4RE2VR3264,RAZER Imperator Battlefield 3 Edition Black 1 x Wheel USB Wired Laser & Optical Dual Sensor Mouse,99,.99,13,RAZER,RZ01-00350300-R3M1
9SIA4RE4UJ4415,SteelSeries Sensei - Fnatic 62152 Orange / Black / White 8 Buttons 1 x Wheel USB Wired Laser Gaming Mouse,119,.99,13,SteelSeries,62152
9SIA4RE4NA7808,Logitech Wireless Mouse M525 - Red / Black,33,.49,13,Logitech,910-002697
9SIABMT4MW8011,Logitech M560 910-003880 Black Tilt Wheel USB RF Wireless Optical Mouse,33,.47,13,Logitech,910-003880
N82E16826104505,Refurbished: Logitech Anywhere MX Wireless Laser Mouse Dark Grey Glossy 910-003194X,18,.99,13,Logitech,910-003194
9SIA26C0P68976,A4Tech G10-810H Black 7 Buttons 1 x Wheel USB RF Wireless Optical PPO Multi Mode Mouse,22,.99,14,A4Tech,G10-810H
9SIA9JN4167558,SteelSeries Sensei RAW 62154 Glossy Black 8 Buttons 1 x Wheel USB Wired Laser Gaming Mouse,111,.95,14,SteelSeries,62154
9SIA4RE4UG1770,Refurbished: Logitech G700 Black 13 Buttons Tilt Wheel USB RF Wireless Laser Gaming Mouse,54,.99,14,Logitech,G700
9SIA4RE4NM4157,Logitech Wireless Mouse M525 - Navy / Grey,36,.19,14,Logitech,910-002698
9SIACCX56F2820,Microsoft PL2 ARC Touch Mouse RVF-00052 Black Touch Scroll USB RF Wireless BlueTrack Mouse,44,.99,14,Microsoft,RVF-00052
N82E16826132025,Fellowes 98905 Silver/Blue 5 Buttons 1 x Wheel USB Wired Optical HD Precision Mouse,24,.59,15,Fellowes,98905
9SIA7XZ3DT1739,Logitech MX 600 Silver / Black Tilt Wheel Cordless Laser Mouse,279,.99,15,Logitech,MX 600
9SIA9JN3T20655,Refurbished: Logitech G100s 910-003533 Black 1 x Wheel USB Wired Optical Gaming Mouse,16,.22,15,Logitech,910-003533
N82E16826104379,Logitech B120 USB Mouse - Black,12,.99,15,Logitech,B120
9SIA4RE4ZW6801,Refurbished: steelseries 62135 Black 8 Buttons 1 x Wheel USB Wired Xai Laser Mouse,44,.99,16,SteelSeries,62135
9SIA4RE4ZS1109,Refurbished: Logitech Performance Mouse MX Black Tilt Wheel USB RF Wireless Laser Mouse,54,.99,16,Logitech,None
9SIA4RE4AB0871,Refurbished: RAZER Naga 2014 Black 19 Buttons Tilt Wheel USB Wired Laser Expert MMO Gaming Mouse,43,.99,16,RAZER,None
9SIA4RE30Y7263,Microsoft Optical Wheel Mouse N71-00005 Black 3 Buttons 1 x Wheel USB or PS/2 Mouse,16,.29,17,Microsoft,N71-00005
9SIA4RE53D9765,Microsoft Arc Mouse - Red,44,.99,17,Microsoft,Arc
9SIA2J21ME1165,"Perixx PERIMICE-714, Wireless Performance Mouse - 2.4G - Nano Receiver - 2000 DPI Optical Resolution - On/Off Switch - 2xAAA Brand Batteries",9,.99,17,Perixx,11137
9SIA7XZ3GN7032,Logitech V470 White 3 Buttons Tilt Wheel Bluetooth Wireless Laser Mouse for Notebook,159,.90,18,Logitech,V470
9SIA2J20T24044,"Perixx PERIMICE-710R, Wireless Mouse for laptop - 2.4G  - Nano Receiver - 1000/1600dpi - On/Off Switch - Energizer Batteries Included - Rubber Painting Surface",8,.99,18,Perixx,Perimice-710
N82E16826242001,3M EM500GPL 3 Buttons USB Optical Ergonomic Mouse,54,.30,18,3M,EM500GPL
9SIA4RE3038710,Microsoft Wheel Mouse Optical 1.1A - White,19,.39,18,Microsoft,D66-00034S
N82E16826104928,Refurbished: Logitech G700s 910-003584 Wired / Wireless Laser Rechargeable Gaming Mouse,41,.99,18,Logitech,910-003584
9SIA24G2U48637,HP KY619AA#ABA Black 3 Buttons 1 x Wheel USB Wired Optical Mouse,12,.72,19,HP,KY619AA#ABA
9SIACB954S5795,Refurbished: Logitech G500S 910-003602 10 Buttons 1 x Wheel USB Wired Laser Gaming Mouse,39,.99,19,Logitech,910-003602
9SIA4P03HB2718,Microsoft L2 Sculpt Touch Mouse 6PL-00003 Gray 3 Buttons Touch Scroll Bluetooth Wireless BlueTrack Mouse,24,.99,19,Microsoft,6PL-00003
N82E16826105646,Microsoft Sculpt Comfort Mouse H3S-00003 Black Tilt Wheel Bluetooth Wireless BlueTrack Mouse,34,.63,19,Microsoft,H3S-00003
9SIA0AJ2GM4738,HP X4000b H3T51AA#ABC Matte Black 3 Buttons 1 x Wheel Bluetooth Wireless Laser Mouse,94,.95,20,HP,H3T51AA#ABC
9SIA2J20T19559,"Perixx PERIMICE-712B, Wireless Mouse for Laptop - Up to 2 Years Battery Life (Daily 4-8 Hours) - Nano Receiver - 4.02x2.32x1.38 Inch Dimension - 2xAA Brand Batteries - Elegant Rubber Painting - Black",14,.99,20,Perixx,10843
9SIA4RE4Z45559,Kensington Pro Fit Full-Size Mouse K72369US Black 1 x Wheel USB or PS/2 Wired Optical Mouse,18,.19,21,Kensington,K72369US
9SIA4RE4UW0339,Refurbished: Logitech Call of Duty: MW3 Edition G9X (910-002764) Black Tilt Wheel USB Wired Laser Gaming Mouse,139,.99,22,Logitech,G9X (910-002764)
N82E16826608006,Orange MOUW2020TB Black 5 Buttons 1 x Wheel USB RF Wireless Optical Mouse,9,.49,23,Orange,MOUW2020TB
9SIA7XZ2RS4230,Microsoft Trackball Explorer D68-00007 2-Tone 5 Buttons 1x Wheel + 1x TrackBall USB or PS/2 TrackBall TrackBall,699,.99,23,Microsoft,D68-00007
N82E16826125162,Kensington  K72352US Black RF Wireless Orbit Mobile Trackball,42,.89,23,Kensington,K72352US
9SIA24G3RH4905,Evoluent VM4R Silver/Black 1 x Wheel USB Wired Laser Vertical Mouse,,,24,Evoluent,VM4R
9SIA4RE2VJ9767,RAZER KRAIT RZ01-00110100-R2M1 Black 3 Buttons 1 x Wheel USB Wired Optical Mouse,99,.99,24,RAZER,RZ01-00110100-R2M1
9SIA4RE4ZT0854,Microsoft Optical Mouse 200 for Business White 3 Buttons 1 x Wheel USB Wired,24,.99,25,Microsoft,Optical Mouse 200 for Business
9SIAA7658B8682,inland 07233 Black 3 Buttons 1 x Wheel USB Wired Optical Mouse,7,.52,26,inland,07233
9SIA0AJ2EM9894,Razer Spectre StarCraft II Heart of The Swarm Gaming Mouse,147,.95,26,RAZER,RZ01-00430100-R3M2
9SIA1N82853897,Microsoft Compact Optical Mouse 500,12,.20,26,Microsoft,U81-00009
9SIA6ZP4VE3450,3Dconnexion 3DX-700028 Silver/Black 2 Buttons USB Optical SpaceNavigator SE,113,.29,27,3Dconnexion,3DX-700028
9SIA4RE2YT1976,Logitech RX250 Black 3 Buttons Tilt Wheel USB or PS/2 Wired Optical Mouse,24,.99,28,Logitech,RX250
9SIA9KW4GP2977,Microsoft Arc Touch Mouse RVF-00001 Black 2 Buttons Touch Scroll USB RF Wireless BlueTrack Mouse,56,.79,28,Microsoft,RVF-00001
9SIA91J4430679,Microsoft Comfort Mouse 4500 for Business Black 5 Buttons Tilt Wheel USB Wired BlueTrack,19,.01,28,Microsoft,4EH-00004
9SIA85V3563397,Kensington Pro Fit K72405US Black 1 x Wheel USB RF Wireless Optical Mid-Size Wireless Mouse,23,.76,29,Kensington,K72405US
9SIA6FR5754674,V7 M30P20-7N Black 3 Buttons 1 x Wheel PS/2 Wired Optical Mouse,7,.84,29,V7,M30P20-7N
9SIAB2748G5663,"Logitech M325 RF Wireless Optical 1000dpi Mouse, Black, 910-002974",18,.79,29,Logitech,910-002974
9SIA4M542H3178,IOGEAR GME222A 2-Tone 3 Buttons 1 x Wheel USB Wired Optical Mini Mouse,9,.25,30,IOGEAR,GME222A
N82E16826794006,SHARKOON FireGlider 000SKFG Black 7 Buttons 1 x Wheel USB Wired Laser Gaming Mouse,38,.01,30,SHARKOON,000SKFG
9SIABMT4HR3064,Logitech MX Master Wireless Mouse,78,.97,30,Logitech,910-004337
9SIA4RE53E0577,Microsoft Mobile Mouse 3500 5RH-00003 Black for Business,20,.89,31,Microsoft,5RH-00003
9SIA9JN3W22388,Microsoft 4YH-00005 Black 3 Buttons 1 x Wheel USB Wired Optical Mouse,11,.05,31,Microsoft,4YH-00005
9SIA7XZ3919283,Microsoft TrackBall Optical D67-00001 Black 5 Buttons 1x Wheel + 1x TrackBall USB or PS/2 TrackBall Mouse,599,.00,33,Microsoft,D67-00001
N82E16826193070,"Rosewill RM-P2U Mouse-3 Buttons, 1 x Wheel, USB Wired, Optical, 800 dpi",4,.99,33,Rosewill,RM-P2U
9SIA4M55240018,ZALMAN ZM-M200 Black 5 Buttons 1 x Wheel USB Wired Optical Mouse,9,.99,35,ZALMAN,ZM-M200
9SIA7XZ3987075,Microsoft Wireless Notebook Presenter Mouse 8000 - Bluetooth,229,.99,37,Microsoft,9DR-00001
9SIA4RE2CZ2351,Logitech T650 910-003057 1 x Wheel USB RF Wireless Touchpad,79,.99,37,Logitech,910-003057
9SIA4M55237151,ZALMAN ZM-M100 Black 3 Buttons 1 x Wheel USB Wired Optical Mouse,9,.83,38,ZALMAN,ZM-M100
N82E16826140057,Connectland CL-MOU23014 Black 1 x Wheel Bluetooth Wireless Optical Mouse,18,.98,38,Connectland,CL-MOU23014
9SIA2F83372539,Kensington SlimBlade 72327 (K72327US) Scroll Ball USB Wired Laser Mouse,98,.47,39,Kensington,72327 (K72327US)
9SIA4RE4TF1549,RAZER Star Wars: The Old Republic RZ01-00650100-R3M1 Black 17 Buttons 1 x Wheel Wired / Wireless Star Wars: The Old Republic Gaming Mouse,649,.99,39,RAZER,RZ01-00650100-R3M1
9SIABVK4N09001,Microsoft Touch Mouse 3KJ-00001 Black Touch Scroll USB RF Wireless BlueTrack,21,.95,42,Microsoft,3KJ-00001
9SIA1N829T6226,Microsoft Wireless Mobile Mouse 4000 - Graphite,23,.22,42,Microsoft,D5D-00001
9SIA7XZ39J1103,Microsoft 4CH-00012 Aluminium 5 Buttons 1 x Wheel USB Bluetooth Wireless Laser Mouse 8000,179,.99,43,Microsoft,4CH-00012
9SIA7XZ3PW4402,Microsoft Wireless Mobile Mouse 6000,269,.99,43,Microsoft,MHC-00001
9SIA4RE3038482,Microsoft D66-00044 White 3 Buttons 1 x Wheel USB or PS/2 Optical Optical Wheel Mouse 1.1a,18,.99,43,Microsoft,D66-00044
9SIA4RE4SB0186,Refurbished: Logitech M705 910-001935X Black 8 Buttons 1 x Wheel USB RF Wireless Laser Marathon Mouse,26,.90,50,Logitech,910-001935X
9SIA4RE59X5793,Microsoft Natural Wireless Laser Mouse 6000,149,.99,50,Microsoft,69K-00001
9SIA24G2NU3544,GIGABYTE GM-M5050 Glossy Black 1 x Wheel USB Wired Optical Curvey Mouse,8,.09,50,GIGABYTE,GM-M5050
9SIA4RE4TA8826,RAZER Lachesis Phantom White 9 Buttons 1 x Wheel USB Wired Laser Gaming Mouse,129,.59,51,RAZER,Lachesis
9SIA4A03YK3316,Refurbished: Logitech Anywhere Mouse MX 910-002896X Black 5 Buttons Tilt Wheel USB RF Wireless Laser Mouse,24,.49,52,Logitech,910-002896X
9SIA4RE38E5766,Microsoft IntelliMouse Optical,22,.49,55,Microsoft,D58-00026
9SIA4RE4S37470,Logitech M310 Peacock Blue 3 Buttons 1 x Wheel USB RF Wireless Laser Mouse,22,.39,56,Logitech,M310
9SIA4RE2AW8464,Logitech G500S 910-003602 10 Buttons 1 x Wheel USB Wired Laser Gaming Mouse,54,.89,56,Logitech,910-003602
9SIA4RE44D6082,Refurbished: Logitech M510 Gray Wireless Laser Mouse (910-001822),19,.99,58,Logitech,910-001822X
9SIA24G28M5956,ZALMAN ZM-M300 Black 7 Buttons 1 x Wheel USB Wired Optical Mouse,11,.49,59,ZALMAN,ZM-M300
9SIA7XZ2RU3073,Logitech MX 1100 Black Tilt Wheel 2.4 GHz Cordless Laser Mouse,349,.99,60,Logitech,MX 1100
9SIAA7858C8614,Logitech Wireless Anywhere Mouse MX for PC and Mac,34,.98,60,Logitech,910-002896
9SIA1N82853963,Logitech M310 910-001675 Silver 3 Buttons 1 x Wheel USB RF Wireless Laser Mouse,26,.66,66,Logitech,910-001675
9SIA4RE53D9767,Microsoft Arc Mouse - Black,59,.99,67,Microsoft,Arc
9SIA4RE2SX1293,Microsoft IntelliMouse Explorer 3.0,23,.79,67,Microsoft,B75-00113
9SIA7HN5AC8618,V7 M30P10-7N Black 3 Buttons 1 x Wheel USB Wired Optical Mouse,8,.28,67,V7,M30P10-7N
9SIA2F83374070,Kensington K72356US Black 3 Buttons 1 x Wheel USB Wired Optical Mouse,10,.98,70,Kensington,K72356US
9SIA24G28M6983,Microsoft Wireless Mobile Mouse 4000 for Business Black 4 Buttons Tilt Wheel USB 2.4 GHz RF BlueTrack,23,.00,71,Microsoft,4DH-00001
9SIA4RE4TF1984,RAZER Lachesis Black 9 Buttons 1 x Wheel USB Wired Laser Mouse,999,.99,74,RAZER,RZ01-00170500-R3U1
9SIAC6B5AP3626,Refurbished: Logitech M570 910-001799X Black 5 Buttons 1 x Wheel USB RF Wireless Laser Trackball,22,.99,75,Logitech,910-001799X
9SIA7XZ39V5486,Logitech G7 Black 6 Buttons Tilt Wheel RF Wireless Laser Mouse,299,.99,86,Logitech,G7
9SIA24G28M4467,GIGABYTE M7700B GM-M7700B Noble Black 1 x Wheel Bluetooth Wireless Laser Mouse,26,.06,87,GIGABYTE,GM-M7700B
9SIA7XZ3VM6327,Logitech MX Air Silver/Black 8 Buttons 2.4 GHz Cordless Laser Rechargeable Air Mouse,399,.99,91,Logitech,MX Air
N82E16826193042,Rosewill RM-C2U Black 3 Buttons 1 x Wheel USB Wired Optical Mouse,3,.99,91,Rosewill,RM-C2U
9SIA4RE4400267,Logitech M100 910-001601 Black 3 Buttons 1 x Wheel USB Wired Optical Mouse,9,.79,93,Logitech,910-001601
N82E16826125107,Kensington Orbit K72337 Black Wired Optical Trackball,27,.99,96,Kensington,K72337US
9SIA4RE4RN4129,Pixxo MD-W1G5 Black 1 x Wheel 2.4GHz Wireless Laser Mouse,19,.95,101,Pixxo,MD-W1G5
N82E16826125019,Kensington Orbit K64327F Silver 2 Buttons Scroll Ball USB Wired Optical Trackball,31,.04,110,Kensington,K64327F
N82E16826104370,Logitech Optical USB Mouse B100 (910-001439) Black 3 Buttons 1 x Wheel USB Wired Optical Mouse,9,.99,111,Logitech,B100 (910-001439)
9SIA4RE4TJ9542,Razer Naga MMO PC Gaming Mouse,187,.99,146,RAZER,RZ01-00580100-R3U1
9SIA4RE2AN9252,Logitech G300 Black/Gray 9 Buttons 1 x Wheel USB Wired Optical Gaming Mouse,31,.39,169,Logitech,G300
9SIA4RE4188875,Kensington K64325 Expert Trackball Mouse,87,.99,169,Kensington,K64325
9SIA4RE2CY9895,Logitech M500 Tilt Wheel USB Corded Laser Mouse,26,.79,176,Logitech,M500
9SIA7XZ39V0349,Logitech Black/Silver Cordless Optical TrackMan,599,.99,179,Logitech,904369-0403
9SIA4RE44D5938,"Logitech Trackman Marble Mouse, Four-Button, Programmable, Dark Gray",26,.99,179,Logitech,910-000806
9SIABMT4HR3227,Logitech M705 Black 1 x Wheel USB RF Wireless Laser Marathon Mouse,29,.47,257,Logitech,M705
9SIA13X4B15685,Logitech M510 Wireless mouse - Black,22,.99,273,Logitech,910-001822
9SIA9KW4E76349,Microsoft IntelliMouse Optical 1.1A - White,25,.99,304,Microsoft,D58-00041
9SIA9KW3H99625,Logitech G400 Black 8 Buttons 1 x Wheel USB Wired Optical Gaming Mouse,58,.49,326,Logitech,G400
9SIA4RE4TA8667,RAZER Lachesis Banshee Blue 9 Buttons 1 x Wheel USB Wired Laser Gaming Mouse,129,.99,335,RAZER,Lachesis
9SIA7XZ3987074,Logitech MX310 6 Buttons 1 x Wheel USB or PS/2 Wired Optical Mouse,159,.99,341,Logitech,MX310
9SIA4RE2CZ2359,Razer Naga Molten MMO PC Gaming Mouse,239,.59,435,RAZER,RZ01-00280500-R3M1
9SIA4RE31X1468,Microsoft Wheel Mouse Optical,15,.99,449,Microsoft,N71-00007S
9SIA4RE4W32848,RAZER Naga Black USB Wired Laser Massively Multiplayer Online Gaming Mouse,249,.99,484,RAZER,Naga
9SIA4RE3RS6316,Logitech M570 910-001799 Black 1 x Wheel USB RF Wireless Laser Trackball,30,.39,496,Logitech,910-001799
9SIA4P034J4806,Logitech Performance Mouse MX 910-001105 Black 9 Buttons Tilt Wheel USB RF Wireless Laser (Darkfield) Mouse,59,.99,517,Logitech,910-001105
9SIA4RE2AW8482,Logitech G700 Black 13 Buttons Tilt Wheel USB RF Wireless Laser Gaming Mouse,78,.49,546,Logitech,G700
9SIA4RE2X62744,RAZER Razer DeathAdder Optical PC Gaming Mouse DeathAdder Black 5 Buttons 1 x Wheel USB Wired Optical Precision Optical Gaming Mouse - 3.5G Infrared Sensor,25,.79,755,RAZER,DeathAdder
9SIA7XZ4RE3063,Logitech G9x Black Two modes scroll USB Wired Laser Gaming Mouse,289,.99,965,Logitech,G9x
9SIA7XZ4RE3096,Logitech G5 7 Buttons Tilt Wheel USB Wired Laser Mouse,399,.99,"1,077",Logitech,G5
9SIA7XZ4RP2841,Logitech G5 2-Tone 6 Buttons 1 x Wheel USB Wired Laser Mouse,279,.99,"1,283",Logitech,G5
9SIA9JN4N30582,Logitech G500 Black Chrome 10 Buttons Dual-mode Scroll Wheel USB Wired Laser Gaming Mouse,120,.99,"1,844",Logitech,G500
