N82E16823109148,Microsoft Natural Ergonomic Keyboard 4000,34,.99,913,Microsoft,B2M-00012
N82E16823126195,Logitech MK550 2.4Ghz Wireless Wave Keyboard and Mouse Combo - Black,44,.99,237,Logitech,920-002555
N82E16823839013,AZIO KB505U Black USB Wired Standard Large Print 3 Color Backlit Keyboard,29,.99,238,AZIO,KB505U
N82E16823126194,Logitech K800 2.4GHz Wireless Slim Illuminated Keyboard - Black,74,.99,316,Logitech,K800
9SIA7XZ3919182,Logitech diNovo Edge 2-Tone Bluetooth Wireless Mini Keyboard,699,.00,326,Logitech,diNovo Edge
N82E16823126097,Logitech MK120 Wired USB Keyboard and Mouse - Black,14,.99,382,Logitech,920-002565
9SIA9JN3FR9180,Logitech Wireless Combo MK260 920-002950 Black USB RF Wireless Standard Keyboard and Mouse,36,.99,383,Logitech,920-002950
9SIA6S02R19984,Logitech K400 2.4GHz Wireless Touch Keyboard,32,.99,391,Logitech,K400 (920-003070)
N82E16823126043,Logitech K740 Illuminated USB Keyboard,59,.99,807,Logitech,920-000914
9SIAAMR3Z63235,Logitech Wireless Combo MK270 920-004536 Black USB 2.0 RF Wireless Ergonomic Keyboard & Mouse,23,.50,140,Logitech,920-004536
N82E16823109077,Microsoft Wired Keyboard 600 ANB-00001 Black USB Wired Standard Keyboard,17,.71,159,Microsoft,ANB-00001
N82E16823126199,Logitech K750 2.4GHz Wireless Solar Powered Keyboard - Black,54,.99,162,Logitech,920-002912
N82E16823126192,Logitech MK520 2.4GHz Wireless Keyboard and Mouse Combo - Black,34,.99,176,Logitech,920-002553
N82E16823126208,Refurbished: Logitech MK550 K920-002555X Black USB RF Wireless Wave Combo (K350 + M510),27,.99,179,Logitech,K920-002555X
N82E16823126315,Refurbished: Logitech K400 Wireless Touch Keyboard with Built-In Touchpad for Internet Connected TV's,17,.99,210,Logitech,920-003070
9SIACNF5528104,HP Elite v2 Keyboard,29,.99,16,HP,v2
9SIA1PC4A20592,i-rocks BT-6460-BK Black Bluetooth Wireless Slim and Compact Mobile Keyboard,19,.95,5,i-rocks,BT-6460-BK
9SIA9KW4HE9933,Rapoo E9070 Black USB RF Wireless Slim Keyboard,32,.39,5,Rapoo,E9070
9SIA26C0X73493,AVS Gear W9870 USB Wired Slim Large Print LED Keyboard,39,.99,5,AVS Gear,W9870
9SIA2F83UR2002,"Adesso AKB-110EB SlimTouch 3 RGB colors illuminated Mini USB keyboard with multimedia hot keys, 2X large print keycap",34,.65,5,ADESSO,AKB-110EB
9SIACGN54Z4989,Refurbished: Logitech MK710 2.4GHz Wireless Keyboard and Mouse Combo - Black,37,.99,5,Logitech,920-002416
9SIAC6B4WR6223,Microsoft Wired Desktop 400 for Business 5MH-00023 Black USB Wired Standard Keyboard & Mouse - English,23,.95,5,Microsoft,5MH-00023
9SIA2F83K81624,Adesso AKB-440UB SlimTouch USB Full size Touchpad keyboard (glazing black color),49,.90,5,ADESSO,AKB-440UB
N82E16823126356,Logitech MX800 920-006237 Black USB RF Wireless Standard Performance Combo - Black,139,.99,5,Logitech,920-006237
9SIA2F83UR2223,SEAL SHIELD S103 Black USB Wired SILVER SURF Multimedia Keyboard - Dishwasher Safe & Antimicrobial,39,.00,5,SEAL SHIELD,S103
9SIA00Y51N3416,MICRO INNOVATIONS 4270100 Black USB RF Wireless Keyboard and Mouse,22,.43,6,MICRO INNOVATIONS,4270100
9SIA1GK0RJ5534,iPazzPort 3D Gyroscope Fly Air Mouse Mini Wireless Handheld Keyboard for Andriod TV&PC,20,.99,6,TOMTOP,KP-810-16A
9SIA1N82KJ2732,KeyTronic E06101P1 Beige PS/2 See Details Standard Keyboard,18,.10,6,KeyTronic,E06101P1
9SIA4M53SN6333,"SolidTek KBP-3100BU Black USB Wired Super Mini 4"" x 9"" Keyboard",34,.03,6,SolidTek,KBP-3100BU
9SIA4RE53E0540,Microsoft Digital Media Keyboard 3000,49,.99,6,Microsoft,J93-00001
9SIA2F83SR9977,"Adesso WKB-4400UB SlimTouch 2.4 GHz RF wireless Full Size Keyboard with Touchpad on right  side, mini USB receiver and receiver pocket (glazing black color)",77,.58,6,ADESSO,WKB-4400UB
9SIA1N82853959,Gear Head KB5850W Wireless Keyboard and Optical Mouse,25,.62,6,GEAR HEAD,KB5850W
9SIA1GK0D53795,2.4G Rii Mini i8 Wireless Keyboard with Touchpad for PC Pad Google Andriod TV Box,15,.88,6,None,None
9SIAAAW5452136,DELL KM632 469-2458 Black USB RF Wireless Standard Keyboard and Mouse,85,.00,6,DELL,469-2458
9SIA1N82KJ2787,Lenovo 73P2620 Black USB Wired Standard Enhanced Performance Keyboard,40,.46,6,Lenovo,73P2620
9SIA4M52YX8358,IOGEAR 2.4GHz Wireless Compact Keyboard with Optical Trackball and Scroll Wheel (French) GKM681RW4 Black USB RF Wireless Mini Keyboard,35,.72,0,IOGEAR,GKM681RW4
N82E16823830006,Das Keyboard Model S Professional For Mac DASK3PROMS1MACCL Black USB Wired Standard Keyboard,133,.00,6,Das Keyboard,DASK3PROMS1MACCL
9SIA1UH3YJ7222,Ergoguys CD-1038 Black USB Wired Ergonomic Ezsee Low Vision Keyboard Large Print Yellow Keys,31,.40,6,Ergoguys,CD-1038
9SIAA7658B8660,inland 70126 Black USB Wired Standard Keyboard / Mouse Combo,15,.54,6,inland,70126
9SIA1GK0TS7891,TOMTOP Seenda Mini Portable Wireless Bluetooth 3.0 Keyboard with Mouse Touchpad for Windows Android iOS - IS11-BT05 Black,22,.99,6,None,None
9SIABVK4KF6961,Microsoft PL2 Wedge Mobile Keyboard U6R-00001 Bluetooth Wireless Mini Keyboard,39,.95,6,Microsoft,U6R-00001
N82E16823217020,GEAR HEAD KB1700U Black USB Wired Mini Keyboard,14,.50,6,GEAR HEAD,KB1700U
N82E16823233009,"Orange KBC118UBK Business Standard  Keyboard - Black, 104 Normal Keys, USB, Spill Resistant Keyboard",7,.99,6,Orange,KBC118UBK
9SIAC6B55P9550,Refurbished: Logitech G19 Black USB Wired Standard Keyboard for Gaming,119,.99,7,Logitech,G19
N82E16823131072,KeyTronic E06101P2 Black PS/2 See Details Standard Keyboard,17,.05,7,KeyTronic,E06101P2
9SIA1UH3Y36417,KeyTronic E06101U2 Black USB Wired Standard Keyboard,22,.47,7,KeyTronic,E06101U2
9SIA0ZX2CB0059,SolidTek KB-595BP Black PS/2 Wired Mini Keyboard,37,.79,7,SolidTek,KB-595BP
9SIA4M552G9284,KeyTronic E03600P2 Black PS/2 Wired Standard Keyboard,32,.47,7,KeyTronic,E03600P2
9SIA4HG1MJ5927,HausBell 2.4G Mini WTouchpad for PC Notebook Android TV Box HTPC,26,.38,7,HausBell,519752176807
9SIA1UH4N10971,i-rocks IRK01BN-BK Black Bluetooth Wireless Slim Keyboard with Chiclet-like Key Shape,37,.47,7,i-rocks,IRK01BN-BK
9SIA4RE3ZT9008,Refurbished: Logitech MK750 Wireless Solar Keyboard & Marathon Mouse Combo,69,.99,7,Logitech,920-004861X
9SIA1PK1Y57566,Hisgadget Ultra Portable Rechargeable Mini Wireless Bluetooth Keyboard with Mouse Touchpad Backlight for Android 3.0 + Tablets / Mac OS / Windows /  iPad 2 3 4 5 / iPad Mini / PS3 & HTPC/IPTV HTPC,25,.99,7,None,None
9SIA1YH2FT1677,SolidTek KB-595BP Black PS/2 Wired Mini Keyboard,34,.98,7,SolidTek,KB-595BP
9SIA2J20T25113,"Perixx PERIBOARD-512W, Ergonomic Split Keyboard - White - Wired USB Interface - Natural Ergonomic Design - Recommended with Repetitive Strain Injuries RSI User - US English Layout",39,.99,7,Perixx,10927
9SIA4M531W2411,Targus PAUK10U Black USB Wired Numeric Keypad with USB Hub,21,.19,0,Targus,PAUK10U
9SIAB274YM8877,Logitech K400+ Wireless Touch Keyboard with Built-In Touchpad for Internet Connected TV’s,32,.49,7,Logitech,920-007119
9SIA4RE4UG1799,Rii mini X1 Handheld 2.4G Wireless Keyboard Touchpad Mouse for PC Notebook Smart TV,24,.99,8,TOMOTOP,519752242120
9SIA1YH1GV5047,KeyTronic CLASSIC-P2 Black PS/2 Wired Standard Keyboard,28,.08,8,KeyTronic,CLASSIC-P2
9SIA2F83K84760,SEAL SHIELD SSF106 Black USB Wired Slim SEAL FLEX Silicone Keyboard - Dishwasher Safe,29,.17,8,SEAL SHIELD,SSF106
9SIA2F83K82435,Kensington Pro Fit K64407US Black USB or PS/2 Wired Standard Washable Keyboard,28,.12,8,Kensington,K64407US
9SIA85V4133844,Macally - iKEYSLIM COMBO (IKEY5COMBO),47,.99,8,macally,IKEY5COMBO
9SIA2J20TS7932,"Perixx PERIDUO-303W, Wired Keyboard and Mouse Combo Set - USB - Compact Size 15.32""x5.59""x0.98"" Dimension - Built-in Numeric Keypad - Piano White Finish - Chiclet Key Design",19,.99,8,Perixx,10699
9SIA2J20T25112,"Perixx PERIBOARD-512B, Ergonomic Split Keyboard - Black - Wired USB Interface - Natural Ergonomic Design - Recommended with Repetitive Strain Injuries RSI User - US English Layout",39,.99,8,Perixx,10925
N82E16823166016,Adesso ACK-595UB Mini USB Keyboard (Black),35,.44,9,ADESSO,ACK-595UB
9SIA4461HC2877,SolidTek KB-540BU Black USB Wired Mini Keyboard with TouchPad,60,.00,9,SolidTek,KB-540BU
9SIA4M54SA1865,KeyTronic E03601P2 Black PS/2 Wired Standard Keyboard,32,.50,9,KeyTronic,E03601P2
9SIA1N82853424,Lenovo Preferred Pro Business Black USB Wired Standard Keyboard - US English,30,.79,9,Lenovo,Preferred Pro
9SIA85V3N85384,SYBA CL-USB-NUMSPC Black USB Numeric Keypad with space bar,25,.16,9,SYBA,CL-USB-NUMSPC
9SIA0AJ36S8733,Microsoft Keyboard 400 7YH-00001 Black USB Wired Keyboard,59,.48,9,Microsoft,7YH-00001
9SIA9KW3G70567,Logitech MK100 Black PS/2 Wired Slim Classic Desktop,26,.99,9,Logitech,MK100
9SIA1N82EN8243,Verbatim 97472 Black USB RF Wireless Mini Keyboard and Mouse,35,.38,9,Verbatim,97472
9SIAAEE50P2851,DELL KB212-B 469-2457 Black USB Wired Ergonomic Keyboard,29,.00,9,DELL,469-2457
9SIA0SD4TJ7964,Kensington K72407US Pro Fit Wired Media Keyboard,22,.60,9,Kensington,K72407US
9SIA3912D91007,SMK-LINK VP6364 Black USB RF Wireless Ultra-Mini Touchpad Keyboard,60,.92,0,SMK-LINK,VP6364
9SIA1N85349574,i-rocks KR-6402-WH White USB Wired Slim Aluminum X-Slim Keyboard for PC,42,.17,9,i-rocks,KR-6402-WH
N82E16823830012,Das Keyboard 4 Professional Soft Tactile MX Brown Mechanical Keyboard,173,.00,9,Das Keyboard,DASK4MKPROSIL
N82E16823109352,Microsoft All-in-One Media Keyboard (N9Z-00001),33,.99,9,Microsoft,N9Z-00001
9SIA4M52YX7642,SIIG JK-WR0812-S1 Black USB RF Wireless Slim Multimedia Keyboard & Mouse,32,.96,0,SIIG,JK-WR0812-S1
9SIA2J20TS7938,"Perixx PERIDUO-707W PLUS, Wireless Mini Keyboard and Mouse Combo - Piano White - 12.60""x5.55""x0.98"" Dimension - Brand Batteries Included - 128 Bit AES Encryption",26,.99,10,Perixx,10905
9SIA4RE1W89592,"CORN Black & Blue Keyboard & Mouse With RF 2.4GHZ Wireless Connection, Mute Button Design, Water-Proof Design, Ultra-thin and Power Saving Design",29,.99,10,Corn Electronics,DZ-JS-004
9SIA1UH3K18438,Adesso AKB-430UG WinTouch Pro USB full size multimedia touchpad keyboard (Dark Grey/Black),44,.15,10,ADESSO,AKB-430UG
9SIA1N834G9455,Verbatim 96983 Piano Black 2.4 GHz Wireless Slim Keyboard and Mouse,32,.08,10,Verbatim,96983
9SIA0AJ4V66261,Saitek Eclipse II PK02U Silver & Black USB Wired Keyboard,149,.89,10,Saitek,PK02U
9SIA4RE4153789,Logitech K750 2.4GHz Wireless Solar Powered Keyboard - Black,69,.99,10,Logitech,920-003471
9SIAABJ3UK5788,Logitech RF Wireless Combo MK240 12 Function Keys 2.4GHz 1000DPI Both Hands Spill-resitant Keyboard and Mouse-Black/White,35,.79,10,Logitech,Logitech-MK240
9SIA6BM2MV9547,Viotek Hawkpeck Wireless 2.4GHz 7-Button 2000DPI Optical Mouse and Multimedia Keyboard w/ Highlighted WASD Keys,24,.99,10,Viotek,VT-KW-10C
1JF-000M-00002,HP LV290AA#ABA Wireless Classic Desktop Keyboard with Mouse,23,.00,10,HP,LV290AA#ABA
9SIA0AJ28U5161,Macally - iKEYSLIM (IKEY5),159,.95,11,macally,IKEY5
9SIA2F758A3421,KeyScan Imaging Keyboard Scanner KS810-P Black USB Wired Standard Keyboard with built in USB 2.0 Hub and Integrated Color Document Scanner,163,.29,11,KeyScan,KS810-P
9SIA2F83UR1734,Adesso ACK-540PB MiniTouch PS/2 Mini Keyboard with touchpad (Black),50,.80,11,ADESSO,ACK-540PB
9SIA2F83UR1588,Adesso WKB-4000UB SlimTouch 2.4 GHz RF Wireless Mini Keyboard with Touchpad with min USB receiver and receiver pocket (Black),64,.63,11,ADESSO,WKB-4000UB
9SIA6ZP3KP4782,GEAR HEAD KB2500U Black USB Slim Keyboard,9,.83,11,GEAR HEAD,KB2500U
9SIA4RE4UG1800,"Rii Mini Wireless Bluetooth Keyboard with Touchpad Presenter For iPad 2 PC MAC iPhone PS3, Laser-Pointer with Remote Control Function",42,.49,11,Riitek,RT-MWK02
9SIA85V3DK6679,LOGISYS Computer Streamline Character-illuminated White LED Keyboard KB209WT Black USB Wired Standard Keyboard,42,.99,11,LOGISYS Computer,KB209WT
N82E16823166080,Adesso PCK-308UB TruForm Pro USB Ergonomic Contoured Multimedia Touchpad Keyboard (Black),61,.99,11,ADESSO,PCK-308UB
9SIA4RE2CY9898,Logitech Wireless All-in-One Keyboard TK820 920-005108 USB RF Wireless Slim Keyboard with Built-in Touch Pad,89,.99,11,Logitech,920-005108
9SIA2J20T28675,"Perixx PERIBOARD-716II, Wireless Keyboard with Touchpad - Large Touchpad - Multi-Touch Touchpad - US English Layout",19,.99,12,Perixx,10948
9SIA00Y4533931,Gyration GYM1100CKNA 2.4GHz RF Air Mouse GO Plus w/MotionSense and Compact Keyboard Suite,111,.16,12,Gyration,GYM1100CKNA
9SIA1N82KJ3715,GEAR HEAD KB3750W Black USB RF Wireless Mini Keyboard and Mouse,26,.01,12,GEAR HEAD,KB3750W
0GA-0001-001N1,Logitech Wireless Combo MK345 with Full-Size Keyboard and Right-Handed Mouse,29,.99,12,Logitech,920-006481
9SIA7XZ3920199,Microsoft WTA-00001 Black/Silver 2.4 GHz Wireless Ergonomic Natural Desktop 7000,799,.99,13,Microsoft,WTA-00001
N82E16823204025,i-rocks RF-6577L-BK Black USB RF Wireless Slim Keyboard,45,.13,13,i-rocks,RF-6577L-BK
9SIA0AJ2ST8655,Microsoft 2WJ-00002 Black USB RF Wireless Standard Wireless Keyboard 2000 AES for Business,119,.48,14,Microsoft,2WJ-00002
9SIA4M55243067,inland 70119 Black RF Wireless Standard Mouse Keyboard Combo Set,22,.09,14,inland,70119
9SIA2J20T24806,"Perixx PERIBOARD-311PLUS, Illuminated Ultrathin Keyboard - 17.56""x6.27""x0.77"" Full Size - Build-in One Extra USB Hub - White LED Backlit - Silent X Type Keys with Chiclet Design - US English Layout",29,.99,14,Perixx,10963
N82E16823109350,Microsoft Sculpt Comfort Desktop,65,.02,14,Microsoft,L3V-00001
N82E16823126243,Refurbished: Logitech MK320 (920-002836) Black USB RF Wireless Standard Desktop,19,.99,14,Logitech,MK320 (920-002836)
9SIA2F83K83403,Adesso AKB-901 Mini USB Keyboard with PS/2 Adapter (Silver / Black),24,.51,15,ADESSO,AKB-901
N82E16823204021,i-rocks RF-6572L-WH White Wireless Slim Keyboard and Laser Mouse Set,45,.99,15,i-rocks,RF-6572L-WH
9SIA00Y4533946,Gyration GYM1100FKNA 2.4GHz RF Air Mouse GO Plus w/ Full Size Keyboard,116,.44,15,Gyration,GYM1100FKNA
9SIA4P045Z2356,Fellowes Microban Split Design Keyboard 98915 Black USB Wired Ergonomic Keyboard,40,.89,15,Fellowes,98915
9SIA6S02R41504,Logitech Wireless Touch Keyboard k400 with Built-in Multi-Touch Touchpad,229,.99,16,Logitech,920-005878
9SIAB2745K2807,Adesso ACK-595PB Mini PS/2 Keyboard (Black),38,.87,17,ADESSO,ACK-595PB
9SIA1N82KJ2725,KeyTronic E03600U2 Black USB Wired Standard Keyboard,24,.85,17,KeyTronic,E03600U2
9SIA3912D86754,APEVIA KIS-COMBO-SV Silver/Black PS/2 Wired Standard Keyboard Scroll Mouse and Dual Speaker Combo Set,31,.82,18,APEVIA,KIS-COMBO-SV
9SIA2F83K85947,SIIG JK-WR0212-S1 2.4GHz Wireless Standard Multimedia Keyboard & Mouse,31,.52,18,SIIG,JK-WR0212-S1
9SIA6ZP3KE9496,i-rocks RF-6572L-BK Black USB RF Wireless Slim Keyboard and Laser Mouse Set,46,.20,18,i-rocks,RF-6572L-BK
N82E16823166102,"Adesso WKB-3100UB 2.4 GHz RF Wireless Mini keyboard built-in Optical trackball, with mini receiver and receiver holder",39,.99,18,ADESSO,WKB-3100UB
9SIA4M53E25655,FAVI FE02RF-BL Black USB RF Wireless Mini SmartStick Keyboard with Mouse Touchpad,33,.64,18,FAVI,FE02RF-BL
9SIA6ZP3KF0758,Microsoft 3XJ-00001 Black USB Wired Ergonomic Comfort Curve Keyboard 3000 for Business,26,.73,19,Microsoft,3XJ-00001
9SIA4M52YX7612,VisionTek Candyboard 900335 Black Bluetooth Wireless Mini Keyboard,31,.14,19,VisionTek,900335
9SIA2W02VD6951,VisionTek Candyboard Keyboard with Touchpad and Built in IR Remote 900507 Black USB RF Wireless Mini Keyboard,39,.99,19,VisionTek,900507
9SIA1N83ZR5324,i-rocks KR-6421-BK Black USB Wired Mini Ultra X-Slim Keyboard with Terrace Keycap,23,.10,20,i-rocks,KR-6421-BK
9SIA4RE4RG0501,Refurbished: Logitech K400+ Wireless Touch Keyboard with Built-In Touchpad for Internet Connected TV’s,28,.99,20,Logitech,920-007119
9SIA1N82KJ2672,KeyTronic KT800U2 Black USB See Details Standard Keyboard,19,.82,20,KeyTronic,KT800U2
9SIA4RE4M24024,Refurbished: Logitech Wireless All-in-One Keyboard TK820 920-005108 USB RF Wireless Slim Keyboard with Built-in Touch Pad,36,.89,21,Logitech,920-005108
9SIA1N82KJ2811,KeyTronic KT800P2 Black PS/2 See Details Standard Keyboard,17,.48,21,KeyTronic,KT800P2
N82E16823839018,AZIO KB506U Large Print 5-Color Backlit Wired Keyboard,34,.99,21,AZIO,KB506
9SIA7XZ3920185,Logitech MK700 Black USB 2.4 GHz Wireless Desktop,729,.00,21,Logitech,MK700
9SIA2W02VD6952,VisionTek Candyboard Keyboard with Touchpad 900508 Black USB RF Wireless Mini Keyboard,39,.99,21,VisionTek,900508
9SIA1N83WF8202,SIIG JK-WR0612-S1 Black USB RF Wireless Mini Ultra Slim Multimedia Keyboard,30,.23,22,SIIG,JK-WR0612-S1
9SIA6504BY2241,Gear Head KB5150W Wireless Desktop and Optical Mouse,62,.99,22,GEAR HEAD,KB5150W
N82E16823126383,"Refurbished: Logitech Bluetooth Multi-Device Keyboard K480 for Computers, Tablets and Smartphones, Black (920-006342)",18,.99,22,Logitech,920-006342
9SIA1UH5291217,KeyTronic CLASSIC-U2 Black USB Wired Standard Keyboard,36,.43,23,KeyTronic,CLASSIC-U2
N82E16823126320,Logitech K810 Bluetooth Illuminated Keyboard - Black,77,.99,23,Logitech,K810
9SIA2F83KD0158,"Adesso PCK-208B Tru-Form Pro USB Ergonomic Contoured Multimedia Keyboard with 8 Hot keys and includes PS/2 adaptor, (Black)",31,.80,23,ADESSO,PCK-208B
9SIA7XZ3DT1613,Microsoft Digital Media Pro Keyboard,169,.99,24,Microsoft,Digital Media Pro
N82E16823830007,Das Keyboard DASK3MKPROCLI Black USB 2.0 Wired Standard Professional - Click Pressure Point Mechanical Keyboard,139,.00,24,Das Keyboard,DASK3MKPROCLI
9SIA86E4MS4879,Kensington K64338US Comfort Type USB Keyboard (PC/Mac),19,.33,26,Kensington,K64338US
9SIA2F83K84622,Microsoft Wireless Sculpt Ergonomic Desktop,110,.76,28,Microsoft,L5V-00001
9SIA4RE3RS8325,Refurbished: Logitech K830 920-006081 Black USB Logitech 2.4 GHz Wireless Technology Standard Keyboard with Touchpad,69,.99,28,Logitech,920-006081
9SIA2F83PV1194,Microsoft Natural Keyboard 4000 for Business 5QH-00001 Black USB Wired Ergonomic Keyboard,40,.16,28,Microsoft,5QH-00001
9SIA6504U69105,Logitech K360 920-003365 Ivory USB RF Wireless Mini Keyboard,98,.99,29,Logitech,920-003365
9SIA6504U71084,Logitech K100 Black PS/2 Wired Slim Classic Keyboard,19,.40,29,Logitech,K100
9SIA1N82KJ2695,KeyTronic KT400U2 Black USB Wired Standard Keyboard,12,.33,29,KeyTronic,KT400U2
9SIA1N82854003,IOGEAR GKM552R Black USB RF Wireless Slim Long Range Keyboard and Mouse Combo,31,.34,31,IOGEAR,GKM552R
9SIA1N82853901,Microsoft Black USB Wired Desktop 600,28,.88,32,Microsoft,APB-00001
N82E16823830004,Das Keyboard DASK3ULTMS1SI Black USB Wired Standard Model S Ultimate Silent Keyboard,139,.00,33,Das Keyboard,DASK3ULTMS1SI
9SIA0AJ2HJ2354,IOGEAR GKM502 Silver/Black USB Compact Desktop Combo,79,.95,34,IOGEAR,GKM502
9SIA6ZP3KF0536,Microsoft JWD-00046 Black USB Wired Standard Keyboard 200,65,.76,34,Microsoft,JWD-00046
9SIA2F83V46443,i-rocks KR-6402-BK Black USB Wired Slim Aluminum X-Slim Keyboard for PC,43,.88,35,i-rocks,KR-6402-BK
9SIA9FT3E10512,KeyTronic DESIGNER-P2 Black PS/2 Wired Standard Keyboard,35,.93,36,KeyTronic,DESIGNER-P2
9SIA1N82853961,IOGEAR GKM513 Black USB Wired Slim Keyboard,18,.21,37,IOGEAR,GKM513
9SIACGN54Z4993,Refurbished: Logitech MK520 920-002553 Black USB RF Wireless Ergonomic Keyboard & Mouse Combo,29,.99,39,Logitech,920-002553
N82E16823109348,Microsoft Wireless Sculpt Ergonomic Keyboard,63,.29,41,Microsoft,5KV-00001
9SIA4M54M97665,SIIG JK-WR0312-S1 Black Wireless Multi-Touchpad Mini Keyboard,38,.13,42,SIIG,JK-WR0312-S1
9SIA1N840W7162,i-rocks RF-6572-BK Piano Black 2.4 GHz RF Wireless Slim Keyboard/Mouse Combo w/ Travel Pouch,45,.33,46,i-rocks,RF-6572-BK
9SIA7XZ3DT1611,Microsoft J93-00001 Black USB Wired Slim Digital Media Keyboard 3000,239,.99,47,Microsoft,J93-00001
9SIA1N82KJ4806,IOGEAR GKM681R Black USB RF Wireless Mini Keyboard with Optical Trackball and Scroll Wheel,34,.93,47,IOGEAR,GKM681R
N82E16823126278,Logitech K360 2.4GHz Wireless Keyboard - Black,24,.99,49,Logitech,920-004088
N82E16823126262,Refurbished: Logitech Wireless Solar Keyboard K750 Black 920-002912,29,.99,49,Logitech,920-002912
9SIA2F83K85802,SIIG JK-US0412-S1 USB See Details Slim Aluminum Keyboard with Hub,62,.67,51,SIIG,JK-US0412-S1
9SIA6ZP3VU8330,i-rocks KR-6260-BK Black USB or PS/2 Wired Standard 24 Keys Anti Ghosting Gaming Keyboard,27,.33,52,i-rocks,KR-6260-BK
N82E16823839019,AZIO PRISM KB507 Black USB Keyboard With 7 Colorful Backlights,35,.99,52,AZIO,KB507
9SIA1N829T6237,Microsoft Wireless Desktop 2000 M7J-00001 Black USB RF Wireless Ergonomic Keyboard & Mouse,42,.01,53,Microsoft,M7J-00001
9SIA9JN3FR9200,Logitech K310 920-004033 Wired Washable Keyboard - Black/White,28,.98,55,Logitech,920-004033
N82E16823126193,Logitech MK200 Wired Keyboard and Mouse Combo - Black,19,.99,55,Logitech,MK200
9SIA4KZ4772669,Logitech K200 Black USB Wired Standard Keyboard for Business,29,.99,60,Logitech,K200
9SIA2F83K84777,Kensington K72357US Slim Type USB Keyboard Compatible with PC or Mac (Black),28,.12,60,Kensington,K72357USA
9SIA4RE53E0527,Microsoft Wireless Desktop 3000,62,.99,62,Microsoft,Wireless Desktop 3000
9SIA4M53X12205,VisionTek Candyboard 900319 Black USB RF Wireless Mini Keyboard,31,.62,63,VisionTek,900319
9SIA86E4MS5396,"Kensington K64370A Keyboard for Life, Standard, USB Connected",16,.96,69,Kensington,K64370A
9SIA85V3DM1146,LOGISYS Computer KB208BK Black USB or PS/2 Standard Standard Two Color (Blue/Red) Character-Illuminated Keyboard,46,.99,75,LOGISYS Computer,KB208BK
9SIA1N83WF8283,SIIG JK-US0312-S1 Black USB Wired Mini Multimedia Keyboard,22,.70,75,SIIG,JK-US0312-S1
9SIA26920E0386,"UtechSmart Saturn Marquee Features Backlit Version USB Multimedia Gaming Keyboard - Waterproof Drainage Holes, 19 Non-Conflict Keys, Upgraded Version",29,.99,76,UtechSmart,Saturn
N82E16823334004,GIGABYTE  KM7580  Black  2.4GHz Wireless  Keyboard ,19,.99,76,GIGABYTE,GK-KM7580
9SIA4RE3KG6780,Refurbished: Logitech K800 Wireless Slim Illuminated Keyboard,62,.99,81,Logitech,920-002359
9SIA4RE4TE0434,RAZER Lycosa RZ03-0018010 Black USB Standard Gaming Keyboard,299,.99,81,RAZER,RZ03-0018010
9SIA4RE4TE0377,RAZER Arctosa Black USB Wired Standard Gaming Keyboard,99,.99,81,RAZER,Arctosa
N82E16823109227,Microsoft Desktop 800 2LF-00001 Black USB RF Wireless Keyboard & Mouse,102,.99,85,Microsoft,2LF-00001
9SIA85V3N90258,Microsoft Desktop 400 5MH-00001 Black USB Wired Standard Keyboard,54,.89,88,Microsoft,5MH-00001
9SIA7XZ3DT1625,Microsoft BX1-00005 Silver/Black USB or PS/2 Wired Standard Digital Media Pro Keyboard,169,.99,90,Microsoft,BX1-00005
9SIA6ZP3KE3383,Microsoft 5SH-00001 Black USB RF Wireless Standard Desktop 800 for Business,98,.74,93,Microsoft,5SH-00001
9SIA1N83ZR4596,i-rocks KR-6401-BK Black USB Wired Slim Chocolate Key Style Keyboard,21,.46,95,i-rocks,KR-6401-BK
N82E16823126094,Logitech MK710 2.4GHz Wireless Keyboard and Mouse Combo - Black,74,.99,96,Logitech,MK710
9SIA9KW3KB9046,Logitech K270 2.4GHz Wireless Keyboard - Black,28,.95,100,Logitech,K270
9SIAB274D93868,Logitech K350 2.4GHz Wireless Ergonomic Keyboard - Black,43,.99,101,Logitech,K350
9SIA4RE4TF1144,RAZER Tarantula Black USB Ultimate Gaming Keyboard,229,.99,104,RAZER,Tarantula
9SIA3FA3VN5456,Microsoft Keyboard 200 6JH-00001 Black USB Wired Standard Keyboard,58,.89,132,Microsoft,6JH-00001
9SIA7XZ3DT1612,Microsoft Digital Media Pro BX1-00005 2-Tone USB or PS/2 Wired Standard Keyboard,169,.99,138,Microsoft,BX1-00005
N82E16823126188,Logitech MK320 2.4 GHz Wireless Keyboard and Mouse Combo - Black,24,.99,213,Logitech,920-002836
N82E16823126096,Logitech K120 Wired Standard USB Keyboard - Black,12,.99,225,Logitech,920-002478
