9SIA0AJ2MW5617,"Refurbished: Dell Inspiron 11 – 3147 11.6"" LED Backlit HD Touchscreen with Intel Pentium N3530 Processor (2.58GHz), 4GB DDR3L, 500GB HDD, HD Camera with Microphone, Windows 8.1 64Bit",539,.95,12,DELL,3147
9SIA0AJ4056703,"Refurbished: ASUS Ultrabook UX303LA-US51T Intel Core i5 5th Gen 5200U (2.20 GHz) 8 GB Memory 256 GB SSD Intel HD Graphics 5500 13.3"" Touchscreen Windows 8.1 64-Bit",779,.95,7,ASUS,UX303LA-US51T
9SIABYS4TD1971,Refurbished: Lenovo Thinkpad x220 Notebook - Intel Core i5-2520M 2.5Ghz - 4GB RAM - 160GB SSD - Windows 7 Professional 64-Bit,259,.00,7,Lenovo,X220
9SIA43F2116195,"Refurbished: DELL Latitude E6410 14.1” Notebook Intel Core i5 2.40GHz, 2GB Memory, 160GB HDD, DVD-CDRW, Firewire, eSATA Port, PC Card, Smart Card, Windows 7 Home Premium 32 Bit",219,.98,7,DELL,E6410
9SIA43F3G12813,"Refurbished: DELL Laptop D630 Intel Core 2 Duo 1.80 GHz 2 GB Memory 80 GB HDD 14.1"" Windows 7 Home Premium 32-Bit",128,.95,7,DELL,D630
9SIA0AJ3ZY3417,"Refurbished: HP Laptop EliteBook 8460P Intel Core i5 2nd Gen 2520M (2.50 GHz) 4 GB Memory 250 GB HDD 14.0"" Windows 7 Professional",349,.95,7,HP,8460P
9SIA0AJ47T6608,"Refurbished: Lenovo G505s 15.6” Notebook with Quad Core AMD A10-5750M APU 2.50Ghz, 6GB DDR3 Memory, 1TB HDD, HD 720P Webcam, Bluetooth 4.0, HDMI Out, DVDRW Super Multi, Radeon HD 8650G, Windows 8.1",649,.89,7,Lenovo,G505s (59RF0979)
9SIA0AJ25T7697,"Refurbished: Dell E6400 [Grade A Recertified] 14” Notebook with Intel Core 2 Duo 2.66Ghz, 4GB DDR3 RAM, 120GB HDD, DVD DRIVE, Firewire, eSATA, Windows 7 64-Bit",299,.48,7,DELL,E6400
9SIA4RR2M09327,"Refurbished: HP EliteBook 8440P 14.1” Notebook Core i5 2.4GHz, 4GB RAM, 250GB HDD, DVD/CDRW, Win 7 Pro 64-Bit",214,.00,7,HP,8440P
9SIA43F4766829,"Refurbished: DELL Laptop Latitude E6420 Intel Core i5 2nd Gen 2520M (2.50 GHz) 4 GB Memory 320 GB HDD 14.0"" Windows 7 Professional 64-Bit",219,.99,7,DELL,E6420
9SIA0AJ1KG1239,"Refurbished: ThinkPad Laptop T Series T400 Intel Core 2 Duo 2.80 GHz 2 GB Memory 320 GB HDD 14.0"" Windows 7 Home Premium 64-Bit",499,.95,7,ThinkPad,T400
9SIA4RR2MV5324,"Refurbished: DELL Latitude E6400 Notebook with Intel Core 2 Duo 2.53Ghz, 4GB RAM, 120GB HDD, DVDROM, Windows 7 Professional 64 Bit",181,.00,7,DELL,E6400
9SIA6R44867380,"Refurbished: Acer Laptop Aspire One Cloudbook AO1-431-C8G8 Intel Celeron N3050 (1.60 GHz) 2 GB DDR3L Memory 32 GB Flash SSD Intel HD Graphics 14.0"" Windows 10 Home 64-Bit (Manufacturer Recertified)",199,.99,7,Acer,AO1-431-C8G8
N82E16834261428,"Refurbished: HP B Grade Laptop 8460p Intel Core i5 2nd Gen 2.50 GHz 4 GB Memory 250 GB HDD 14.0"" Windows 10 Home 64-Bit",150,.99,7,HP,8460p
9SIA77G2W09811,"Refurbished: Lenovo T410 14"" Notebook with Intel Core i5-520M 2.40Ghz (2.933Ghz Turbo), 4GB DDR3 RAM, 160GB HDD, DVDRW, Windows 7 Professional 64 Bit, Refurbished by Microsoft Authorized Refurbisher",194,.32,7,Lenovo,T410
9SIA43F1MD4791,"Refurbished: Dell Latitude D630 Intel Wireless Laptop Notebook - 14.2"" Intel Core 2 Duo 2G 2048MB DDR2 80GB Win 7 Pro",189,.99,7,DELL,D630R
9SIAAGD5AZ2201,"HP Laptop ProBook 450 G1 (F2P37UT#ABA) Intel Core i3 4th Gen 4000M (2.4 GHz) 4 GB Memory 500 GB HDD Intel HD Graphics 4600 15.6"" Windows 7 Professional 64-bit (with Win8 Pro License)",329,.00,7,HP,450 G1 (F2P37UT#ABA)
9SIA0AJ2NC2633,"ASUS Laptop D550CA-BH21 Intel Pentium 2117U (1.80 GHz) 4 GB Memory 320 GB HDD Intel HD Graphics 15.6"" Windows 8 64-bit",499,.95,7,ASUS,D550CA-BH21
9SIA9JJ3KG4975,"HP Sleekbook TouchSmart 15-b153nr AMD A8-Series A8-4555M (1.60 GHz) 6 GB Memory 750 GB HDD AMD Radeon HD 7600G 15.6"" Touchscreen Windows 8",489,.99,0,HP,15-b153nr
9SIA0AJ3297013,"Acer Laptop Aspire V3-572G-54L9 Intel Core i5 4th Gen 4210U (1.70 GHz) 8GB DDR3L Memory 1 TB HDD NVIDIA GeForce 840M 15.6"" Windows 8.1",999,.95,7,Acer,V3-572G-54L9
9SIA0AJ20D8265,"DELL Laptop Inspiron 15 (i15RV-8526BLK) Intel Core i5 4th Gen 4200U (1.60 GHz) 6 GB Memory 750 GB HDD Intel HD Graphics 4400 15.6"" Windows 8",879,.95,7,DELL,15 (i15RV-8526BLK)
9SIA0AJ21G6024,"Lenovo Laptop G505 (59417570) AMD E1-Series E1-2100 (1.00 GHz) 4 GB Memory 500 GB HDD AMD Radeon HD 8210 15.6"" Windows 8.1",499,.95,7,Lenovo,G505 (59417570)
9SIACGB5460137,"DELL Laptop Inspiron i5558-4287BLK Intel Core i3 5th Gen 5015U (2.10 GHz) 4 GB Memory 500 GB HDD Intel HD Graphics 5500 15.6"" Touchscreen Windows 10 Home 64-Bit",448,.74,7,DELL,i5558-4287BLK
9SIA0AJ24P9866,"Lenovo Laptop G505 (59371430) AMD E1-Series E1-2100 (1.00 GHz) 4 GB Memory 320 GB HDD AMD Radeon HD 8210 15.6"" Windows 8",599,.95,7,Lenovo,G505 (59371430)
9SIA4P03N89655,"DELL Alienware AW17R3-1675SLV Gaming Laptop 6th Generation Intel Core i7 6700HQ (2.60 GHz) 8 GB Memory 1 TB HDD NVIDIA GeForce GTX 970M 3 GB GDDR5 17.3"" FHD 1920 x 1080 Windows 10 Home 64-Bit","1,329",.00,7,DELL,AW17R3-1675SLV
9SIA4RR2CZ0367,Refurbished: Dell Latitude D530 15in Laptop Win 7 Pro Microsoft Office 07 Intel Core 2 Duo 2 gigs ram 80G H/D Wireless Recertified,155,.00,7,None,None
9SIA3FA4815111,"Acer Aspire VN7-792G-797V 17.3"" Intel Core i7 6th Gen 6700HQ (2.60 GHz) NVIDIA GeForce GTX 960M 16 GB Memory 256 GB SSD 1 TB HDD Windows 10 Home 64-Bit Gaming Laptop",,,7,Acer,VN7-792G-797V
9SIA3FA3Z96685,"Acer Predator 15 G9-591-70XR Gaming Laptop Intel Core i7 6700HQ (2.60 GHz) 16 GB DDR4 1 TB HDD 256 GB SSD NVIDIA GeForce GTX 980M 4 GB 15.6"" Full HD 1920 x 1080 HD Webcam Windows 10 Home 64-Bit","1,749",.00,7,Acer,G9-591-70XR
9SIA0AJ1V50729,"HP Pavilion 14-c050nr Intel Celeron 847(1.1GHz) 14"" 4GB Memory 16GB SSD Intel HD Graphics Chromebook",499,.95,7,HP,14-c050nr
N82E16834299476,"Refurbished: DELL Laptop Latitude E6420 Intel Core i5 2nd Gen 2520M (2.50 GHz) 8 GB Memory 120 GB SSD Intel HD Graphics 3000 14.0"" Windows 7 Professional 64-Bit",271,.99,7,DELL,E6420
N82E16834315712,"Acer Laptop Aspire E5-575G-728Q Intel Core i7 7th Gen 7500U (2.70 GHz) 8 GB Memory 1 TB HDD 256 GB SSD NVIDIA GeForce 940MX 15.6"" Windows 10 Home 64-Bit",699,.99,7,Acer,E5-575G-728Q
N82E16834232776,"ASUS Zenbook UX303UA-DH51T Ultrabook Intel Core i5 6200U (2.30 GHz) 8 GB Memory 256 GB SSD Intel HD Graphics 520 13.3"" IPS Full HD 1920 x 1080 Touchscreen 1.2 MP HD Camera Windows 10 Home 64-Bit",829,.00,7,ASUS,UX303UA-DH51T
N82E16834261912,"Refurbished: HP Laptop EliteBook 8440P Intel Core i5 1st Gen 520M (2.40 GHz) 8 GB Memory 128 GB SSD 14.1"" Windows 7 Professional 64-Bit",236,.15,8,HP,8440P
9SIA4RR1GP9961,Refurbished: Dell Latitude D630 INTEL Core 2 Duo 2000 MHz 60Gig HDD 2048mb DVD/CDRW 14.0” WideScreen LCD Windows 7 Professional 32 Bit Laptop Notebook,141,.00,8,DELL,Latitude D630
N82E16834299726,"Refurbished: DELL Laptop Latitude E6420 Intel Core i5 2520M (2.50 GHz) 6 GB Memory 256 GB SSD Intel HD Graphics 3000 14.0"" Windows 10 Home 64-Bit",287,.99,8,DELL,E6420
9SIA4RR1X92549,"Refurbished: Apple Notebook (B Grade) MacBook MC516LL/A Intel Core 2 Duo P8600 (2.40 GHz) 2GB DDR3 Memory 250 GB HDD 0 GB SSD NVIDIA GeForce 320M 13.3"" Mac OS X v10.6 Snow Leopard",425,.00,8,Apple,MC516LL/A
9SIA0AJ2HJ2373,"Refurbished: ASUS Laptop X200MA-US01T Intel Celeron N2815 (1.86 GHz) 4 GB Memory 500 GB HDD Intel HD Graphics 11.6"" Touchscreen",399,.95,8,ASUS,X200MA-US01T
9SIA0AJ4RG8032,"Refurbished: Acer Laptop Aspire R 14 R5-471T-71W2 Intel Core i7 6500U (2.50 GHz) 8 GB Memory 512 GB SSD Intel HD Graphics 520 14.0"" Touchscreen Windows 10 Home 64-Bit (Manufacturer Recertified)",799,.95,8,Acer,R5-471T-71W2
9SIA0AJ34J6641,"Refurbished: HP Pavilion 15-N028US 15"" Notebook with Quad Core AMD A6 -5200 2.00GHz, 6GB Memory, 750GB HDD, SuperMulti DVD burner, Radeon HD 8400, Windows 8 64 Bit",499,.95,8,HP,15-N028US
9SIA4RR1VR5770,"Refurbished: HP Laptop 2540P Intel Core i7 2.13 GHz 4 GB Memory 250 GB HDD 12.1"" Windows 7 Professional 64-Bit",259,.00,8,HP,2540P
9SIA0AJ39Y8058,"Refurbished: HP Elitebook 2540p 12.1"" Notebook - Intel Core i7-640lm 2.1GHz, 4GB RAM, 120GB HDD, Windows 7 Professional 64 Bit",379,.95,8,HP,2540P
9SIA0AJ2AH8394,"Acer Laptop Aspire E5-571P-52QK Intel Core i5 4th Gen 4210U (1.70 GHz) 4 GB Memory 500 GB HDD Intel HD Graphics 4400 15.6"" Touchscreen Windows 8.1 64-Bit",699,.95,8,Acer,E5-571P-52QK
9SIA0AJ2X81423,"Lenovo Laptop G50-70 (59421807) Intel Core i3 4th Gen 4030U (1.90 GHz) 6 GB Memory 500 GB HDD Intel HD Graphics 4400 15.6"" Windows 8.1",599,.48,8,Lenovo,G50-70 (59421807)
9SIA0AJ2YU7215,"Lenovo Z70-80 80FG0037US 17.3"" LED Notebook - Intel Core i7 i7-5500U Dual-core (2 Core) 2.40 GHz - Silver, Black","1,549",.95,8,Lenovo,Z70
9SIA0AJ2AH2517,"Acer Laptop Aspire E1-531-2438 Intel Celeron 1005M (1.90 GHz) 4GB DDR3 Memory 500 GB HDD Intel GMA HD Graphics 15.6"" Windows 7 Home Premium 64-bit",799,.95,8,Acer,E1-531-2438
9SIA0AJ1EY5619,"Lenovo IdeaPad U510 Intel Core i5 3317U (1.70GHz) 8GB RAM 750GB HDD + 24GB SSD DVDRW  15.6"" Ultrabook Windows 8 64-Bit (59347423)","1,049",.95,8,Lenovo,U510 (59347423)
9SIA9B557X4201,"ASUS Laptop F556UA-EH71 Intel Core i7 6th Gen 6500U (2.50 GHz) 8 GB Memory 1 TB HDD Intel HD Graphics 520 15.6"" Windows 10 Home 64-Bit",659,.99,8,ASUS,F556UA-EH71
9SIA0AJ4DP0006,"ASUS Laptop F555LA-NS72 Intel Core i7 5th Gen 5500U (2.40 GHz) 8 GB DDR3L Memory 1 TB HDD Intel HD Graphics 5500 15.6"" Windows 10 Home 64-Bit",623,.95,8,ASUS,F555LA-NS72
9SIA0AJ22E8001,"Refurbished: Apple Macbook Air - Core i5 - 1.6ghz - 4GB - 128GB SSD - MC969LLA - 11""","1,099",.95,8,Macbook Air,MC969LL/A
9SIAA784VB9458,"ASUS Zenbook Prime UX31A-DH71 Ultrabook Intel Core i7 3517U (1.9GHz) 4GB 256GB SSD 13.3"" FHD IPS Display Silver Aluminum",999,.98,8,ASUS,UX31A-DH71
N82E16834725014,"Aorus X5-CF1T Gaming Laptop 5th Generation Intel Core i7 5700HQ (2.70 GHz) 16 GB Memory 1 TB HDD 512 GB SSD NVIDIA GeForce GTX 965M SLI 15.6"" Windows 10 Home","1,699",.00,8,Aorus,X5-CF1T
9SIA7WP38X8192,"Refurbished: Apple MC968 11.6"" MacBook Air - Intel Core i5 1.6GHz 2GB RAM 64GB Flash Mac OS X v10.7 Lion",399,.97,8,Apple,MC968264
N82E16834260582,"Refurbished: HP Laptop EliteBook 8460P Intel Core i5 2nd Gen 2520M (2.50 GHz) 8 GB Memory 240 GB SSD Intel HD Graphics 3000 14.0"" Windows 7 Professional 64-Bit",294,.79,8,HP,8460P
N82E16834298765,"DELL Alienware AW17R3-4175SLV Gaming Laptop 6th Generation Intel Core i7 6700HQ (2.60 GHz) 16 GB Memory 1 TB HDD 256 GB SSD NVIDIA GeForce GTX 970M 3 GB GDDR5 17.3"" 1920 x 1080 Windows 10 Home 64-Bit","1,649",.00,8,DELL,AW17R3-4175SLV
N82E16834299475,"Refurbished: DELL Laptop Latitude E6420 Intel Core i5 2nd Gen 2520M (2.50 GHz) 8 GB Memory 750 GB HDD Intel HD Graphics 3000 14.0"" Windows 7 Professional 64-Bit",283,.99,9,DELL,E6420
9SIABYS4W64143,"Refurbished: DELL B Grade Laptop Latitude E6400 Intel Core 2 Duo 2.40 GHz 4 GB Memory 160 GB HDD 14.1"" Windows 10 Home 64-Bit",149,.00,9,DELL,E6400
9SIA4RR2YJ2090,"Refurbished: HP Compaq Laptop NC6400 Intel Core Duo 1.80 GHz 2 GB Memory 80 GB HDD Intel GMA950 14.1"" Windows 7 Home Premium 32-Bit",159,.00,9,HP Compaq,NC6400
9SIA6AB2CJ6100,"Refurbished: DELL E6420 14.0"" Notebook with Intel Core i5-2520M 2.50Ghz, 4GB Memory, 250GB HDD, DVDRW, Windows 7 Professional 64 Bit",249,.99,9,DELL,E6420 (469-0247)
9SIA6A35CE9383,"Refurbished: HP PROBOOK 6450B Notebook - I3 2.27Ghz, 2GB 160GB, No Webcam - Windows 7 Pro",129,.99,9,HP,6450B
9SIA0AJ58H2293,"HP Laptop 250 G3 (G4U96UT#ABA) Intel Core i3 3rd Gen 3217U (1.80 GHz) 4 GB Memory 500 GB HDD Intel HD Graphics 4000 15.6"" Windows 7 Professional 64-Bit",799,.89,9,HP,250 G3 (G4U96UT#ABA)
9SIA0AJ47N9493,"Lenovo Laptop Z70 (80FG005QUS) Intel Core i5 5th Gen 5200U (2.20 GHz) 16 GB Memory 1 TB HDD NVIDIA GeForce 840M 17.3"" Windows 8.1 64-Bit","1,299",.95,9,Lenovo,Z70 (80FG005QUS)
9SIA0AJ2HV3017,"ASUS Laptop D550MA-RS01-WH Intel Bay Trail-M Celeron N2815 (1.86 GHz) 4 GB Memory 500 GB HDD Intel HD Graphics 15.6"" Windows 8 64-Bit",569,.95,9,ASUS,D550MA-RS01-WH
9SIA1CZ49T6383,"ASUS Laptop VivoBook E403SA-US21 Intel Pentium N3700 (1.6 GHz) 4 GB Memory 128 GB eMMC SSD Intel HD Graphics 14.0"" Windows 10 Home",417,.36,9,ASUS,E403SA-US21
9SIA95Z47Y5448,"Refurbished: Dell Latitude E6430 Notebook - i5 3320m 2.6 GHZ, 8 GB RAM, 128 GB Solid State Hard Drive, Cam DVDRW - Windows 10 Home - AC Adapter included",289,.00,9,DELL,E6430
9SIABYS4PG1095,"Refurbished: ThinkPad Laptop T420 Intel Core i5 2.50 GHz 4 GB Memory 128 GB SSD 14.0"" Windows 7 Professional 64-Bit",199,.00,9,ThinkPad,T420
9SIA3FA3KF3063,"Acer Aspire V Nitro VN7-792G-79LX Gaming Laptop Intel Core i7 6700HQ (2.60 GHz) 8 GB Memory 1 TB HDD NVIDIA GeForce GTX 960M 4 GB GDDR5 17.3"" IPS  FHD 1920 x 1080 HD Webcam Windows 10 Home 64-Bit",849,.00,9,Acer,VN7-792G-79LX
9SIA0ZX4RZ3704,"ASUS Laptop X Series X555DA-WS11 AMD A10-Series A10-8700P (1.80 GHz) 8 GB Memory 1 TB HDD AMD Radeon R6 Series 15.6"" Windows 10 Home 64-Bit",449,.56,9,ASUS,X555DA-WS11
N82E16834232361,"Refurbished: ASUS ROG GL551 series GL551JM-DH71 15.6"" Intel Core i7 4th Gen 4710HQ (2.50 GHz) NVIDIA GeForce GTX 860M 16 GB Memory 1 TB HDD Windows 8.1 64-Bit Gaming Laptop",759,.99,9,ASUS,GL551JM-DH71
N82E16834232768,"ASUS ROG G752VY-DH78K 17.3"" Intel Core i7 6th Gen 6820HK (2.70 GHz) NVIDIA GeForce GTX 980M 64 GB Memory 512 GB SSD 1 TB HDD Windows 10 Home 64-Bit Gaming Laptop","1,999",.00,9,ASUS,G752VY-DH78K
N82E16834332305,"Lenovo Laptop IdeaPad 510 (80SV0058US) Intel Core i7 7th Gen 7500U (2.70 GHz) 12 GB Memory 256 GB SSD NVIDIA GeForce 940MX 15.6"" IPS Windows 10 Home",729,.99,9,Lenovo,510 (80SV0058US)
9SIA4RR1S16401,"Refurbished: ThinkPad Laptop T Series T410 Intel Core i5 2.5 GHz 4 GB Memory 320 GB HDD 14.1"" Windows 7 Professional 64-Bit",225,.00,10,ThinkPad,T410
9SIA0AJ2B20812,Refurbished: HP Elitebook 8440P - Core i5 - 2.4 - 4GB - 250GB - DVD - 7 Home Premium,549,.95,10,HP,8440P
N82E16834260769,"Refurbished: HP Laptop EliteBook 8460P Intel Core i5 2nd Gen 2520M (2.50 GHz) 8 GB Memory 1 TB HDD Intel HD Graphics 3000 14.1"" Windows 7 Professional 64-Bit",287,.99,10,HP,8460P
9SIABYS4YP4146,Refurbished: Dell Latitude E6410 Notebook - 2.4GHz Intel Core i5 Processor - 4GB memory - 250GB HDD - Windows 7 Professional,149,.00,10,DELL,E6410
9SIA52E3034765,"Refurbished: ASUS EeeBook X205TA 11.6"" Laptop - Quad Core Intel Atom Processor with 2-Sec Instant On - 2GB RAM 32GB - Windows 8.1",129,.99,10,ASUS,None
9SIA6R42AR4288,"Acer Laptop Aspire ES1-511-C59V Intel Celeron N2830 (2.16 GHz) 4 GB Memory 500 GB HDD Intel HD Graphics 15.6"" Windows 8.1 64-Bit",349,.99,10,Acer,ES1-511-C59V
9SIA0AJ49G0035,"Acer  Laptop Aspire  V3-572G-76EM  Intel Core i7  5500U (2.40GHz)  8GB  Memory 1TB  HDD FHD NVIDIA GeForce GT 840M  15.6""   Windows 8.1",899,.48,10,Acer,V3-572G-76EM
9SIA0AJ34U2681,"Lenovo Laptop Z710 (59433088) Intel Core i7 4th Gen 4710MQ (2.50 GHz) 8 GB Memory 1 TB HDD NVIDIA GeForce 840M 17.3"" Windows 8.1 64-Bit","1,499",.89,10,Lenovo,Z710 (59433088)
9SIA0AJ3FR5307,"ASUS Laptop F554LA-WS52 Intel Core i5 5th Gen 5200U (2.20 GHz) 8 GB Memory 500 GB HDD Intel HD Graphics 5500 15.6"" Windows 8.1 64-Bit",849,.95,10,ASUS,F554LA-WS52
9SIABYS4PG1063,"Refurbished: DELL Laptop Latitude E6430 Intel Core i5 3rd Gen 3320M (2.60 GHz) 8 GB Memory 256 GB SSD Intel HD Graphics 4000 14.0"" Windows 7 Professional 64-Bit",309,.00,10,DELL,E6430
N82E16834299862,"Refurbished: DELL B Grade Laptop Latitude E6410 Intel Core i5 1st Gen 520M (2.40 GHz) 4 GB Memory 250 GB HDD 14.1"" Windows 10 Home 64-Bit",127,.99,10,DELL,E6410
N82E16834298178,"Refurbished: DELL C Grade Laptop E6420 Intel Core i5 2410M (2.30 GHz) 4 GB Memory 250 GB HDD 14.0"" Windows 10 Home 64-Bit",125,.09,10,DELL,E6420
N82E16834319755,"Refurbished: Lenovo Laptop T420 Intel Core i5 2520M (2.50 GHz) 8 GB Memory 128 GB SSD 14.0"" Windows 7 Professional 64-Bit",282,.01,10,Lenovo,T420
9SIA6BM53X7479,"Lenovo Laptop ThinkPad E560 (20EV002FUS) Intel Core i5 6th Gen 6200U (2.30 GHz) 4 GB Memory 500 GB HDD Intel HD Graphics 520 15.6"" Windows 7 Professional 64-Bit (downgrade from Windows 10 Pro)",439,.99,10,Lenovo,E560 (20EV002FUS)
9SIA0AJ3RR9742,"Refurbished: HP EliteBook 8460P 14"" (1366 x 768) Laptop - Intel Core i5 2520M (2.5GHz), 4GB, 250GB HDD, vPro Finger Print Reader, Webcam, DVDRW, Intel HD Graphics 3000 - Win 7 Pro 64 Bit w/ FREE Carrying Case",399,.95,11,HP,8460P
9SIA5E63E95964,"Refurbished: Apple Laptop MacBook MC207LL/A Intel Core 2 Duo 2.26GHz 2 GB Memory 250 GB HDD NVIDIA GeForce 9400M 13.3"" Mac OS X v10.6 Snow Leopard",349,.99,11,Apple,MC207LL/A
9SIA4RR2UE5814,Refurbished: Dell Latitude D610 Laptop - 1.7GHz Pentium Mobile Processor - 2GB Memory - Windows 7 Home Premium,125,.00,11,DELL,D610
N82E16834298177,"Refurbished: DELL C Grade Laptop E6410 Intel Core i5 1st Gen 520M (2.40 GHz) 4 GB Memory 250 GB HDD 14.1"" Windows 10 Home 64-Bit",112,.00,11,DELL,E6410
9SIA0AJ43C3622,"DELL Inspiron i7559-12623BLK Gaming Laptop Intel Core i5 6300HQ (2.30 GHz) 8 GB Memory 1 TB Hybrid HDD+8 GB Cache NVIDIA GeForce GTX 960M 4 GB GDDR5 15.6"" 1920 x 1080 HD Webcam Windows 10 Home 64-Bit",969,.95,11,DELL,i7559-12623BLK
9SIA85V3RK2448,"Refurbished: Apple Laptop MacBook MB061LL/A Intel Core 2 Duo 2.0GHz 1 GB Memory 80 GB HDD Intel GMA950 13.3"" Mac OS X v10.4 Tiger",164,.98,11,Apple,MB061LL/A
N82E16834154262,"MSI 15.6"" GS63VR Stealth Pro-041 Intel Core i7 6700HQ (2.60 GHz) NVIDIA GeForce GTX 1060 32 GB Memory 128 GB SSD 1 TB HDD Windows 10 Home 64-Bit Gaming Laptop VR Ready","1,699",.00,11,MSI,GS63VR Stealth Pro-041
N82E16834234445,"ASUS Laptop X556UQ-NH71 Intel Core i7 7th Gen 7500U (2.70 GHz) 8 GB Memory 512 GB SSD NVIDIA GeForce 940MX 15.6"" Windows 10 Home 64-Bit",699,.99,11,ASUS,X556UQ-NH71
N82E16834315445,"Acer Laptop Aspire E5-553G AMD A12-Series A12-9700P (2.50 GHz) 8 GB Memory 1 TB HDD 128 GB SSD AMD Radeon R8 M445DX 15.6"" Windows 10 Home",479,.99,11,Acer,E5-553G
9SIA4RR2R29841,Refurbished: HP Elitebook 8440P - Core i5 - 2.4 - 4GB - 160GB - DVD - 7 Home Premium,229,.00,12,HP,8440p
9SIA0AJ5BT1894,"Refurbished: ASUS Laptop VivoBook Q200E-BSI3T08 Intel Core i3 3rd Gen 3217U (1.80 GHz) 4 GB Memory 500 GB HDD 11.6"" Touchscreen Windows 8 Home (64-bit)",399,.89,12,ASUS,Q200E-BSI3T08
9SIA4RR2MH7013,"Refurbished: DELL Laptop Latitude D630 Intel Core 2 Duo T7500 (2.20 GHz) 2 GB Memory 120 GB HDD 120 GB SSD 14.1"" Windows 7 Home Premium",178,.00,12,DELL,D630
9SIA4RR3001753,"Refurbished: Lenovo Laptop T420 Intel Core i5 2nd Gen 2520M (2.50 GHz) 4 GB Memory 320 GB HDD 14.0"" Windows 7 Professional",238,.00,12,Lenovo,T420
9SIA0AJ3KU1957,"ASUS Laptop X750JA-DB71 Intel Core i7 4th Gen 4700HQ (2.40 GHz) 8 GB Memory 1 TB HDD Intel HD Graphics 4600 17.3"" Windows 8 64-Bit","1,399",.89,12,ASUS,X750JA-DB71
9SIA0AJ3FW7002,"Acer Laptop Aspire E5-573G-75B3 Intel Core i7 5th Gen 5500U (2.40 GHz) 8 GB Memory 1 TB HDD NVIDIA GeForce 940M 15.6"" Windows 8.1",859,.89,12,Acer,E5-573G-75B3
9SIA0AJ1Y46297,"Lenovo Laptop IdeaPad S500 (59371478) Intel Core i3 3rd Gen 3227U (1.90 GHz) 4 GB Memory 500 GB HDD Intel HD Graphics 4000 15.6"" Touchscreen Windows 8",699,.95,12,Lenovo,S500 (59371478)
9SIA4RR2KZ9065,"Refurbished: Lenovo Thinkpad T410 14.1” Notebook with Intel Core i5-520M 2.40Ghz (2.933Ghz Turbo), 4GB DDR3 RAM, 250GB HDD, DVDRW, Windows 7 Professional 64 Bit",219,.00,12,Lenovo,T410
9SIA9JJ4R49848,"HP Laptop ProBook 455 G3 (W4E07UT#ABA) AMD A10-Series A10-8700P (1.80 GHz) 16 GB Memory 1 TB HDD AMD Radeon R6 Series 15.6"" Windows 10 Home 64-Bit",484,.99,12,HP,455 G3 (W4E07UT#ABA)
9SIA0AJ2MN7348,"Refurbished: ASUS X Series X550CA 15.6"" Touchscreen Notebook with Intel Pentium ULV 2117U 1.8GHz, 4GB DDR3 RAM, 500GB HDD, Super-Multi DVD, HD Webcam, USB 3.0, HDMI Out, SonicMaster Audio, Windows 8",899,.95,13,ASUS,X550CA-SPD0304U
9SIA4RR1UZ2450,"Refurbished: DELL Laptop Latitude E6410 Intel Core i5 1st Gen 520M (2.40 GHz) 4 GB Memory 250 GB HDD 250 GB SSD 14.1"" Windows 7 Professional",229,.00,13,DELL,E6410
9SIA0AJ54D3557,"Refurbished: HP EliteBook 8460P [Microsoft Authorized Recertified] 14.1"" Widescreen Notebook with Intel Core i5-2520M 2.5 GHz, 4 GB DDR3 RAM, 320 GB HDD, DVDCDRW, Windows 7 Professional 64-Bit Notebook",299,.95,13,HP,8460P
9SIA43F1AM9297,Refurbished: Dell Latitude D620 Wireless Laptop Notebook Computer Windows 7 Pro,158,.98,13,DELL,D620
9SIA0AJ38D8404,Refurbished: HP EliteBook 8440p 14.0” Notebook Intel Core i5-520M 2.40Ghz 4GB RAM 250GB HDD Windows 7 Professional 64bit,349,.95,13,HP,8440p
9SIA0AJ3SB4757,"HP Laptop 355 G2 AMD A8-Series A8-6410 (2.00 GHz) 4 GB Memory 500 GB HDD AMD Radeon R5 Series 15.6"" Windows 7 Professional 64-Bit with Windows 8.1 Pro License",599,.48,13,HP,355 G2
9SIA0AJ2FC4919,"Lenovo Laptop Z710 (59433087) Intel Core i7 4th Gen 4710MQ (2.50 GHz) 16 GB Memory 1 TB HDD 8 GB SSD NVIDIA GeForce 840M 17.3"" Windows 8.1 64-Bit","1,599",.48,13,Lenovo,Z710 (59433087)
9SIA0AJ2Z06278,"Lenovo Laptop G50 Intel Core i5 5th Gen 5200U (2.20 GHz) 8 GB Memory 1 TB HDD Intel HD Graphics 5500 15.6"" Windows 8.1","1,099",.95,13,Lenovo,G50
9SIA9UW3N86308,"Refurbished: ThinkPad Laptop T430 Intel Core i5 3rd Gen 3320M (2.60 GHz) 8 GB Memory 240 GB SSD Intel HD Graphics 4000 14.0"" Windows 7 Professional",379,.99,13,ThinkPad,T430
9SIA0AJ2ET4575,"ASUS Zenbook UX303LA-DB51T Intel Core i5 4210U (1.70GHz) 8GB Memory 128GB SSD 13.3"" Touchscreen Ultrabook Windows 8.1 64-Bit",999,.48,13,ASUS,UX303LA-DB51T
N82E16834300981,"Refurbished: DELL Laptop Latitude E6420 Intel Core i5 2.50 GHz 4 GB Memory 128 GB SSD 14.0"" Windows 7 Professional 64-Bit",244,.99,13,DELL,E6420
9SIA8X54P85524,"ASUS Zenbook UX305CA-EHM1 Ultrabook Intel Core M3 6Y30 (0.90 GHz) 8 GB DDR3L 256 GB SSD Intel HD Graphics 515 Shared memory 13.3"" Windows 10 Home 64-Bit",888,.88,13,ASUS,UX305CA-EHM1
9SIA4P04N24602,"Lenovo IdeaPad 700 (80RU00FSUS) 15.6"" Intel Core i7 6th Gen 6700HQ (2.60 GHz) NVIDIA GeForce GTX 950M 16 GB DDR4 Memory 256 GB SSD 1 TB HDD Windows 10 Home 64-Bit Gaming Laptop",919,.00,13,Lenovo,700 (80RU00FSUS)
9SIA0AJ1YS0167,"Acer C710-2487 Chromebook Intel Celeron 847 (1.1 GHz) 4 GB Memory 320 GB HDD 11.6"" Chrome OS",429,.95,13,Acer,C710-2487
9SIA0AJ3KD0620,"ASUS C200MA-DS01 Chromebook Intel Celeron N2830 (2.16 GHz) 2 GB DDR3 Memory 16 GB eMMC SSD 11.6"" Chrome OS",399,.89,13,ASUS,C200MA-DS01
9SIA6V655P7754,"DELL Inspiron i7559-5012GRY Gaming Laptop Intel Core i7 6700HQ (2.60 GHz) 8 GB Memory 1 TB HDD 8 GB SSD NVIDIA GeForce GTX 960M 4 GB GDDR5 15.6"" 4K UHD 3840 x 2160 Touchscreen Windows 10 Home 64-Bit",837,.00,13,DELL,i7559-5012GRY
9SIA0AJ3AZ3273,"Refurbished: Asus X200MA-RCLT07 11.6” Touchscreen Laptop, Intel Celeron N2815 Processor 1.86 GHz, 4GB Memory, 500 GB HDD, Wireless, HDMI, Webcam, Intel HD Graphics, Windows 8",479,.48,14,ASUS,X200MA-RCLT07
9SIA2NT3D88699,"TOSHIBA Satellite Radius P55W-B5318 Intel Core i7 4510U (2.00GHz) 12GB Memory 256GB SSD 15.6"" 360° Rotation Touchscreen Ultrabook Windows 8.1","1,175",.00,14,TOSHIBA,P55W-B5318
9SIA0AJ3T24983,"ASUS Laptop VivoBook Q200E-BSI3T08 Intel Core i3 3rd Gen 3217U (1.80 GHz) 4 GB Memory 500 GB HDD Intel HD Graphics 4000 11.6"" Touchscreen Windows 8 64-bit",829,.95,14,ASUS,Q200E-BSI3T08
9SIA8VG38R5443,"Refurbished: DELL Laptop Latitude D630 Intel Core 2 Duo 1.83 GHz 1 GB Memory 60 GB HDD Integrated Graphics 14.1"" Windows XP",110,.50,14,DELL,D630
9SIA1N857G4829,"HP Laptop 250 G5 250 G5 (X9U07UT#ABA) Intel Core i5 6th Gen 6200U (2.30 GHz) 8 GB Memory 256 GB SSD Intel HD Graphics 520 15.6"" Windows 10 Home 64-Bit",485,.86,14,HP,250 G5 (X9U07UT#ABA)
9SIA0AJ3J95978,"Refurbished: ASUS Laptop Q550LF-BBI7T07 Intel Core i7 4th Gen 4500U (1.80 GHz) 8 GB Memory 1 TB HDD NVIDIA GeForce GT 745M 15.6"" Touchscreen Windows 8 64-bit",899,.48,15,ASUS,Q550LF-BBI7T07
9SIA0AJ3S48122,"ASUS S56CA Ultrabook - Intel Core i5 6GB RAM 750GB HDD+24GB SSD 15.6"" Windows 8 (S56CA-DH51)",769,.48,15,ASUS,S56CA-DH51
9SIA0AJ2NC2602,"ASUS Laptop X200CA-DB01T Intel Celeron 1007U (1.5 GHz) 2 GB Memory 320 GB HDD Intel HD Graphics 11.6"" Touchscreen Windows 8 64-Bit",499,.89,15,ASUS,X200CA-DB01T
9SIA0AJ3T25123,"ASUS Laptop X550ZA-WB11 AMD A10-Series A10-7400P (2.50 GHz) 8 GB Memory 1 TB HDD AMD Radeon R6 Series 15.6"" Windows 8.1 64-Bit",779,.95,15,ASUS,X550ZA-WB11
9SIAC885A49604,"ASUS Laptop F555UA-EH71 Intel Core i7 6th Gen 6500U (2.50 GHz) 8 GB Memory 1 TB HDD Intel HD Graphics 520 15.6"" Windows 10 Home 64-Bit",639,.99,15,ASUS,F555UA-EH71
9SIA6V656F2199,"Apple MacBook Pro (2012 Model) Intel Core i5 4GB DDR3 500GB HDD 13.3"" Mac OS X v10.8 Mountain Lion (MD101LL/A)",899,.99,15,Apple,MD101LL/A
9SIA57X3V97967,"MSI GE Series GE72 Apache Pro-070 17.3"" Intel Core i7 6th Gen 6700HQ (2.60 GHz) NVIDIA GeForce GTX 970M 16 GB Memory 128 GB SSD 1 TB HDD Windows 10 Home 64-Bit Gaming Laptop","1,249",.00,15,MSI,GE72 Apache Pro-070
N82E16834232777,"ASUS Zenbook UX303UB-DH74T Ultrabook Intel Core i7 6500U (2.50 GHz) 12 GB Memory 512 GB SSD NVIDIA GeForce 940M 2 GB 13.3"" IPS Quad HD+ 3200 x 1800 Touchscreen 1.2 MP HD Camera Windows 10 Home 64-Bit","1,199",.00,15,ASUS,UX303UB-DH74T
N82E16834315450,"Refurbished: Acer Laptop Aspire V 13 V3-372T-5051 Intel Core i5 6200U (2.30 GHz) 6 GB Memory 256 GB SSD Intel HD Graphics 520 13.3"" Touchscreen Windows 10 Home (Manufacturer Recertified)",449,.99,15,Acer,V3-372T-5051
N82E16834315672,"Acer Laptop Aspire E5-774G-52W1 Intel Core i5 7th Gen 7200U (2.50 GHz) 8 GB DDR4 Memory 256 GB SSD NVIDIA GeForce 940MX 17.3"" Windows 10 Home 64-Bit",559,.99,15,Acer,E5-774G-52W1
N82E16834315714,"Refurbished: Acer Laptop R5-571T-59DC Intel Core i5 6200U (2.30 GHz) 8 GB Memory 1 TB HDD Intel HD Graphics 520 15.6"" Full HD 10-point multitouch IPS screen Windows 10 Home (Manufacturer Recertified)",419,.99,15,Acer,R5-571T-59DC
9SIA0AJ3635451,"Refurbished: ASUS X550LA-SI50402W 15.6"" HD display Laptop with Intel Core i5-4200U 1.60Ghz (2.60Ghz Turbo) , 4GB DDR3L, 500GB HDD, DVDRW, HD Webcam and Windows 8 64Bit",599,.95,16,ASUS,X550LA-SI50402W
9SIA6A34453863,"Refurbished: HP Notebook Laptop EliteBook 8540P Intel Core i5 1st Gen 520M (2.40 GHz) 4 GB Memory 250 GB HDD 15.6"" Windows 7 Professional",179,.99,16,HP,None
9SIA0AJ3A08915,"Refurbished: ASUS Q501LA-BBI5T03 Intel Core i5 4200U (1.60GHz) 6GB Memory 750GB HDD 15.6"" Touchscreen Notebook Windows 8 64-Bit B GRADE",749,.95,16,ASUS,Q501LA-BBI5T03
9SIA9B553V1975,"Acer Laptop Aspire E1 E1-731-4699 Intel Pentium 2020M (2.40 GHz) 4 GB Memory 500 GB HDD Intel HD Graphics 17.3"" Windows 7 Home Premium 64-Bit",499,.99,16,Acer,E1-731-4699
9SIA0AJ2M36128,"HP EliteBook 840 G1 Ultrabook -  Intel Core i5  4GB Memory 180GB SSD 14"" Ultrabook Windows 7 with 3yr Warranty- (E3W30UT#ABA)","1,399",.89,17,HP,840 G1 (E3W30UT#ABA)
9SIA6R42NA4123,"ASUS D550CA-RS31 15.6"" Intel Core i3-3217U (1.80GHz) 6GB Memory 500GB HDD Windows 8 64-Bit Laptop",499,.99,17,ASUS,D550CA-RS31
9SIA3FA3KF3078,"ASUS ROG G751JT-DB73 G-Sync Gaming Laptop 4th Generation Intel Core i7 4720HQ (2.60 GHz) 16 GB Memory 1 TB HDD 256 GB SSD NVIDIA GeForce GTX 970M 3 GB GDDR5 17.3"" Windows 8.1 64-Bit","1,562",.87,17,ASUS,G751JT-DB73
9SIA96K4UK8910,"Lenovo Laptop ThinkPad E560 (20EV002JUS) Intel Core i7 6th Gen 6500U (2.5 GHz) 8 GB Memory 500 GB HDD AMD Radeon R7 M370 15.6"" Windows 7 Professional 64-Bit (Downgrade from Windows 10 Pro)",739,.00,17,Lenovo,E560 (20EV002JUS)
9SIA0AJ2172534,"Refurbished: Apple Laptop MacBook MB402LL/A Intel Core 2 Duo 2.10 GHz 2 GB Memory 120 GB HDD Intel GMA X3100 13.3"" Mac OS X v10.5 Leopard",499,.95,18,Apple,MB402LL/A
9SIA0AJ2314432,"Refurbished: TOSHIBA Laptop C55T-A5123 Intel Celeron N2820 (2.13 GHz) 4 GB Memory 500 GB HDD Intel HD Graphics 15.6"" Windows 8.1",599,.95,18,TOSHIBA,C55T-A5123
9SIA8VG38J6471,"Refurbished: DELL Laptop Latitude E6400 Intel Core 2 Duo P8400 (2.26 GHz) 4 GB Memory 160 GB HDD 0 GB SSD 14.0"" Windows 7 Professional 64-Bit",145,.35,18,DELL,E6400
9SIA0AJ38E3093,"Lenovo Laptop G50-45 (80E3005NUS) AMD A8-Series A8-6410 (2.00 GHz) 6 GB Memory 1 TB HDD AMD Radeon R5 Series 15.6"" Windows 8.1",699,.48,18,Lenovo,G50-45 (80E3005NUS)
9SIA6R43JX6404,"Acer Aspire ES1-512-C88M Notebook Intel Celeron N2840 (2.16GHz) 4GB Memory 500GB HDD Intel HD Graphics 15.6""  Windows 8.1 with Bing 64-Bit",349,.99,18,Acer,ES1-512-C88M
9SIA9JJ4S74746,"ASUS Laptop X555DA-AS11 AMD A10-Series A10-8700P (1.80 GHz) 8 GB Memory 256 GB SSD AMD Radeon R6 Series 15.6"" Windows 10 Home 64-Bit",479,.98,18,ASUS,X555DA-AS11
9SIA77G2WH8505,"Refurbished: ThinkPad Laptop T Series T410 Intel Core i5 1st Gen 560M (2.66 GHz) 4 GB Memory 320 GB HDD 14.0"" Windows 7 Professional 64-Bit",203,.12,19,ThinkPad,T410
9SIA0AJ3KD0723,"ASUS ROG GL771JM-DH71 17.3"" Intel Core i7 4th Gen 4710HQ (2.50 GHz) NVIDIA GeForce GTX 860M 12 GB Memory 1 TB HDD Windows 8.1 64-Bit Gaming Laptop","1,599",.95,19,ASUS,GL771JM-DH71
9SIA0AJ2ES5678,Refurbished: Dell Latitude E6420 Intel i5 2500MHz 250Gig HDD 8192mb DVD ROM 14.0” WideScreen LCD Windows 7 Professional 64 Bit Laptop Notebook,599,.95,20,DELL,794504635669
N82E16834299263,"Refurbished: DELL Laptop E6430 Intel Core i5 3rd Gen 3320M (2.60 GHz) 8 GB Memory 256 GB SSD 14.0"" Windows 7 Professional 64-Bit",338,.99,20,DELL,E6430
9SIA0AJ35U4983,"Lenovo Laptop B575e AMD Dual-Core Processor E2-1800 (1.7 GHz) 2 GB Memory 320 GB HDD AMD Radeon HD 7340 15.6"" Windows 7 Professional",658,.95,20,Lenovo,B575e
9SIA4RR27V4597,"Refurbished: Lenovo Laptop T420 Intel Core i5 2.50 GHz 4 GB Memory 500 GB HDD 14.0"" Windows 7 Professional 64-Bit",259,.00,21,Lenovo,T420
9SIA0AJ3T11849,"Acer Laptop Aspire V3-572G-543S Intel Core i5 5200U (2.20GHz) 8GB Memory 1TB HDD FHD NVIDIA GeForce GT 840M 15.6"" Windows 8.1",699,.89,22,Acer,V3-572G-543S
9SIA0AJ16H3553,"Lenovo IdeaPad U310 Intel Core i5 8GB 500GB HDD 24GB SSD 13.3"" Touchscreen Ultrabook Graphite Gray (59381114)","1,499",.95,22,Lenovo,U310 (59381114)
9SIA0AJ1BU7797,"Lenovo IdeaPad U310 43752CU 13.3"" Ultrabook",899,.95,23,Lenovo,U310 (43752CU)
9SIA0AJ3KD0721,"Lenovo Laptop Z50 (80EC000TUS) AMD A10-Series A10-7300 (1.90 GHz) 8 GB Memory 1 TB HDD AMD Radeon R6 Series 15.6"" Windows 8.1",699,.95,25,Lenovo,Z50 (80EC000TUS)
9SIA0AJ4RG8000,"Refurbished: Lenovo Laptop T420 Intel Core i5 2.50 GHz 4 GB Memory 320 GB HDD 14.1"" Windows 7 Professional 64-Bit w/18 month warranty",449,.95,26,Lenovo,T420
9SIA0AJ4YK8572,"HP Laptop 350 G1 (K4L55UT#ABA) Intel Core i7 4th Gen 4510U (2.00 GHz) 8 GB Memory 500 GB HDD Intel HD Graphics 4400 15.6"" Windows 7 Professional 64-Bit with Windows 8.1 Pro License",899,.89,27,HP,350 G1 (K4L55UT#ABA)
9SIAA784TF1360,"Acer Aspire ES1-111M-C40S Notebook Intel Celeron N2840 (2.16GHz) 2GB Memory 32GB Internal Storage Intel HD Graphics 11.6""  Windows 8.1 with Bing",199,.98,27,Acer,ES1-111M-C40S
9SIA4RR20K1028,"Refurbished: ThinkPad Laptop T Series T410 Intel Core i5 1st Gen 520M (2.40 GHz) 4 GB Memory 320 GB HDD Intel HD Graphics 14.0"" Windows 7 Professional 64-Bit",242,.00,29,ThinkPad,T410
9SIA0AJ2YU7233,"Acer Laptop Aspire E5-571-5552 Intel Core i5 4th Gen 4210U (1.70 GHz) 4GB DDR3L Memory 500 GB HDD Intel HD Graphics 4400 15.6"" Windows 8.1",639,.95,29,Acer,E5-571-5552
9SIA4RR32K9672,"Refurbished: Lenovo ThinkPad T420 14"" Notebook with Intel Core i5-2520M 2.50 GHz (3.20 GHz Turbo), 4 GB RAM, 320 GB HDD, DVD-ROM, Windows 7 Professional COA Only",233,.99,30,ThinkPad,T420
9SIA0AJ1JG9955,Acer C7 Chromebook C710-2847 11.6-inch WiFi  – Iron Gray,449,.95,30,Acer,C710-2847
N82E16834315713,"Acer Laptop Aspire E5-575G-55KK Intel Core i5 7th Gen 7200U (2.50 GHz) 8 GB Memory 1 TB HDD NVIDIA GeForce 940MX 15.6"" Windows 10 Home",459,.99,30,Acer,E5-575G-55KK
9SIA0AJ2K34239,"HP Laptop 350 G1 (K4L54UT#ABA) Intel Core i5 4th Gen 4210U (1.70 GHz) 4 GB Memory 500 GB HDD Intel HD Graphics 4400 15.6"" Windows 7 Professional 64-Bit with Windows 8.1 Pro License",999,.48,31,HP,350 G1 (K4L54UT#ABA)
N82E16834231310,"ASUS VivoBook S400CA-RSI5T18 Intel Core i5 3rd Gen 3317U (1.70 GHz) 4 GB Memory 500 GB HDD 14"" Touchscreen 1366 x 768 2-in-1 Laptop Windows 8 64-Bit",649,.99,32,ASUS,S400CA-RSI5T18
9SIAAVC49D8239,"Lenovo Laptop G50-80 (80E501U3US) Intel Core i5 5th Gen 5200U (2.20 GHz) 6 GB Memory 500 GB HDD Intel HD Graphics 5500 15.6"" Windows 8.1",687,.00,32,Lenovo,G50-80 (80E501U3US)
9SIA4RR2YJ1980,Refurbished: HP EliteBook 8440P Intel Core i5 2.53 Ghz 4GB DDR3 250GB HDD 14” Notebook Windows 7 Professional 64 Bit,214,.00,35,HP,8440p
N82E16834234023,"ASUS K501UW-NB72 15.6"" Intel Core i7 6th Gen 6500U (2.50 GHz) NVIDIA GeForce GTX 960M 8 GB DDR4 Memory 128 GB SSD 750 GB HDD Windows 10 Home 64-Bit Gaming Laptop",779,.00,35,ASUS,K501UW-NB72
9SIA3FA4583964,"DELL Inspiron i7559-2512BLK Gaming Laptop Intel Core i7 6700HQ (2.60 GHz) 8 GB Memory 1 TB HDD 8 GB SSD NVIDIA GeForce GTX 960M 4 GB GDDR5 15.6"" 1920 x 1080 Windows 10 Home 64-Bit",840,.85,36,DELL,i7559-2512BLK
N82E16834331907,"Lenovo IdeaPad Y700 80NV00Q9US Gaming Laptop 6th Generation Intel Core i7 6700HQ (2.60 GHz) 16 GB DDR4 Memory 1 TB HDD 256 GB PCIE SSD NVIDIA GeForce GTX 960M 4 GB 15.6"" Windows 10 Home 64-Bit",999,.00,36,Lenovo,Y700 (80NV00Q9US)
9SIA0AJ2MW5727,"Acer Laptop Aspire E1-572-6870 Intel Core i5 4th Gen 4200U (1.60 GHz) 4 GB Memory 500 GB HDD Intel HD Graphics 4400 15.6"" Windows 8",649,.48,38,Acer,E1-572-6870
9SIAC8859G1819,"Acer Laptop Aspire E 15 E5-575G-52RJ Intel Core i5 6th Gen 6200U (2.30 GHz) 8 GB Memory 1 TB HDD NVIDIA GeForce 940MX 15.6"" Windows 10 Home",535,.80,40,Acer,E5-575G-52RJ
9SIA0AJ4311891,"ASUS Laptop X550ZA-WH11(WX) AMD A10-Series A10-7400P (2.50 GHz) 8 GB Memory 1 TB HDD AMD Radeon R6 Series 15.6"" Windows 10 Home 64-Bit",679,.89,41,ASUS,X550ZA-WH11(WX)
9SIA0AJ30R7600,"ASUS X551MAV-EB01-B Notebook Intel Baytrail-M Dual-Core N2830 (2.16GHz) 4GB Memory 500GB HDD Intel HD Graphics 15.6"" Windows 8.1 64-Bit",599,.48,41,ASUS,X551MAV-EB01-B
9SIA8X53HT2140,"ASUS ROG GL551JW-WH71(WX) 15.6"" Intel Core i7 4th Gen 4720HQ (2.60 GHz) NVIDIA GeForce GTX 960M 8 GB Memory 1 TB HDD Windows 10 Home 64-Bit Gaming Laptop","1,379",.99,41,ASUS,GL551JW-WH71(WX)
9SIA6R43R45298,"ASUS Laptop X Series X555UB-NH51 Intel Core i5 6th Gen 6200U (2.30 GHz) 8 GB Memory 1 TB HDD NVIDIA GeForce 940M 15.6"" Windows 10 Home",699,.99,45,ASUS,X555UB-NH51
9SIA0AJ3Z89988,"Lenovo Laptop G50 (80E301GUUS) AMD A8-Series A8-6410 (2.00 GHz) 4 GB Memory 500 GB HDD AMD Radeon R5 Series 15.6"" Windows 8.1",649,.48,47,Lenovo,G50 (80E301GUUS)
9SIA0AJ3KD0718,"Acer Laptop Aspire E5-573G-59C3 Intel Core i5 5th Gen 5200U (2.20 GHz) 8 GB Memory 1 TB HDD 8 GB SSD NVIDIA GeForce 940M 15.6"" Windows 8.1",889,.48,48,Acer,E5-573G-59C3
9SIA0AJ35D7357,"ASUS ROG GL551 series GL551JM-DH71 15.6"" Intel Core i7 4th Gen 4710HQ (2.50 GHz) NVIDIA GeForce GTX 860M 16 GB Memory 1 TB HDD Windows 8.1 64-Bit Gaming Laptop","1,499",.89,48,ASUS,GL551JM-DH71
N82E16834154111,"MSI GL62 6QF-627 15.6"" Intel Core i7 6th Gen 6700HQ (2.60 GHz) NVIDIA GeForce GTX 960M 8 GB Memory 1 TB HDD Windows 10 Home 64-Bit Gaming Laptop",769,.00,50,MSI,GL62 6QF-627
N82E16834890015,"ASUS FZ50VW-NS51 15.6"" Intel Core i5 6th Gen 6300HQ (2.30 GHz) NVIDIA GeForce GTX 960M 8 GB DDR4 Memory 128 GB SSD 1 TB HDD Windows 10 Home 64-Bit Gaming Laptop",729,.00,53,ASUS,FZ50VW-NS51
9SIA9B543C8295,"Acer Aspire V Nitro VN7-591G-792U 15.6"" Intel Core i7 4th Gen 4720HQ (2.60 GHz) NVIDIA GeForce GTX 960M 8 GB Memory 1 TB HDD Windows 10 Home 64-Bit Gaming Laptop",919,.95,54,Acer,VN7-591G-792U
9SIA9B54NX5505,"Acer Laptop Aspire E 15 E5-574G-54Y2 Intel Core i5 6th Gen 6200U (2.30 GHz) 8 GB Memory 1 TB HDD NVIDIA GeForce 940M 15.6"" Windows 10 Home 64-Bit",554,.95,55,Acer,E5-574G-54Y2
9SIA0AJ3F05766,"Acer Laptop Aspire V3-572G-54S6 Intel Core i5 4th Gen 4210U (1.70 GHz) 8GB DDR3L Memory 1 TB HDD NVIDIA GeForce 840M 15.6"" Windows 8.1",899,.48,58,Acer,V3-572G-54S6
9SIA0AJ52E4961,"Refurbished: ThinkPad Laptop T420 Intel Core i5 2nd Gen 2520M (2.50 GHz) 4 GB Memory 320 GB HDD Intel HD Graphics 3000 14.0"" Windows 7 Professional 64-Bit (Windows Activation Code can be found in the battery compa",399,.48,60,ThinkPad,T420
9SIA9B53P02722,"Acer Laptop Aspire E E5-573G-52G3 Intel Core i5 5200U (2.20 GHz) 8 GB Memory 1 TB HDD NVIDIA GeForce 940M 2 GB 15.6"" Windows 10 Home 64-Bit",549,.95,76,Acer,E5-573G-52G3
9SIA0AJ1KH7879,"Refurbished: ThinkPad T Series T60 Notebook Intel Core Duo T2400(1.83GHz) 15"" 1GB Memory DDR2 60GB HDD 5400rpm DVD/CD-RW Combo W/Docking Station",799,.95,79,ThinkPad,T60 (1952AP2)
9SIA0AJ3NS9287,"Acer Laptop Aspire E5-573G-56RG Intel Core i5 5200U (2.20 GHz) 8 GB Memory 1 TB HDD NVIDIA GeForce 940M 4 GB 15.6"" Windows 10 Home",699,.89,102,Acer,E5-573G-56RG
9SIA0AJ5BS4717,"SAMSUNG XE303C12-A01US Chromebook Samsung Exynos 1.70 GHz 2 GB Memory 16 GB SSD 11.6"" Google Chrome OS",359,.95,119,SAMSUNG,XE303C12-A01US
