9SIA2F84BC9912,EVGA SuperNOVA 850 B2 110-B2-0850-V1 80+ BRONZE 850W Semi Modular Includes FREE Power On Self Tester Power Supply,101,.83,96,EVGA,110-B2-0850-V1
9SIA0ZX2C40700,Antec HCG M HCG-750M 750W ATX12V SLI Ready CrossFire Certified 80 PLUS BRONZE Certified Modular Active PFC Power Supply,102,.80,35,Antec,HCG-750M
9SIA6ZP5709065,PC Power & Cooling Silencer Series 1200 Watt 80+ Platinum Semi-Modular Active PFC Industrial Grade ATX PC Power Supply (PPCMK3S1200),283,.77,35,PC Power and Cooling,PPCMK3S1200
N82E16817182320,"Rosewill Photon-1200, PHOTON Series 1200W Full Modular Power Supply, 80 PLUS Gold Certified, Single +12V Rail, Intel 4th Gen CPU Ready, SLI & Crossfire Ready",149,.99,35,Rosewill,PHOTON-1200
N82E16817139061,CORSAIR CS-M Series CS750M 750W 80 PLUS GOLD Active PFC Haswell Ready ATX12V & EPS12V Modular Power Supply,104,.99,35,CORSAIR,CS750M
N82E16817139138,CORSAIR RMi Series RM850i 850W 80 PLUS GOLD Haswell Ready Full Modular ATX12V & EPS12V SLI and Crossfire Ready Power Supply with C-Link Monitoring and Control,144,.99,35,CORSAIR,RM850i
9SIA0ZX2CZ7946,COOLMAX ZU Series ZU-600B 600W ATX12V v2.31 / EPS12V v2.91 SLI Ready CrossFire Ready 80 PLUS BRONZE Certified Modular Active PFC Power Supply,70,.86,36,COOLMAX,ZU-600B
N82E16817182315,"Rosewill Hive-1000, Hive Series 1000W Modular Power Supply, 80 PLUS Bronze Certified, Single +12V Rail, Intel 4th Gen CPU Ready, SLI & CrossFire Ready",84,.99,36,Rosewill,HIVE-1000S
9SIA3912D86687,APEVIA ATX-CB500W 500W ATX12V / EPS12V Power Supply,32,.01,37,APEVIA,ATX-CB500W
9SIABP94GR8137,FSP Group FSP450-60GHS(85)-R 450W Micro ATX12V / SFX12V 80 PLUS BRONZE Certified Active PFC Power Supply with Intel Haswell Ready,63,.99,37,FSP Group,FSP450-60GHS(85)-R
N82E16817151132,SeaSonic G-750 SSR-750RM 750W ATX12V / EPS12V 80 PLUS GOLD Certified Modular Active PFC Power Supply,99,.99,37,SeaSonic,SSR-750RM
N82E16817139147,CORSAIR CX-M Series CX550M 550W 80 PLUS BRONZE Haswell Ready ATX12V & EPS12V Modular Power Supply,64,.99,37,CORSAIR,CX550M (CP-9020102-NA)
9SIA2J53Z97950,BFG Tech LS SERIES LS-550 550W Continuous @ 40°C ATX12V 2.3 / EPS12V 2.8 SLI Certified CrossFire Ready 80 PLUS Certified Active PFC Power Supply,49,.99,38,BFG Tech,LS-550
N82E16817171079,Cooler Master V850 - Fully Modular 850W 80 PLUS Gold PSU with Silencio Silent 135mm fan (6th Generation Skylake Compatible),169,.99,38,COOLER MASTER,RS850-AFBAG1-US
9SIA3912DB1809,APEVIA ITX-AP250W 250W Mini ITX Power Supply,42,.23,38,APEVIA,ITX-AP250W
N82E16817438035,EVGA SuperNOVA 1000 PS 220-PS-1000-V1 80+ PLATINUM 1000W Fully Modular EVGA ECO Mode Includes FREE Power On Self Tester Power Supply,189,.99,38,EVGA,220-PS-1000-V1
N82E16817182325,"Rosewill Photon-1050, PHOTON Series 1050W Full Modular Power Supply, 80 PLUS Gold Certified, Single +12V Rail, Intel 4th Gen CPU Ready, SLI & Crossfire Ready",129,.99,38,Rosewill,PHOTON-1050
9SIA0ZX2C37001,COOLMAX ZX Series ZX-600 600W ATX12V v2.2 / EPS12V v2.91 SLI Ready CrossFire Ready 80 PLUS Certified Active PFC Power Supply,55,.80,39,COOLMAX,ZX-600
9SIA0ZX2CZ7920,COOLMAX ZX Series ZX-700 700W ATX12V v2.2 / EPS12V v2.91 SLI Ready CrossFire Ready 80 PLUS Certified Active PFC Power Supply,63,.52,40,COOLMAX,ZX-700
9SIA4H81E87835,PC Power & Cooling Fatal1ty Gaming Series 1000 Watt 80+ Gold Semi-Modular Active PFC Performance Grade ATX PC Power Supply (OCZ-FTY1000W),189,.99,40,OCZ,OCZ-FTY1000W
N82E16817151122,SeaSonic SS-520FL2 520W ATX12V / EPS12V 80 PLUS PLATINUM Certified Full Modular Active PFC Power Supply New 4th Gen CPU Certified Haswell Ready,119,.99,40,SeaSonic,SS-520FL2
9SIA1N83U90876,EVGA 400 N1 100-N1-0400-L1 400W Power Supply,33,.32,40,EVGA,100-N1-0400-L1
9SIA1N83U90798,EVGA SuperNOVA 1050 GS 220-GS-1050-V1 80+ GOLD 1050W Fully Modular EVGA ECO Mode Includes FREE Power On Self Tester Power Supply,162,.37,41,EVGA,220-GS-1050-V1
N82E16817182298,"Rosewill ARC-M550, ARC Series 550W Modular Power Supply, 80 PLUS Bronze Certified, Single +12V Rail, Intel 4th Gen CPU Ready, SLI & CrossFire Ready",54,.99,41,Rosewill,ARC M550
N82E16817553010,COUGAR A-Series A760 (CGR B3-760) 760W ATX12V SLI Ready CrossFire Ready 80 PLUS BRONZE Certified Ultra Quiet Power Supply,59,.99,42,COUGAR,A760 (CGR B3-760)
N82E16817338045,Athena Power AP-MFATX22 220W Mini ITX / Micro FLEX ATX / ATX12V Active PFC Power Supply for many HP Slimline System Upgrades/Replacement - OEM,39,.99,42,Athena Power,AP-MFATX22
N82E16817151063,SeaSonic SS-350SFE 350W SFX12V V3.1 80 PLUS Certified Active PFC Power Supply - OEM,41,.99,42,SeaSonic,SS-350SFE
N82E16817151117,SeaSonic SSR-360GP 360W ATX12V v2.31 80 PLUS GOLD Certified Active PFC Power Supply New 4th Gen CPU Certified Haswell Ready,59,.99,42,SeaSonic,SSR-360GP
N82E16817438056,EVGA SuperNOVA 850 P2 220-P2-0850-X1 80+ PLATINUM 850W Fully Modular EVGA ECO Mode Includes FREE Power On Self Tester Power Supply,139,.99,42,EVGA,220-P2-0850-X1
N82E16817703038,PC Power & Cooling Silencer Series 750 Watt 80+ Gold Semi-Modular Active PFC Industrial Grade ATX PC Power Supply (PPCMK3S750),144,.99,43,PC Power and Cooling,PPCMK3S750
9SIA85V3N24558,Antec TruePower Classic series TP-750C 750W ATX12V / EPS12V SLI CrossFire Certified 80 PLUS GOLD Certified Power Supply,134,.99,44,Antec,TP-750C
N82E16817182207,Rosewill SL-300TFX 300W TFX12V Power Supply - OEM,24,.99,44,Rosewill,SL-300TFX
N82E16817139083,CORSAIR HXi Series HX850i 850W 80 PLUS PLATINUM Haswell Ready Full Modular ATX12V & EPS12V SLI and Crossfire Ready Power Supply with C-Link Monitoring and Control,164,.99,44,CORSAIR,CP-9020073-NA
9SIA0ZX56A8306,PC Power & Cooling ZT Series 550 Watt 80+ Bronze Fully-Modular Active PFC Performance Grade ATX PC Power Supply (OCZ-ZT550W),74,.59,46,OCZ,OCZ-ZT550W
N82E16817182299,"Rosewill ARC-650, ARC Series 650W Power Supply, 80 PLUS Bronze Certified, Single +12V Rail, Intel 4th Gen CPU Ready, SLI & CrossFire Ready",64,.99,46,Rosewill,ARC 650
9SIA1UH3YG3298,LEPA G Series G1600-MA 1600W ATX12V / EPS12V SLI Ready CrossFire Ready 80 PLUS GOLD Certified Full Modular Power Supply,262,.09,47,LEPA,G1600-MA
9SIA10V3ZZ7023,LOGISYS Computer PS550E12BK 550W ATX12V Power Supply,31,.95,48,LOGISYS Computer,PS550E12BK
N82E16817256059,SILVERSTONE ST75F-P 750W ATX 12V v2.3 / EPS 12V 80 PLUS SILVER Certified Full Modular Active PFC Power Supply,149,.99,48,SILVERSTONE,ST75F-P
9SIA2F83MX9207,Thermaltake SMART Series SP-550PCBUS 550W ATX 12V 2.3 SLI Ready CrossFire Ready 80 PLUS BRONZE Certified Active PFC Power Supply,59,.73,48,Thermaltake,SP-550PCBUS
9SIA85V48D7569,CORSAIR CX-M Series CX650M 650W 80 PLUS BRONZE Haswell Ready ATX12V & EPS12V Semi-Modular Power Supply,103,.20,48,CORSAIR,CX650M (CP-9020103-NA)
9SIA85V3RA7756,ePOWER EP-520XP-C1B 520W ATX12V Power Supply,27,.00,49,ePOWER,EP-520XP-C1B
N82E16817171078,Cooler Master V1000 - Fully Modular 1000W 80 PLUS Gold PSU with Silencio FP Silent 135mm fan (6th Generation Skylake Compatible),189,.99,49,COOLER MASTER,RSA00-AFBAG1-US
9SIA2F84BC9814,EVGA SuperNOVA 550 GS 220-GS-0550-V1 80+ GOLD 550W Fully Modular EVGA ECO Mode Includes FREE Power On Self Tester Power Supply,83,.48,49,EVGA,220-GS-0550-V1
9SIA6ZP3N68199,ENERMAX NAXN ENP450AST 450W ATX12V Power Supply,47,.55,50,ENERMAX,ENP450AST
9SIA0AJ35M9640,SeaSonic M12II 850 SS-850AM 850W ATX12V / EPS12V SLI Ready 80 PLUS BRONZE Certified Full-Modular Active PFC FULL-modular Power Supply New 4th Gen CPU Certified Haswell Ready,149,.48,51,SeaSonic,SS-850AM
9SIA2F85AW5893,Thermaltake SMART Series SP-750M 750W ATX 12V V2.3 & EPS 12V SLI Ready CrossFire Ready 80 PLUS BRONZE Certified Modular Active PFC Power Supply,81,.01,51,Thermaltake,SP-750M
N82E16817338056,Athena Power AP-MTFX30 300W TFX12V Power Supply for many HP Slimline System Upgrades/Replacement - OEM,19,.99,51,Athena Power,AP-MTFX30
9SIA2F84BD0541,EVGA SuperNOVA 750 P2 220-P2-0750-X1 80+ PLATINUM 750W Fully Modular EVGA ECO Mode Includes FREE Power On Self Tester Power Supply,138,.30,51,EVGA,220-P2-0750-X1
9SIA2J54085362,"OCZ PowerStream OCZ520ADJ 520 Watts ATX, BTX, SATA, P4 and EPS12V Power Supply",129,.99,53,OCZ,OCZ520ADJ
9SIA6ZP5708500,SPARKLE ATX-350PN-B204 350W ATX 12V 2.0 Power Supply,46,.99,53,SPARKLE,ATX-350PN-B204
9SIA0ZX2CZ8202,COOLMAX V-600 600W ATX12V version 2.2 Power Supply,46,.84,53,COOLMAX,V-600
N82E16817153145,Thermaltake Toughpower Grand TPG-1200M 1200W ATX 12V v2.3 & EPS 12V v2.92 SLI Certified CrossFire Certified 80 PLUS GOLD Certified Modular Active PFC Power Supply,219,.99,53,Thermaltake,TPG-1200M
9SIA6ZP5709204,PC Power & Cooling Silencer Series 500 Watt 80+ Bronze Semi-Modular Active PFC Industrial Grade ATX PC Power Supply (PPCMK3S500),91,.23,53,PC Power and Cooling,PPCMK3S500
N82E16817256063,SILVERSTONE ST45SF 450W SFX12V 80 PLUS BRONZE Certified Active PFC Power Supply,64,.99,54,SILVERSTONE,ST45SF
9SIA2F84BD0008,EVGA 650 GQ 210-GQ-0650-V1 80+ GOLD 650W Semi Modular EVGA ECO Mode Power Supply,85,.82,54,EVGA,210-GQ-0650-V1
9SIA2F84BC9923,EVGA SuperNOVA 1200 P2 220-P2-1200-X1 80+ PLATINUM 1200W Fully Modular EVGA ECO Mode Includes FREE Power On Self Tester Power Supply,234,.92,55,EVGA,220-P2-1200-X1
9SIA0AJ4VG4276,SILVERSTONE Strider Essential series ST60F-ES 600W ATX12V / EPS12V SLI Ready CrossFire Ready 80 PLUS Certified Active PFC Power Supply,149,.95,56,SILVERSTONE,ST60F-ES
9SIA24G28N5143,Thermaltake SMART M Series SP-850M 850W ATX12V / EPS12V SLI Certified CrossFire Certified 80 PLUS BRONZE Certified Modular Active PFC Power Supply,96,.24,56,Thermaltake,SP-850M
N82E16817182294,Rosewill ARC-750 ARC Series 750W 80 PLUS Bronze Certified Single +12V Rail Intel 4th Gen CPU SLI and CrossFire Ready Power Supply,69,.99,56,Rosewill,ARC 750
N82E16817139143,CORSAIR RMx Series RM650X 650W 80 PLUS GOLD Haswell Ready Full Modular ATX12V & EPS12V SLI and Crossfire Ready Power Supply,109,.99,56,CORSAIR,RM650X (CP-9020091-NA)
N82E16817139059,CORSAIR CS-M Series CS550M 550W 80 PLUS GOLD Active PFC Haswell Ready ATX12V & EPS12V Modular Power Supply,79,.99,57,CORSAIR,CS550M
9SIA6FR57K5719,SPARKLE FSP300-60ATV 300W ATX Power Supply,54,.41,58,SPARKLE,FSP300-60ATV
9SIA0ZX53E5930,PC Power & Cooling Silencer Series 400 Watt 80+ Bronze Semi-Modular Active PFC Industrial Grade ATX PC Power Supply (PPCMK3S400),83,.21,61,PC Power and Cooling,PPCMK3S400
9SIA3912D88090,APEVIA WARLOCK POWER ATX-WA1100W 1100W ATX12V / EPS12V SLI Ready CrossFire Ready Active PFC Power Supply,104,.84,62,APEVIA,ATX-WA1100W
N82E16817153173,Thermaltake SMART Series SP-650PCBUS 650W ATX 12V 2.3 80 PLUS BRONZE Certified Active PFC Power Supply,59,.99,62,Thermaltake,SP-650PCBUS
9SIA0AJ3FW6645,Refurbished: Corsair Certified CX-M Series CX750M 750W 80 Plus Bronze Active PFC Modular Power Supply,149,.95,63,CORSAIR,CX750M
N82E16817139082,CORSAIR HXi Series HX1000i 1000W 80 PLUS PLATINUM Haswell Ready Full Modular ATX12V & EPS12V SLI and Crossfire Ready Power Supply with C-Link Monitoring and Control,209,.99,63,CORSAIR,HX1000i (CP-9020074-NA)
N82E16817182300,"Rosewill ARC-M650, ARC Series 650W Modular Power Supply, 80 PLUS Bronze Certified, Single +12V Rail, Intel 4th Gen CPU Ready, SLI & CrossFire Ready",54,.99,63,Rosewill,ARC M650
N82E16817151074,SeaSonic S12II 430B 430W ATX12V / EPS12V 80 PLUS BRONZE Certified Active PFC Power Supply,41,.99,64,SeaSonic,S12II 430B
9SIA0AJ3T10293,SILVERSTONE ST1000-P 1000W ATX 12V v2.3 & EPS 12V 80 PLUS SILVER Certified Modular Active PFC Power Supply,216,.89,65,SILVERSTONE,ST1000-P
9SIA85V4544623,COOLMAX M-500 500W ATX12V Power Supply,40,.55,65,COOLMAX,M-500
9SIA3915526242,SILVERSTONE ST45SF-G 450W SFX12V SLI Ready CrossFire Ready 80 PLUS GOLD Certified Full Modular Active PFC Power Supply,101,.95,66,SILVERSTONE,ST45SF-G
9SIA85V4SC8495,EVGA SuperNOVA 650 GS 220-GS-0650-V1 80+ GOLD 650W Fully Modular EVGA ECO Mode Includes FREE Power On Self Tester Power Supply,143,.62,67,EVGA,220-GS-0650-V1
N82E16817153174,Thermaltake SMART Series SP-750PCBUS 750W ATX 12V v2.4 / EPS v2.92 80 PLUS BRONZE Certified Active PFC Power Supply,67,.99,67,Thermaltake,SP-750PCBUS
9SIA0ZX53E6020,PC Power & Cooling Silencer Series 600 Watt 80+ Bronze Semi-Modular Active PFC Industrial Grade ATX PC Power Supply (PPCMK3S600),101,.52,68,PC Power and Cooling,PPCMK3S600
N82E16817139084,CORSAIR HXi Series HX750i 750W 80 PLUS PLATINUM Haswell Ready Full Modular ATX12V & EPS12V SLI and Crossfire Ready Power Supply with C-Link Monitoring and Control,149,.99,69,CORSAIR,HX750I (CP-9020072-NA)
9SIA1N83ZR5627,LEPA N Series N500-SA 500W ATX12V Power Supply,,,70,LEPA,N500-SA
9SIA4S85993337,PC Power & Cooling ZT Series 650 Watt 80+ Bronze Fully-Modular Active PFC Performance Grade ATX PC Power Supply  (OCZ-ZT650W),83,.00,73,OCZ,OCZ-ZT650W
N82E16817151107,SeaSonic M12II 750 SS-750AM2 750W ATX12V / EPS12V SLI Ready 80 PLUS BRONZE Certified Modular Active PFC Full-modular Power Supply New 4th Gen CPU Certified Haswell Ready,89,.99,73,SeaSonic,SS-750AM
9SIA0ZX2D09890,SILVERSTONE ST1500 1500W ATX 12V 2.3 & EPS 12V SLI Ready 80 PLUS SILVER Certified Full Modular Active PFC Power Supply,337,.75,77,SILVERSTONE,ST1500
N82E16817438053,EVGA SuperNOVA 550 G2 220-G2-0550-Y1 80+ GOLD 550W Fully Modular EVGA ECO Mode Includes FREE Power On Self Tester Power Supply,79,.99,77,EVGA,220-G2-0550-Y1
9SIA2F84BC9813,EVGA SuperNOVA 1000 G1 120-G1-1000-VR 80+ GOLD 1000W Fully Modular,135,.93,77,EVGA,120-G1-1000-VR
N82E16817139140,CORSAIR RMx Series RM1000X 1000W 80 PLUS GOLD Haswell Ready Full Modular ATX12V & EPS12V Power Supply SLI and Crossfire Ready,139,.99,77,CORSAIR,RM1000X (CP-9020094-NA)
N82E16817139141,CORSAIR RMx Series RM850X 850W 80 PLUS GOLD Haswell Ready Full Modular ATX12V & EPS12V SLI and Crossfire Ready Power Supply,119,.99,77,CORSAIR,RM850X (CP-9020093-NA)
N82E16817151099,"Seasonic SS-460FL2 Active PFC F3, 460W Fanless ATX12V Fanless 80Plus PLATINUM Certified, Modular Power Supply New 4th Gen CPU Certified Haswell Ready",109,.99,78,SeaSonic,Platinum-460 Fanless (SS-460FL2 Active PFC F3)
N82E16817151118,SeaSonic SSR-650RM 650W ATX12V / EPS12V SLI Ready CrossFire Ready 80 PLUS GOLD Certified Modular Active PFC Power Supply New 4th Gen CPU Certified Haswell Ready,79,.99,78,SeaSonic,SSR-650RM
N82E16817139041,CORSAIR AXi Series AX860i Digital 860W 80 PLUS PLATINUM Haswell Ready Full Modular ATX12V & EPS12V SLI and Crossfire Ready Power Supply with C-Link Monitoring and Control,199,.99,80,CORSAIR,AX860i
9SIACVB57Z0315,"Seasonic SS-760XP2 ATX 12V/EPS 12V, 760W, 80 PLUS PLATINUM Full Modular certified Active PFC Power Supply New 4th Gen CPU Certified Haswell Ready",145,.00,83,SeaSonic,SS-760XP2
9SIA24G3RH4882,TOPOWER ZU-500W 500W ATX12V Ver. 2.0     Power Supply,44,.79,84,TOPOWER,ZU-500W
N82E16817148035,APEVIA WARLOCK POWER ATX-WA750W 750W ATX12V / EPS12V SLI Ready CrossFire Ready Power Supply,69,.99,84,APEVIA,ATX-WA750W
N82E16817182323,"Rosewill Photon-750, PHOTON Series 750W Full Modular Power Supply, 80 PLUS Gold Certified, Single +12V Rail, Intel 4th Gen CPU Ready, SLI & Crossfire Ready",89,.99,85,Rosewill,PHOTON-750
N82E16817338008,"Athena Power AP-MP4ATX40 400W ATX12V / MicroATX / SFX12V v 2.2 SLI Ready CrossFire Ready   eMachines, HP Upgrades/Replacement Power Supply",24,.99,86,Athena Power,AP-MP4ATX40
9SIA0ZX2C36089,COOLMAX V-400 400W ATX v2.01 Power Supply,28,.85,87,COOLMAX,V-400
9SIA4H81E87752,PC Power & Cooling ZX Series 1000 Watt 80+ Gold Fully-Modular Active PFC Performance Grade ATX PC Power Supply (OCZ-ZX1000W),217,.99,88,OCZ,OCZ-ZX1000W
9SIA0ZX2C40613,Antec HCG M HCG-850M 850W ATX12V SLI Ready CrossFire Certified 80 PLUS BRONZE Certified Modular Active PFC Power Supply,113,.26,91,Antec,HCG-850M
9SIA0ZX2C33049,Antec HCG M Series HCG-620M 620W ATX12V / EPS12V SLI Ready CrossFire Ready 80 PLUS BRONZE Certified Modular Active PFC Power Supply - Intel Haswell Fully Compatible,96,.37,92,Antec,HCG-620M
9SIA4H81E87765,PC Power & Cooling ZX Series 1250 Watt 80+ Gold Fully-Modular Active PFC Performance Grade ATX PC Power Supply (OCZ-ZX1250W),272,.50,96,OCZ,OCZ-ZX1250W
9SIA2F84BC9887,EVGA SuperNOVA 750 B2 110-B2-0750-VR 80+ BRONZE 750W Semi Modular Includes FREE Power On Self Tester Power Supply,79,.84,100,EVGA,110-B2-0750-VR
N82E16817151119,SeaSonic G Series SSR-550RM 550W ATX12V / EPS12V SLI Ready CrossFire Ready 80 PLUS GOLD Certified Modular Active PFC Power Supply New 4th Gen CPU Certified Haswell Ready,69,.99,100,SeaSonic,SSR-550RM
9SIA85V3V36824,CORSAIR RM Series RM850 850W ATX12V v2.31 and EPS 2.92 80 PLUS GOLD Certified Full Modular Active PFC Power Supply,172,.87,101,CORSAIR,RM850
9SIA1N83U89988,EVGA SuperNOVA 850 GS 220-GS-0850-V1 80+ GOLD 850W Fully Modular EVGA ECO Mode Includes FREE Power On Self Tester Power Supply,125,.44,103,EVGA,220-GS-0850-V1
9SIA1N83U90893,EVGA SuperNOVA 650 G2 220-G2-0650-Y1 80+ GOLD 650W Fully Modular EVGA ECO Mode Includes FREE Power On Self Tester Power Supply,99,.21,103,EVGA,220-G2-0650-Y1
9SIA25V2SC0908,SeaSonic S12 Energy Plus SS-650HT 650W ATX12V V2.3 / EPS12V V2.91 SLI Certified CrossFire Ready 80 PLUS Certified  Active PFC Power Supply,101,.20,104,SeaSonic,SS-650HT
9SIA85V3E25209,CORSAIR RM Series RM650 650W ATX12V v2.31 and EPS 2.92 80 PLUS GOLD Certified Full Modular Active PFC Power Supply,213,.89,105,CORSAIR,RM650
N82E16817139142,CORSAIR RMx Series RM750X 750W 80 PLUS GOLD Haswell Ready Full Modular ATX12V & EPS12V SLI and Crossfire Ready Power Supply,109,.99,105,CORSAIR,RM750X (CP-9020092-NA)
9SIACVB57Y4189,SeaSonic  X-1050 ( SS-1050XM2 ) 1050W ATX12V / EPS12V SLI Certified CrossFire Ready 80 PLUS GOLD Certified Full Modular Active PFC Power Supply New 4th Gen CPU Certified Haswell Ready,189,.00,107,SeaSonic,X-1050
N82E16817151086,SeaSonic SS-300ET Bronze 300W ATX12V V2.3 80 PLUS BRONZE Certified Active PFC Power Supply,35,.99,107,SeaSonic,SS-300ET Bronze
9SIA85V4TW1125,COOLMAX CU series CU-700B 700W ATX12V SLI Ready Modular and Compatible with Core i3/i5/i7 Power Supply,83,.92,108,COOLMAX,CU-700B
9SIA0ZX2CA9718,COOLMAX ZX Series ZX-500 500W ATX12V v2.2 / EPS12V v2.91 SLI Ready CrossFire Ready 80 PLUS Certified Active PFC Power Supply,50,.26,108,COOLMAX,ZX-500
9SIA2J54BJ2977,Mushkin Enhanced 550250 580W ATX12V / EPS12V SLI Certified CrossFire Ready Modular Active PFC Power Supply,69,.99,109,Mushkin Enhanced,550250
N82E16817151090,SeaSonic SS-300TFX Bronze 300W TFX12V v2.3 80 PLUS BRONZE Certified Active PFC Power Supply - OEM,35,.99,109,SeaSonic,SS-300TFX Bronze
9SIA0ZX32N9274,SeaSonic M12II 520 Bronze EVO Edition 520W ATX12V v2.3 / EPS 12V v2.91 SLI 80 PLUS BRONZE Certified Full Modular Active PFC Power Supply,75,.25,110,SeaSonic,M12II 520
9SIA85V3NU8688,CORSAIR RM Series RM1000 1000W ATX12V v2.4 and EPS 2.92 80 PLUS GOLD Certified Full Modular Active PFC Power Supply,283,.80,118,CORSAIR,RM1000
N82E16817151097,SeaSonic Platinum Series SS-400FL2 Active PFC F3 400W ATX12V Fanless 80 PLUS Platinum Certified Modular Active PFC Power Supply New 4th Gen CPU Certified Haswell Ready,99,.99,119,SeaSonic,SS-400FL2 Active PFC F3
N82E16817338009,"Athena Power AP-MPS3ATX40 400W Micro PS3 / ATX12V  SLI Ready CrossFire Ready   DELL, HP Upgrades/Replacement Power Supply",19,.99,120,Athena Power,AP-MPS3ATX40
9SIA2F84BC9891,EVGA SuperNOVA 650 G1 120-G1-0650-XR 80+ GOLD 650W Fully Modular Includes FREE Power On Self Tester Power Supply,88,.21,124,EVGA,120-G1-0650-XR
N82E16817153165,Thermaltake TR2 TR-500 500W ATX12V v2.3 SLI Ready CrossFire Ready ATX12V & EPS12V Power Supply Power Supply,49,.99,125,Thermaltake,TR-500
N82E16817182131,"Rosewill Hive-550, Hive Series 550W Modular Power Supply, 80 PLUS Bronze Certified, Single +12V Rail, Intel 4th Gen CPU Ready, SLI & CrossFire Ready",54,.99,125,Rosewill,HIVE-550S
9SIA0ZX2C29244,Antec Basiq BP350 350W ATX12V v2.01 Power Supply - Intel Haswell Fully Compatible,41,.29,126,Antec,BP350
N82E16817151111,SeaSonic Platinum SS-860XP2 860W ATX12V / EPS12V SLI Ready CrossFire Ready 80 PLUS PLATINUM Certified Full Modular Active PFC Power Supply New 4th Gen CPU Certified Haswell Ready,169,.99,128,SeaSonic,SS-860XP2
N82E16817151094,SeaSonic S12II 520 Bronze 520W ATX12V V2.3 / EPS 12V V2.91 80 PLUS BRONZE Certified Active PFC Power Supply,44,.90,130,SeaSonic,S12II 520 Bronze
N82E16817139044,CORSAIR AX Series AX860 860W 80 PLUS PLATINUM Haswell Ready Full Modular ATX12V & EPS12V SLI and Crossfire Ready Power Supply,174,.99,131,CORSAIR,AX860
9SIA2F83K82404,Thermaltake Toughpower TPD-0750M - SLI/ CrossFire Ready 80 PLUS Gold Certification and Semi Modular Cables  Black Active PFC Power Supply Intel Haswell Ready (PS-TPD-0750MPCGUS-1),87,.89,132,Thermaltake,PS-TPD-0750MPCGUS-1
N82E16817151096,SeaSonic S12II Series S12II 620 Bronze (SS-620GB) 620W Intel ATX 12 V 80 PLUS BRONZE Certified Active PFC Power Supply,49,.90,134,SeaSonic,S12II 620 Bronze (SS-620GB)
9SIA0ZX2C33035,Antec High Current Gamer Series HCG-900 900W ATX12V v2.3 / EPS12V v2.91 SLI Certified CrossFire Certified 80 PLUS BRONZE Certified Active PFC Power Supply - Intel Haswell Fully Compatible,131,.78,135,Antec,HCG-900
N82E16817553004,"COUGAR CMX 1000 COUGAR-1000CMX 1000W ATX12V / EPS12V SLI Ready CrossFire Ready 80 PLUS BRONZE Certified Yes, flexible cable management Active PFC Power Supply Haswell ready",99,.99,138,COUGAR,COUGAR-1000CMX
9SIA1N82E41205,Antec Basiq BP430 430W Continuous Power ATX12V Version 2.2 80 PLUS Certified Active PFC Power Supply - Intel Haswell Fully Compatible,41,.41,139,Antec,BP430
N82E16817151121,"Seasonic SS-660XP2 ATX 12V / EPS 12V, 660W, 80 PLUS PLATINUM Full Modular  certified Active PFC Power Supply New 4th Gen CPU Certified Haswell Ready",119,.99,141,SeaSonic,SS-660XP2
9SIA1UH3H81887,CORSAIR AXi Series AX1200i Digital 1200W 80 PLUS PLATINUM Haswell Ready Full Modular ATX12V & EPS12V SLI and Crossfire Ready Power Supply with C-Link Monitoring and Control,316,.83,141,CORSAIR,AX1200i
9SIA1UH50Y2009,Rosewill RV350-2 350W ATX 12V v2.2 Power Supply,33,.55,142,Rosewill,RV350-2
N82E16817438027,EVGA SuperNOVA 750 G1 120-G1-0750-XR 80+ GOLD 750W Fully Modular Includes FREE Power On Self Tester Power Supply,89,.99,144,EVGA,120-G1-0750-XR
9SIA1UH4R24251,EVGA SuperNOVA 1300 G2 120-G2-1300-XR 80+ GOLD 1300W Fully Modular Includes FREE Power On Self Tester Power Supply,189,.84,145,EVGA,120-G2-1300-XR
9SIAASV4ZX7032,LOGISYS Computer PS550E12 550W ATX12V Power Supply,29,.99,148,LOGISYS Computer,PS550E12
N82E16817438013,EVGA SuperNOVA 1000 P2 220-P2-1000-XR 80+ PLATINUM 1000W Fully Modular EVGA ECO Mode Includes FREE Power On Self Tester Power Supply,189,.99,148,EVGA,220-P2-1000-XR
9SIA2J54749178,TOPOWER X3 Series ZU-550W 550W ATX12V Version 2.0 / EPS12V SLI Ready Power Supply,59,.99,153,TOPOWER,ZU-550W
N82E16817139042,CORSAIR AX Series AX760 760W 80 PLUS PLATINUM Haswell Ready Full Modular ATX12V & EPS12V SLI and Crossfire Ready Power Supply,159,.99,154,CORSAIR,AX760
N82E16817153167,Thermaltake TR2 TR-700 700W ATX 12V V2.3 & EPS 12V SLI Ready CrossFire Ready 80 PLUS BRONZE Certified Active PFC ATX12V & EPS12V Power Supply Power Supply,54,.99,158,Thermaltake,TR-700
N82E16817339020,hec HP485D 485W ATX12V Power Supply - Power Cord Included,22,.99,159,hec,HP485D
9SIA85V3GC9043,LOGISYS Computer PS480E12 480W ATX12V Power Supply,34,.33,160,LOGISYS Computer,PS480E12
9SIA1N83U90894,EVGA 430 W1 100-W1-0430-KR 80+ WHITE 430W Power Supply,38,.24,160,EVGA,100-W1-0430-KR
9SIA4H81E87666,PC Power & Cooling ZX Series 850 Watt  80+ Gold Fully-Modular Active PFC Performance Grade ATX PC Power Supply  (OCZ-ZX850W),185,.30,161,OCZ,OCZ-ZX850W
9SIA4S82CG8015,SeaSonic X Series X-850 (SS-850KM3 Active PFC F3) 850W ATX12V v2.3 / EPS 12V v2.91 SLI Ready CrossFire Ready 80 PLUS GOLD Certified Full Modular Active PFC Power Supply New 4th Gen CPU Certified Haswe,142,.00,169,SeaSonic,X-850 (SS-850KM3 Active PFC F3)
N82E16817154026,APEX AL-D500EXP 500W ATX12V Power Supply,34,.99,169,APEX,AL-D500EXP
N82E16817148001,APEVIA See-Through ATX-AS500W-BK 500W ATX12V Power Supply,44,.99,177,APEVIA,ATX-AS500W-BK
9SIA4M539R6777,Antec VP-450 450W ATX 12V v2.3 Power Supply - Intel Haswell Fully Compatible,42,.53,177,Antec,VP-450
9SIA2F84BC9889,EVGA SuperNOVA 750 B1 110-B1-0750-VR 80+ BRONZE 750W Semi Modular Includes FREE Power On Self Tester Power Supply,74,.05,182,EVGA,110-B1-0750-VR
9SIA2F84BC9867,EVGA 500 B1 100-B1-0500-KR 80+ BRONZE 500W Includes FREE Power On Self Tester Power Supply,49,.83,183,EVGA,100-B1-0500-KR
N82E16817438010,EVGA SuperNOVA 1000 G2 120-G2-1000-XR 80+ GOLD 1000W Fully Modular Includes FREE Power On Self Tester Power Supply,139,.99,185,EVGA,120-G2-1000-XR
N82E16817182075,Rosewill Stallion Series RD450-2-SB - 450-Watt ATX V2.2 Power Supply,44,.99,196,Rosewill,RD450-2-SB
N82E16817438014,EVGA 600 B1 100-B1-0600-KR 80+ BRONZE 600W Includes FREE Power On Self Tester Power Supply,49,.99,212,EVGA,100-B1-0600-KR
N82E16817170016,LOGISYS Computer PS480D2 480W ATX12V Power Supply,18,.99,213,LOGISYS Computer,PS480D2
9SIA85V4SC8479,CORSAIR CX-M series CX430M 430W 80 PLUS BRONZE Active PFC ATX12V & EPS12V Modular Power Supply,139,.94,224,CORSAIR,CX430M
9SIA0723ER6482,Rosewill RD400-2-DB - 400-Watt ATX V2.2 Power Supply,34,.99,234,Rosewill,RD400-2-DB
N82E16817154013,APEX AL-A400ATX 400W ATX12V Power Supply,24,.99,236,APEX,AL-A400ATX
N82E16817182074,Rosewill Stallion Series RD400-2-SB - 400-Watt ATX 12V v2.2 Power Supply,36,.99,238,Rosewill,RD400-2-SB
9SIA1N83YZ4490,COOLMAX V-500 500W ATX12V Power Supply,31,.21,240,COOLMAX,V-500
9SIA85V4MC3875,CORSAIR CX-M series CX500M 500W 80 PLUS BRONZE Active PFC ATX12V & EPS12V Modular Power Supply,107,.99,241,CORSAIR,CX500M
N82E16817182076,Rosewill Stallion Series RD500-2SB - 500-Watt ATX12V v2.2 Power Supply,39,.99,242,Rosewill,RD500-2SB
N82E16817153166,Thermaltake TR2 TR-600 600W ATX12V v2.3 SLI Ready CrossFire Ready Power Supply,54,.99,248,Thermaltake,TR-600
N82E16817139040,CORSAIR CX series CX750 750W 80 PLUS BRONZE Haswell Ready ATX12V & EPS12V Power Supply,69,.99,250,CORSAIR,CX750
N82E16817182132,Rosewill HIVE Series HIVE-650 Continuous 650W@40°C Power Supply,64,.99,264,Rosewill,HIVE-650S
9SIA2F84BC9224,EVGA SuperNOVA 850 G2 220-G2-0850-XR 80+ GOLD 850W Fully Modular EVGA ECO Mode Includes FREE Power On Self Tester Power Supply,113,.83,274,EVGA,220-G2-0850-XR
N82E16817170012,LOGISYS Computer PS480D-BK 480W ATX12V Power Supply,15,.99,281,LOGISYS Computer,PS480D-BK
9SIA1N83U90946,EVGA 500 W1 100-W1-0500-KR 80+ WHITE 500W Power Supply,42,.39,287,EVGA,100-W1-500-KR
9SIA4H81E87627,PC Power & Cooling ZT Series 750 Watt 80+ Bronze Fully-Modular Active PFC Performance Grade ATX PC Power Supply (OCZ-ZT750W),131,.78,288,OCZ,OCZ-ZT750W
9SIA85V4X22271,LOGISYS Computer PS480D 480W ATX12V Power Supply,27,.98,301,LOGISYS Computer,PS480D
9SIA85V3RA7634,CORSAIR CX-M series CX600M 600W 80 PLUS BRONZE Active PFC ATX12V & EPS12V Modular Power Supply,133,.40,318,CORSAIR,CX600M
9SIA0ZX2C28987,Antec EarthWatts EA-650 GREEN 650W ATX12V v2.3 SLI Ready CrossFire Certified 80 PLUS BRONZE Certified Active PFC Power Supply - Intel Haswell Fully Compatible,79,.85,320,Antec,EA-650 GREEN
N82E16817151095,SeaSonic M12II 620 Bronze 620W ATX12V V2.3 / EPS 12V V2.91 SLI Ready 80 PLUS BRONZE Certified Full Modular Active PFC Power Supply,59,.99,339,SeaSonic,M12II 620 Bronze
N82E16817182133,"Rosewill Hive-750, Hive Series 750W Modular Power Supply, 80 PLUS Bronze Certified, Single +12V Rail, Intel 4th Gen CPU Ready, SLI & CrossFire Ready",69,.99,361,Rosewill,HIVE-750S
N82E16817438017,EVGA SuperNOVA 750 G2 220-G2-0750-XR 80+ GOLD 750W Fully Modular EVGA ECO Mode Includes FREE Power On Self Tester Power Supply,99,.99,382,EVGA,220-G2-0750-XR
N82E16817139051,CORSAIR CX-M series CX750M 750W 80 PLUS BRONZE Haswell Ready ATX12V & EPS12V Modular Power Supply,79,.99,434,CORSAIR,CX750M
9SIA0ZX2C63712,RAIDMAX RX-380K 380W ATX12V Power Supply,29,.12,468,RAIDMAX,RX-380K
9SIA9PV3ZB3665,LOGISYS Computer PS550ABK 550Watts ATX12V Power Supply With SATA and 20/24 Pin connectors.,27,.99,545,LOGISYS Computer,PS550ABK
N82E16817371033,Antec EarthWatts Green EA-380D Green 380W Continuous power ATX12V v2.3 / EPS12V 80 PLUS BRONZE Certified Active PFC Power Supply - Intel Haswell Fully Compatible,48,.99,580,Antec,EA-380D Green
9SIA1N83YW7759,Cooler Master Elite Power - 460W Power Supply,41,.38,599,COOLER MASTER,RS-460-PSAR-I3
N82E16817182044,Rosewill Stallion Series RD500-2DB 500W ATX12V    Power Supply,49,.99,613,Rosewill,RD500-2DB
N82E16817182188,"Rosewill RBR1000-MS - BRONZE Series - 1000-Watt Active PFC Power Supply - Continuous @ 104 Deg. F (40C), 80 PLUS Bronze, Semi-Modular Cable Design, ATX 12V v2.3 / EPS 12V, SLI & CrossFire Ready",99,.99,644,Rosewill,RBR1000-MS
9SIA0ZX5B47142,hec HP585DB 585W ATX12V Power Supply - Power Cord Included,36,.62,690,hec,HP585DB
9SIA4H81E87031,PC Power & Cooling ModXStream Pro Series 500 Watt 80+ Semi-Modular Active PFC Performance Grade ATX PC Power Supply (OCZ500MXSP),69,.99,690,OCZ,OCZ500MXSP
N82E16817151088,SeaSonic X Series X650 Gold (SS-650KM Active PFC F3) 650W ATX12V V2.3/EPS 12V V2.91 SLI Ready CrossFire Ready 80 PLUS GOLD Certified Full Modular Active PFC Power Supply New 4th Gen CPU Certified,99,.99,721,SeaSonic,X650 Gold (SS-650KM3 Active PFC)
N82E16817148008,APEVIA ATX-AS520W-BK 520W ATX Power Supply,39,.99,741,APEVIA,ATX-AS520W-BK
N82E16817139027,CORSAIR CX series CX500 500W 80 PLUS BRONZE Active PFC ATX12V & EPS12V Power Supply,54,.99,750,CORSAIR,CX500 (CP-9020047-NA)
N82E16817152036,"RAIDMAX HYBRID 2 RX-730SS 730W ATX12V V2.2/ EPS12V SLI Ready CrossFire Ready Modular Power Supply, New Version with Build-in LED Fan On/Off Switch",59,.99,785,RAIDMAX,RX-730SS
9SIA85V3KV5702,PC Power & Cooling Fatal1ty Gaming Series 550 Watt 80+ Semi-Modular Active PFC Performance Grade ATX PC Power Supply (OCZ550FTY),95,.09,877,OCZ,OCZ550FTY
N82E16817139028,CORSAIR CX Series CX600 600W 80 PLUS BRONZE Active PFC ATX12V & EPS12V Power Supply,55,.99,887,CORSAIR,CX600 (CP-9020048-NA)
9SIA10V3GB1427,LOGISYS Computer PS575XBK 575W ATX12V SLI Ready Power Supply,29,.95,890,LOGISYS Computer,PS575XBK
9SIA85V50Y2180,CORSAIR HX Series HX850 850W ATX12V 2.3 / EPS12V 2.91 SLI Ready CrossFire Ready 80 PLUS GOLD Certified Modular Active PFC Power Supply New 4th Gen CPU Certified Haswell Ready,249,.89,"1,018",CORSAIR,HX850
N82E16817139026,CORSAIR CX series CX430 430W 80 PLUS BRONZE Active PFC ATX12V & EPS12V Power Supply,39,.99,"1,124",CORSAIR,CX430 (CP-9020046-NA)
9SIA85V4AH5079,CORSAIR HX Series HX750 750W ATX12V 2.3 / EPS12V 2.91 SLI Ready CrossFire Ready 80 PLUS GOLD Certified Modular Active PFC Power Supply New 4th Gen CPU Certified Haswell Ready,259,.89,"1,313",CORSAIR,HX750
N82E16817152028,"RAIDMAX HYBRID 2 RX-530SS 530W ATX12V V2.2/ EPS12V SLI Ready CrossFire Ready Modular Power Supply, New Version with Build-in LED Fan On/Off Switch",46,.99,"1,341",RAIDMAX,RX-530SS
N82E16817153023,Thermaltake TR2 W0070 430W ATX 12V 2.2 ErP Lot 6 Power Supply,38,.99,"2,835",Thermaltake,W0070
