N82E16824009869,Acer Predator X34 Curved IPS NVIDIA G-sync Gaming Monitor 21:9 WQHD Display with Built-in Overclocking 100Hz Refresh Rate Boost,"1,099",.99,124,Acer,X34 bmiphz (UM.CX1AA.A01)
9SIA2F849K5393,"Acer KN242HYL 23.8” IPS LCD/LED Widescreen Monitor 1920x1080, 4ms (GTG) 60Hz Refresh Rate, 16:9 Aspect Ratio, D-sub/DVI/HDMI, Tilt Capable with Built in Speakers",141,.95,113,Acer,KN242HYL
N82E16824236335,"ASUS VN248H-P Super Narrow Bezel Black 23.8"" 5ms (GTG) HDMI Widescreen LED Backlight LCD Monitor IPS",119,.99,478,ASUS,VN248H-P
N82E16824236757,"ASUS VZ249H Frameless 23.8” 5ms (GTG) IPS Widescreen LCD/LED Monitors, HDMI 1920X1080 Ultra-Slim Design, W/ eye care feature and flicker free Technology, 178/178 Viewing Angle and build in speakers",154,.99,22,ASUS,VZ249H
N82E16824011066,"Acer K242HQL 23.6"" TN Panel Widescreen LED/LCD Monitor 1920x1080 Resolution at 60Hz Refresh Rate; 1ms GTG Response Time; VGA/DVI/HDMI with VESA Mount Capability",89,.99,22,Acer,K242HQL Cbid (UM.UX2AA.C01)
N82E16824016314,"Planar PLL2210W 22"" Edge LED LCD Monitor - 16:9 - 5 ms",96,.99,23,PLANAR,PLL2210W (997-6897-00)
N82E16824002655,"NEC EA223WM-BK 22"" Black Widescreen LED Backlight TN Monitor, 1680 x 1050, 1000:1, 250cd/m2, D-Sub&DVI&USB Display Port, Built-in Speaker",199,.99,0,NEC Display Solutions,EA223WM-BK
9SIAA0T59K0399,"ViewSonic VX2475Smhl-4K 24"" 3840 x 2160 (4K) PLS Monitor, 1000:1, 300cd/m2, HDMI & HDMI MHL Display Port, Built-in Internal Speaker, VESA Mountable",323,.43,10,ViewSonic,VX2475SMHL-4K
N82E16824116817,"ViewSonic VX2376-SMHD Black 23"" 7ms Full HD 1080P SuperClear IPS UltraSlim Frameless LED Backlight LCD Ultrawide Monitor, 1000:1 (typ) 250 cd/m2, HDMI, DP, D-Sub, Built-in Dual Speakers",149,.99,7,ViewSonic,VX2376-smhd
N82E16824112025,"SCEPTRE E248W-1920 Black 24"" 5ms HDMI Widescreen LED Backlight  LCD Monitor",99,.99,60,SCEPTRE,E248W-1920
N82E16824160278,"AOC U2879VF 28"" Black/Silver 4K AMD FreeSync UHD Professional Gaming LED Monitor, 3840 x 2160, 80000000:1, 300cd/m2, 16:9, VGA, DVI-D, HDMI, USB, Display Port, Tilt",349,.99,38,AOC,U2879VF
N82E16824236584,"Asus VC279H Slim Bezel Black 27"" 5ms (GTG) IPS Widescreen LED Backlight LCD Monitors, HDMI 1920X1080 , W/ eye care feature and flicker free Technology, 178/178 Viewing Angle and build in speakers",169,.99,78,ASUS,VC279H
N82E16824160240,"AOC E2476VWM6 24"" 1ms Black Full HD 1080P Anti-Blue Light Monitor, 1920 x 1080, 50,000,000:1, 250cd/m2, 16:9, HDMI, VGA",139,.99,30,AOC,E2476VWM6
N82E16824260115,"Dell U2913WM Black 29"" Widescreen LED Backlight 2K IPS Monitor, 2560 x 1080, 1000:1, 300cd/m2, D-Sub&DVI&HDMI&USB Display Port, Height, Swivel, Tilt",279,.99,38,Dell,U2913WM
N82E16824236717,"Asus ROG PG348Q Black 34"" 3440 x 1440, 100 Hz Curved IPS G-Sync 21:9 WQHD Gaming Monitor with Speakers, Height and Swift Adjustable","1,199",.99,68,ASUS,PG348Q
9SIA4P04RG7171,"SAMSUNG 591 Series C27F591 Silver 27"" Curved 4ms (GTG) 60Hz Refresh Rate Widescreen LCD/LED Monitor, AMD FreeSync, 250cd/m2 DCR Mega Infinity (3000:1), Built-in Speakers, D-Sub HDMI DisplayPort",349,.99,5,SAMSUNG,C27F591
N82E16824116806,"ViewSonic VA2259-SMH 22"" Full HD 1080P IPS Monitor, 1000:1, 250cd/m2, USB&HDMI&VGA&DVI-D Display Port, Built-in Internal Speaker, VESA Mountable",119,.99,0,ViewSonic,VA2259-SMH
9SIA1N83Z95275,"Planar PLL1500M 15"" Professional LED LCD Monitor, 1024 x 768, 700:1, 300cd/m2, 4:3, VGA, D-sub, VESA Compatible, Built-in Speaker",138,.18,0,PLANAR,PLL1500M (997-7318-01)
N82E16824236115,"ASUS  VW Series  VW199T-P  Black  19.1""  5ms   Widescreen LED Backlight LCD Monitor",94,.99,22,ASUS,VW199T-P
9SIAC4Z5241418,"LG 24GM77-B Black 24"" 1ms 144 HZ TN 16:9 Widescreen Gaming Monitor 1920 x 1080 Dynamic Action Sync Mode Flicker Safe Black Stabilizer with Anti-Glare 3H Surface USB3.0 DisplayPort HDMI DVI-D D-Sub",299,.00,24,LG,24GM77
N82E16824116719,"ViewSonic VA2055SA Black 19.5"" Widescreen LED Backlight LCD Full HD 1080P Monitor, 250 cd/m2 3000:1, D-Sub, VESA mountable",89,.99,3,ViewSonic,VA2055Sa
N82E16824236581,"Asus VN248Q-P Super Narrow Frame 23.8"" 5ms (GTG) Widescreen LED Backlight LCD Monitor IPS 80,000,000:1, DisplayPort, HDMI, Built-in Speakers",164,.99,3,ASUS,VN248Q-P
9SIAC4Z5241486,"LG 34UC88 34"" Curved FreeSync IPS Monitor 3440 x 1440 WQHD 5ms 21:9 UltraWide On-Screen Control with 4-way Screen Split, Height and Tilt Adjustable, USB 3.0/HDMI/DisplayPort, VESA Mountable",799,.00,9,LG,34UC88-B
N82E16824025073,"LG 24MC37D-B  Black 23.5"" 5ms (GTG) IPS Widescreen LED Backlight LCD Monitor, Full HD 1920 x1080, w/Flicker Safe Technology and Color Wizard Mode",129,.99,8,LG,24MC37D-B
9SIA2F83426216,"Acer V176L b Black 17"" 5ms LED Backlight Monitor 250 cd/m2 100,000,000:1",108,.78,3,Acer,V176L b
N82E16824236331,"ASUS VS24AH-P Black 24"" 5ms (GTG) HDMI Widescreen LED Backlight LCD Monitor IPS",229,.99,106,ASUS,VS24AH-P
N82E16824160155,"AOC E2260SWDN Black 21.5"" 5ms Widescreen LCD/LED Monitor, 200 cd/m2 20,000,000:1, VESA Mountable, Embedded Screen+ Software, Ultra Low Power Consumption, D-Sub, DVI",89,.99,21,AOC,E2260SWDN
N82E16824009776,"Acer V246HQL 23.6"" LED LCD Monitor - 16:9 - 5 ms",105,.99,2,Acer,V246HQL Cbd
N82E16824116808,"ViewSonic VA2759-smh 27"" Full HD 1080P IPS Monitor, 1000:1, 250cd/m2, HDMI&VGA, Built-in Internal Speaker, VESA Mountable",189,.99,1,ViewSonic,VA2759-smh
N82E16824116663,"ViewSonic VA2349S 23"" Full HD 1080P SuperClear IPS Widescreen LED Backlit Monitor, 1000:1, 250cd/m2, VGA&DVI-D, VESA Mountable",129,.99,14,ViewSonic,VA2349S
9SIA2F83425949,"ViewSonic VA2746m-LED Black 27"" 3ms Full HD 1080P TN Widescreen LED Backlit Monitor, 1200:1, 300cd/m2, VGA&DVI-D, Built-in Speakers",175,.32,3,ViewSonic,VA2746m-LED
N82E16824160279,"AOC I2379VHE 23"" 50,000,000:1 (DCR) 16:9 LCD Monitor, 250CD/M2 50,000,000:1, Frameless IPS with HDMI",129,.99,5,AOC,I2379VHE
N82E16824022312,"Samsung S22E200BL Black 21.5"" TN Widescreen LCD Monitor, 1920 x 1080 5ms 60Hz Refresh Rate, 16:9 Aspect Ratio, 170/160 Viewing Angle, D-sub/DVI",97,.99,0,SAMSUNG,S22E200B
N82E16824236310,"ASUS MX239H Silver / Black 23"" 5ms (GTG) HDMI Widescreen LED Backlight LCD Monitor, IPS Panel",179,.99,44,ASUS,MX239H
N82E16824014450,"BenQ BL2711U Black 27"" IPS 4ms (GTG) UHD 4K LCD/LED Monitor, 300 cd/m2 DCR 20,000,000:1 (1000:1), CAD/CAM and Animation Mode, Height, Tilt, Swivel, Pivot Adjustment, Built-in Speakers, VESA Mountable",479,.99,2,BenQ,BL2711U
9SIAA0T58N6908,"ViewSonic VA2359-smh 23"" Full HD 1080P IPS Monitor, 1000:1, 250cd/m2, HDMI&VGA, Built-in Internal Speaker, VESA Mountable",127,.49,2,ViewSonic,VA2359-smh
9SIA1N83U90720,"ViewSonic XG2700-4K 27"" 3840 x 2160(4K) Ultra HD IPS Free Sync Gaming 4K Monitor, 1000:1, 300cd/m2, USB, HDMI, Display Port,  Height, Pivot, Title and Swivel adjustable, VESA Mountable",,,5,ViewSonic,XG2700-4K
9SIA1N84E99614,"ViewSonic VX2776-smhd 27"" Full HD 1080P IPS Monitor, 1000:1, 250cd/m2, HDMI&VGA Display Port, Built-in Internal Speaker, VESA Mountable",,,2,ViewSonic,VX2776-smhd
9SIA24G3RH7825,"AOC 27"" C2783FQ Black and Silver 1920X1080 Full HD 1080P LCD backlight LED Curved HD Monitor, 5ms 300cd/m2, DCR 50,000,000:1 (3000:1) with D-Sub, DVI, HDMI, DisplayPort",236,.32,3,AOC,C2783FQ
9SIA4P04BU0964,"LG 34UM88-P 34""  FreeSync IPS LED Monitor  3440 x 1440  WQHD 21:9 UltraWide 5ms On-Screen Control with 4-way Screen Split, Thunderbolt 2.0 and USB 3.0 Quick Charge HDMI DisplayPort",,,8,LG,34UM88-P
N82E16824236287,"ASUS PA248Q Black 24.1"" 6ms (GTG) HDMI Widescreen LED Backlight LCD Monitor",309,.99,156,ASUS,PA248Q
N82E16824116777,"ViewSonic VX2257-MHD 22"" Full HD 1080P AMD FreeSync Gaming Monitor, 1000:1, 300cd/m2, HDMI, VGA, DisplayPort, Built-in Speaker, VESA Mountable",129,.99,9,ViewSonic,VX2257-MHD
N82E16824236107,"ASUS VE198T Black 19"" LED BackLight LCD Monitor w/Speakers",94,.99,111,ASUS,VE198T
N82E16824236451,"Asus MX259H Black 25"" 5ms Dual HDMI Widescreen LED Backlight LCD Monitor IPS Panel",199,.99,5,ASUS,MX259H
N82E16824236738,"ASUS PA329Q Black 32"" 5ms (GTG) HDMI Widescreen LED Backlight LED Monitor IPS","1,249",.99,2,ASUS,PA329Q
N82E16824009483,"Acer H6 Series H236HLbid Black 23"" 5ms (GTG) HDMI Widescreen LED Backlight LED Backlit LCD Monitor, IPS Panel",179,.99,287,Acer,H236HLbid (UM.VH6AA.003)
9SIA1N82837252,"ASUS VB Series VB198T-P Black 19"" 5ms (GTG) LED Backlight LCD Monitor",130,.44,10,ASUS,VB198T-P
9SIA1N82B48095,"ASUS VS239H-P Black 23"" 5ms (GTG) HDMI Widescreen LED Backlight LCD Monitor",143,.55,166,ASUS,VS239H-P
N82E16824236204,"ASUS VS Series VS197D-P Black 18.5"" 5ms  LED Backlight Widescreen LCD Monitor",69,.99,10,ASUS,VS197D-P
1B4-008M-00025,LG LED 38UC99-W 37.5inch IPS 3840x1660 5ms HDMI/DisplayPort/USB 3.0 Speaker ,"1,499",.99,0,LG,38UC99-W
N82E16824014431,"BenQ BL3201PH Black 32"" 4ms (GTG) IPS UHD Widescreen LED Monitor, 350cd/m2 DCR 20,000,000:1, 100% sRGB Color Space, CAD/ CAM and Animation Mode, Built-in Speakers, VESA Mountable, Height Adjustment",799,.99,8,BenQ,BL3201PH
N82E16824236362,"ASUS VN279QL Black 27"" 5ms (GTG) HDMI Widescreen LED Backlight LCD Monitor",239,.99,31,ASUS,VN279QL
N82E16824160253,"AOC Q2778Vqe 27” WQHD LED Monitor, 2560 x 1440, 1 ms, HDMI, VGA, DP, DVID-D",249,.99,8,AOC,Q2778VQE
9SIA4P04578697,"LG 22MP58VQ-P 21.5"" Full HD IPS Monitor 5ms 1920 x 1080 Flicker Safe Black Stabilizer and On Screen Control w/ Screen Split HDMI",,,1,LG,22MP58VQ-P
N82E16824009996,"Acer K272HUL (UM.HX2AA.D03) Black 27"" IPS 2560 x 1440 2K Widescreen LED Backlight LCD Monitor, 4ms (GTG), 60Hz Refresh Rate, Tilt Capable, VESA Mountable, DVI/HDMI/DisplayPort",349,.99,8,Acer,UM.HX2AA.D03 (K272HUL)
N82E16824160170,"AOC E2425SWD Black 24"" 5ms Widescreen LED Backlight Monitor, 250 cd/m2 20,000,000:1, VESA Mountable, VGA DVI-D",109,.99,15,AOC,E2425SWD
N82E16824276197,"HP Pavilion 25xw Silver White 25"" IPS 7ms (GTG) Ultra-Wide Frameless LCD/LED Monitor with HP Low Haze Anti-Glare Treatment and Versatile Viewing",179,.99,9,HP,25xw
N82E16824014576,"BenQ ZOWIE XL2430 Dark-Grey 24"" 144Hz 1ms (GTG) e-Sports Gaming Monitor, 350 cd/m2 DCR 12,000,000:1 (1000:1), VESA Mountable, Height & Pivot & Swivel & Tilt Adjustment, Dual HDMI",359,.00,2,BenQ,XL2430
N82E16824014523,"BenQ GW2270 Black 21.5"" LED Backlight LCD Monitor, 250 cd/m2 DCR 20,000,000:1 (3000:1), Low Blue Light Mode, True 8-bit Color Performance, VESA Mountable, D-Sub DVI-D",108,.99,3,BenQ,GW2270
N82E16824160297,"AGON AG271QX Black/Red 27” Adaptive-Sync 144Hz LED Backlight Widescreen TN Gaming Monitor, 2560x1440, 16:9 Aspect Ratio, 500000000:1, 350cd/m2, VGA&DVI&DP&HDMI&USB, Built-in Speaker",489,.99,4,AOC,AG271QX
N82E16824236716,"ASUS VG278HV Black 27"" 144 Hz 1MS (GTG) 1920 x 1080 Full HD Free-Sync (AMD Adaptive Sync) Dual HDMI EyeCare Console Gaming Monitor,  Tilt/Swivel/Pivot/Height Adjustable, Built in Speakers",329,.99,7,ASUS,VG278HV
N82E16824116778,"ViewSonic VX2457-MHD 24"" Full HD 1080P AMD FreeSync Gaming Monitor, 1000:1, 300cd/m2, HDMI, VGA, DisplayPort, Built-in Speaker, VESA Mountable",139,.99,7,ViewSonic,VX2457-MHD
N82E16824025065,"LG 34UC87M-B Black 34"" 5m (GTG) Curved Monitor 300 cd/m2 IPS Panel HDMI/ Thunderbolt ports DCR Mega Infinity",749,.99,9,LG,34UC87M-B
N82E16824160215,"AOC e1759Fwu 17.3"" USB 3.0 Powered Portable Monitor W/ Case",129,.99,3,AOC,E1759FWU
9SIA1N855C4202,"Acer XR342CK 34"" 4K Ultra-Wide UHD IPS Free-Sync (AMD Adaptive Sync) Gaming Monitor, 3840 x 2160 (4K), Tilt/Swivel/Height Adjustable, Built-in Speakers",791,.22,4,Acer,UM.CX2AA.001 (XR342CK)
N82E16824009893,"Acer Predator XB321HK  32"" 4K UHD IPS NVIDIA G-Sync Black/Red Gaming Monitor, 3840 x 2160 (4K), 100% sRGB Color accuracy, Tilt/Swivel/Pivot/Height Adjustable, Build in Speakers","1,288",.99,21,Acer,XB321HK (UM.JX1AA.001)
N82E16824014574,"BenQ ZOWIE RL2755 Dark-Grey 27"" 1ms (GTG) Console e-Sports Gaming Monitor, 300 cd/m2 DCR 12,000,000:1 (1000:1), Dual Bulit-in Speakers, VESA Mountable, Dual HDMI",279,.00,0,BenQ,RL2755
N82E16824236357,"ASUS MB168B Silver / Black 15.6"" 11ms Widescreen LED Backlight HD Portable USB-powered Monitor",139,.99,18,ASUS,MB168B
N82E16824014577,"BenQ ZOWIE XL2720 Dark-Grey 27"" 144Hz 1ms (GTG) e-Sports Gaming Monitor, 300 cd/m2 DCR 12,000,000:1 (1000:1), VESA Mountable, Height & Pivot & Swivel & Tilt Adjustment, Dual HDMI",379,.00,4,BenQ,XL2720
N82E16824116784,"ViewSonic XG2701 27"" Full HD 1080P 144Hz Free Sync Gaming Monitor, 1000:1, 300cd/m2, USB, HDMI, Display Port, Built-in Internal Speaker, Height, Pivot, Title and Swivel Adjustable, VESA Mountable",349,.99,12,ViewSonic,XG2701
N82E16824025340,"LG 25UM58-P 25"" Class 21:9 UltraWide Full HD IPS Monitor 5ms 2560 x 1080 75Hz Refresh Rate Flicker Safe Black Stabilizer and On Screen Control w/ Screen Split 2.0 HDMI",179,.99,15,LG,25UM58
N82E16824009908,"Acer Predator XB241H 24"" TN 1920 x 1080 Full HD G-Sync Black/Red LED Gaming Monitor, 1ms Response Time, HDMI/DisplayPort, Tilt/Swivel/Pivot/Height Adjustable, Built in Speakers",399,.99,12,Acer,XB241H
N82E16824025424,"LG 34UC79G-B 34"" 21:9 UltraWide IPS Curved Gaming Monitor 2560 x 1080 (2K) Resolution, AMD FreeSync, 144Hz Refresh Rate, Dynamic Action Sync & Black Stabilize, DisplayPort/HDMI/USB 3.0",699,.99,17,LG,34UC79G-B
9SIA1N83TV5113,"ASUS MX27AQ Space Gray + Black 27"" 5ms HDMI Widescreen LED Backlight LCD Monitor AH-IPS",404,.13,28,ASUS,MX27AQ
9SIA1N83YW9319,"AOC e1659Fwu 15.6"" USB 3.0 Powered Portable monitor w/ case",105,.87,12,AOC,E1659FWU
9SIA1N83Z86872,"SAMSUNG S32D850T Black 32"" 5ms WQHD Dual HDMI LCD / LED Monitor 300 cd/m2 DCR Mega Infinity (3000:1), Height Adjustable, VESA Mountable, Multi-Screen, Built-in USB 3.0 Hub",,,32,SAMSUNG,S32D850T
9SIA3FA55B0162,"LG 27MP58VQ-P 27"" Full HD IPS Monitor 5ms GTG 1920 x 1080 75Hz Refresh Rate Flicker Safe Black Stabilizer and On Screen Control w/ Screen Split 2.0 HDMI",199,.00,6,LG,27MP58VQ-P
N82E16824009503,"Acer V6 V196HQL Ab (UM.XV6AA.A01) Black 18.5"" 5ms Widescreen LED Backlight LCD Monitor",67,.99,3,Acer,V196HQL Ab (UM.XV6AA.A01)
N82E16824236465,"ASUS VX24AH Black 23.8"" 5ms (GTG) IPS Frameless Widescreen LCD/LED Monitor, 300 cd/m2 DCR 10,000,000:1, Dual Built-in Speakers, HDMI/MHL  D-Sub",259,.99,1,ASUS,VX24AH
N82E16824009659,"Acer B6 Series B286HK ymjdpprz (UM.PB6AA.003) Black 28"" 4K UHD (3840 x 2160) 2ms Widescreen LED Backlight LCD Monitor 300 cd/m2 ACM 100,000,000:1 (1000:1) Built-in Speakers",389,.99,118,Acer,B286HK ymjdpprz
N82E16824236309,"ASUS MX279H Silver / Black 27"" 5ms (GTG) HDMI Widescreen LED Backlight LCD Monitor, AH-IPS",229,.99,94,ASUS,MX279H
9SIAC4Z5316608,"LG 34UC98-W 34"" Curved FreeSync IPS Monitor 3440 x 1440 WQHD 5ms 21:9 UltraWide On-Screen Control with 4-way Screen Split, Thunderbolt 2.0 and USB 3.0 Quick Charge",894,.00,8,LG,34UC98-W
N82E16824022429,"SAMSUNG 398 Series C27F398 Black High Gloss Curved 27"" 4ms 1920 x 1080 Widescreen LED/ LCD Monitor, Flicker Free Technology 250cd/m2 Brightness (3000:1) 60Hz HDMI/Display Port",279,.99,5,SAMSUNG,C27F398
N82E16824236678,"ASUS VP228H Black 21.5"" 1ms HDMI Widescreen LED Backlight LCD Monitor",109,.99,15,ASUS,VP228H
N82E16824009969,"Acer K272HUL Ebmidpx Black 27"" 1ms GTG TN Panel Widescreen LED Backlight LCD Monitor 2560 x 1440 (2K) 60Hz Refresh Rate 100,000,000: 1 Contrast Ratio HDMI Display Port with Built in Speakers",299,.99,17,Acer,K272HUL
N82E16824116782,"ViewSonic XG2401 24"" Full HD 1080P TN 144Hz Free Sync Gaming Monitor, 1000:1, 350cd/m2, USB, HDMI, Display Port, Built-in Internal Speaker,  Height, Pivot, Title and Swivel adjustable, VESA Mountable",259,.99,24,ViewSonic,XG2401
N82E16824014579,"BenQ ZOWIE RL2455 Dark-Grey 24"" 1ms (GTG) Console e-Sports Gaming Monitor, 250 cd/m2 DCR 12,000,000:1 (1000:1), Dual Bulit-in Speakers, VESA Mountable,  Flicker Free, Dual HDMI",199,.00,1,BenQ,RL2455
N82E16824236106,"ASUS VE Series VE208T Black 20"" 5ms Widescreen LED Backlight LCD Monitor",84,.99,77,ASUS,VE208T
N82E16824014578,"BenQ ZOWIE XL2730 Dark-Grey 27"" 144Hz 1ms (GTG) e-Sports Gaming Monitor, 350 cd/m2 DCR 12,000,000:1 (1000:1), VESA Mountable, Height & Pivot & Swivel & Tilt Adjustment, Dual HDMI",549,.00,4,BenQ,XL2730
9SIA4P04RG5537,"SAMSUNG 390 Series C24F390 Glossy Black 24"" 4ms HDMI Widescreen LCD/LED Monitor, AMD FreeSync, 250cd/m2 DCR Mega Infinity (3000:1), VESA Mountable, D-Sub, HDMI",199,.99,2,SAMSUNG,C24F390
N82E16824160226,"AOC G2460PG 24"" 1ms (GTG) 144 Hz Gaming Monitor, NVIDIA G-SYNC, NVIDIA 3D Vision Ready, Ultra Low Motion Blur (ULMB) Technology, Height Adjustment, VESA Mountable, USB 3.0 and DisplayPort",399,.99,65,AOC,G2460PG
N82E16824025372,"LG 27UD68-P 27"" FreeSync IPS LED Monitor 4K UHD 3840 x 2160 16:9 Widescreen 5ms (GTG) On-Screen Control with Screen Split Game Mode & Black Stabilizer HDMI DisplayPort",499,.99,16,LG,27UD68-P
N82E16824009728,"Acer G257HU smidpx 25"" 4ms HDMI Widescreen LED Backlight LCD Monitor IPS",249,.99,97,Acer,G257HU smidpx
N82E16824025407,"LG 24UD58-B 24"" 5ms (GTG) HDMI Widescreen LED Backlight Ultra HD IPS 4K Freesync Monitor",329,.99,1,LG,24UD58-B
9SIA1N83G96959,"ASUS MB169B+ Silver/Black 15.6"" 16:9 Widescreen LED Backlight Full HD Portable USB3.0 USB-powered IPS Portable Monitor 200 cd/m2 700:1",194,.29,10,ASUS,MB169B+
9SIAC4Z55P9852,"LG 27UD58-B Black 27"" IPS ,4K UHD Free-Sync Gaming Monitor, 3840 x 2160 (4K), With On-Screen Control , Game Model and Black Stabilizer , 178/178 Viewing Angle with Arcline design",449,.00,7,LG,27UD58-B
N82E16824236677,"Asus ROG PG27AQ Black 27” 4K/UHD 3840X2160 IPS NVIDIA G-Sync Gaming Monitor with GamingPlus and Gaming Visual Technology, build in speakers , Tilt,Swivel,Pivot,Height Adjustable",879,.99,18,ASUS,PG27AQ
9SIA24G41G2382,"Acer Predator XB271HU  27"" WQHD IPS NVIDIA G-Sync Black/Red Gaming Monitor, 2560X1440 (2K), 144 Hz w/ Overclocking to 165 Hz, Tilt/Swivel/Pivot/Height Adjustable, Build in Speakers",799,.00,116,Acer,XB271HU bmiprz
9SIA2F83426628,"Acer V196WL bm Black 19"" 5ms Widescreen LED Backlight LCD Monitor 250 cd/m2 100,000,000:1 Built-in Speakers",108,.83,0,Acer,V196WLbm
N82E16824236358,"ASUS VX228H Black 21.5"" 1ms (Gray to Gray) HDMI Widescreen LED Backlight Full HD 1080p Monitor",119,.99,66,ASUS,VX228H
9SIAA0T5AP0900,"ViewSonic VG2239SMH Black 21.5"" 6.5ms HDMI Widescreen LED LCD Monitor, 250 cd/m2, 20,000,000:1 (3000:1), Dual speakers, HDMI, DP, D-Sub,  USB, Tile, Height, Swivel and Pivot adjustable, VESA mountable",133,.12,0,ViewSonic,VG2239SMH
N82E16824236175,"ASUS VS Series VS238H-P Black 23"" 2ms  HDMI LED Backlight  Widescreen LCD Monitor",129,.99,611,ASUS,VS238H-P
9SIAC4Z5241554,"LG 24MP48HQ-P Full HD IPS 23.8"" Monitor 5ms 1920 x 1080 ,Flicker Safe Black Stabilizer and On Screen Control w/ Screen Split HDMI",129,.99,4,LG,24MP48HQ-P
N82E16824022402,"SAMSUNG C22F390 Glossy Black 22"" 4ms HDMI Widescreen LED Backlight LCD Monitor Curved",129,.99,2,SAMSUNG,C22F390
N82E16824014573,"BenQ ZOWIE RL2460 Dark-Grey 24"" 1ms (GTG) Console e-Sports Gaming Monitor, 250 cd/m2 DCR 12,000,000:1 (1000:1), Dual Bulit-in Speakers, VESA Mountable, Height & Swivel & Tilt Adjustment",219,.00,1,BenQ,RL2460
9SIA1N83WD8341,"ViewSonic VX2757-mhd 27"" Full HD 1080P Free Sync Gaming Monitor, 1200:1, 300cd/m2, HDMI&VGA Display Port, Built-in Internal Speaker, VESA Mountable",,,10,ViewSonic,VX2757-mhd
N82E16824276429,"HP 23ER Frameless Silver/White 23"" 7ms(GTG) IPS Widescreen LCD/LED Monitors, HDMI 1920X1080 60Hz, W/ Anti-Glare, Technicolor Color Certification with easy connectivity setting, 178/178 Viewing Angle",139,.99,3,HP,T3M77AA
9SIAC4Z5240434,"SAMSUNG S27E310H Black 27"" 1ms HDMI Widescreen LCD/LED Monitor, 300 cd/m2 DCR Mega Infinity (1000:1), D-Sub HDMI",189,.00,8,SAMSUNG,S27E310H
N82E16824276203,"HP 24UH Black 24"" TN 5ms LCD / LED Monitor, 250 cd/m2 DCR 10,000,000:1 (1000:1), Vesa Mountable, HDMI DVI-D VGA",129,.99,3,HP,24UH
N82E16824009561,"Acer V206HQLAbd (UM.IV6AA.A02) Black 19.5"" 5ms Widescreen LED Backlight LCD Monitor",79,.99,10,Acer,V206HQLAbd (UM.IV6AA.A02)
9SIA2F83532108,"Acer G7 Series G227HQLbi (UM.WG7AA.001) Black 21.5"" 6ms (GTG) HDMI Widescreen LED Backlight Tilt Adjustable LCD Monitor IPS",108,.01,30,Acer,G227HQLbi (UM.WG7AA.001)
N82E16824022258,"SAMSUNG U24E590D Glossy Black 23.6"" 4ms HDMI Widescreen LCD/LED Monitor, AMD FreeSync, 300 cd/m2 DCR Infinity Mega (1,000:1), HDMI DisplayPort",299,.99,5,SAMSUNG,U24E590D
N82E16824236112,"ASUS VE247H Black 23.6"" Full HD HDMI LED BackLight LCD Monitor",139,.99,739,ASUS,VE247H
N82E16824276430,"HP 25ER Frameless Silver/White 25"" 7ms(GTG) IPS Widescreen LCD/LED Monitors, HDMI 1920X1080 60Hz, W/ Anti-Glare, Technicolor Color Certification with Easy Connectivity Setting, 178/178 Viewing Angle",169,.99,2,HP,T3M84AA#ABA
N82E16824236117,"Asus VH238H Black 23"" Full HD HDMI LED Backlight LCD Monitor w/Speakers",134,.99,"1,170",ASUS,VH238H
N82E16824160164,"AOC i2769Vm Glossy Black Bezel 27"" 5ms Widescreen LED Backlight LCD Monitor Built-in Speakers",179,.99,19,AOC,i2769Vm
9SIA2F83426038,"ViewSonic VA2446M-LED 24"" Full HD 1080P TN Monitor, 1000:1, 300cd/m2, VGA&DVI-D, Built-in Speaker, VESA Mountable",127,.47,27,ViewSonic,VA2446M-LED
N82E16824025099,"LG 23MP57HQ-P Black 23"" Class IPS Multi-Tasking Monitor 1920 x 1080 5ms GTG, Flicker Safe Technology, Black Stabilizer, 178/178 Viewing Angle, Anti-Glare 3H Surface Treatment",129,.99,22,LG,23MP57HQ-P
N82E16824236176,"ASUS VS Series VS228H-P Black 21.5"" 5ms HDMI Widescreen LED Backlight LCD Monitor",109,.99,154,ASUS,VS228H-P
N82E16824236154,"ASUS VE248Q 24"" LED Backlight Widescreen LCD Monitor w/ Speakers",159,.99,116,ASUS,VE248Q
9SIAC4Z55Y4380,"SAMSUNG 351 Series S32F351 Glossy White 32"" 5ms HDMI Widescreen LED Backlight LCD Monitor",249,.00,6,SAMSUNG,S32F351
N82E16824236453,"ASUS PB258Q Black 25"" 5ms WQHD Frameless HDMI Widescreen LED Backlight LCD Monitor AH-IPS 350 cd/m2, 2560 x 1440, 100,000,000:1 Built-in Speakers",319,.99,81,ASUS,PB258Q
N82E16824236302,"ASUS VS278Q-P Black 27"" 1ms (GTG) Widescreen LCD/LED Monitor, 300 cd/m2 DCR 80,000,000:1, Dual Built-in Speakers, VESA Mountable, Extensive Connectivity, Dual HDMI/D-Sub/DisplayPort",202,.99,169,ASUS,VS278Q-P
N82E16824236102,"Asus VE248H Black 24"" 2ms Full HD HDMI LED Backlight LCD Monitor w/ Speakers 250 cd/m2 10,000,000:1",144,.99,746,ASUS,VE248H
9SIA3FA4AX3622,"Asus VP239H-P Black 23"" IPS Panel 5ms Frameless Widescreen LCD/LED Monitor, VESA Mountable, Built-in Speaker, Advanced Eye Care Feature, HDMI D-Sub DVI-D",146,.81,16,ASUS,VP239H-P
N82E16824236295,"ASUS VE278H Black 27"" 2ms (GTG) HDMI Widescreen LED Backlight LCD Monitor",164,.99,184,ASUS,VE278H
9SIA4P04624941,"ASUS VE278Q Black 27"" 1920 x 1080 2ms Full HD HDMI LED Backlight LCD Monitor w/ Speakers  300 cd/m2 ASCR 10,000,000:1",184,.95,480,ASUS,VE278Q
N82E16824236342,"ASUS VN279Q Black 27"" 5ms (GTG) HDMI Widescreen LED Backlight Ultra Wide View Monitor",209,.99,49,ASUS,VN279Q
N82E16824025068,"LG 20M37D-B  Black 19.5"" 5ms (GTG) IPS Widescreen LED Backlight LCD Monitor, Full HD 1600 x 900, w/ Dual Smart Solutions and Flicker Safe Technology and Color Wizard Mode",69,.99,13,LG,20M37D-B
N82E16824009316,"Acer S0 Series S220HQL (ET.WS0HP.A01) Black 21.5"" 5ms Widescreen LED Backlight LCD Monitor",99,.99,359,Acer,S220HQL (ET.WS0HP.A01)
9SIA1N82837188,"ASUS PB Series PB278Q 27"" 5ms (GTG) WQHD HDMI Widescreen LED Monitor 300 cd/m2 80,000,000:1 Built-in Speakers, Height & Pivot Adjustable",359,.98,317,ASUS,PB278Q
N82E16824014575,"BenQ ZOWIE XL2411 Dark-Grey 24"" 144Hz 1ms (GTG) e-Sports Gaming Monitor, 350 cd/m2 DCR 12,000,000:1 (1000:1), VESA Mountable, Height & Pivot & Swivel & Tilt Adjustment",289,.00,7,BenQ,XL2411
N82E16824236688,"ASUS MG28UQ Black 28"" 4K UHD Adaptive-Sync (Free Sync) LCD/LED Gaming Monitor, 3840 x 2160 , W/ Asus Excusive GamePlus and Flicker free Technology,  Pivot &Height Adjustment, Built-in Speakers",439,.99,16,ASUS,MG28UQ
N82E16824009910,"Acer XF240H 24"" TN Free-Sync (AMD Adaptive Sync) Gaming Monitor, 1920 x 1080 Full HD, 144 HZ Refresh Rate, 1MS response time, Tilt/Swivel/Height Adjustable, Built-in Speakers",249,.99,31,Acer,XF240H bmjdpr (UM.FX0AA.001)
N82E16824236755,"ASUS VG245H Black 24"" 1ms (GTG) Widescreen Dual HDMI EyeCare Console Gaming Monitor, 250 cd/m2 DCR 10,000,000:1(1000:1), AMD FreeSync, Built-in Speakers, VESA Mountable, Height&Pivot Adjustment",189,.99,14,ASUS,VG245H
9SIAA0T5AX2343,"ASUS PB287Q Black 28"" 1ms (GTG) HDMI Widescreen LED Backlight LCD Monitor",381,.66,151,ASUS,PB287Q
N82E16824236153,"ASUS VS248H-P Black 24"" 2ms (GTG) HDMI Widescreen LED Backlight LCD Monitor",139,.99,903,ASUS,VS248H-P
N82E16824160177,"AOC G2460PQU 24” 1ms Black/Red Extreme Professional 144Hz Gaming LED Monitor, 1920 x 1080, 80000000:1, 350cd/m2, 16:9, HDMI, VGA, USB, DVI-D, Display Port, Tilt, Built-in Speaker",199,.99,44,AOC,G2460PQU
N82E16824236466,"ASUS MG279Q Black 27"" IPS 144Hz 4ms Adaptive-Sync (Free Sync) WQHD LED Gaming Monitor, 2560X1440(2K),W/ Asus Excusive GamePlus and Flicker free Technology, Pivot&Height Adjustment, Built-in speakers",549,.99,139,ASUS,MG279Q
N82E16824025374,"LG 27UD68P-B 27"" FreeSync IPS LED Monitor 4K UHD 3840 x 2160 16:9 Widescreen 5ms (GTG) On-Screen Control with Screen Split Game Mode & Black Stabilizer, VESA mountable",499,.99,12,LG,27UD68P-B
N82E16824236660,"ASUS ROG PG279Q Black 27"" WQHD IPS 2560X1440,  NVIDIA  G-Sync Gaming Monitor, 165 Hz refresh Rate, Slim Bezel Design with HDMI USB Ergonomic EyeCare  Technology",799,.99,201,ASUS,PG279Q
9SIACVB57Y4195,"Acer G6 Series G276HLGbd Black 27"" 6ms Widescreen LED Backlight Slim Bezel Monitor",198,.00,106,Acer,G276HLGbd
9SIAC4Z5240127,"SAMSUNG S22E310H Black 21.5"" 5ms HDMI Widescreen LED Backlight LCD Monitor 250 cd/m2 DCR Mega Infinity (1000:1)",139,.00,0,SAMSUNG,S22E310H
N82E16824025365,"LG 32MP58HQ-P Black 31.5"" FHD IPS Widescreen LED Backlight Monitor 5ms 1920 x 1080 at 60 Hz, On Screen Control w/ Screen Split& Anti-Glare with 3H Hardness HDMI/D-Sub 250 cd/m2 1000:1",229,.99,9,LG,32MP58HQ-P
N82E16824236327,"ASUS VX238H-W White 23"" 1ms (GTG) HDMI Widescreen LED Backlight LCD Monitor",139,.99,176,ASUS,VX238H-W
N82E16824009513,"Acer S241HLbmid  Black 24"" 5ms HDMI Widescreen LED Backlight LCD Monitor",119,.99,199,Acer,S241HL bmid (UM.FS1AA.001)
N82E16824236385,"ASUS VX248H Black 24"" 1ms (GTG) HDMI Widescreen LED Backlight LCD Monitor",139,.99,72,ASUS,VX248H
N82E16824014378,"BenQ GL2760H Black 27"" TN 2ms (GTG) LCD/LED Monitor, 300 cd/m2 DCR 12,000,000:1 (1000:1), HDMI DVI D-Sub",169,.99,105,BenQ,GL2760H
N82E16824236305,"ASUS VX238H Black 23"" 1ms (GTG) HDMI Widescreen LED Backlight LCD Monitor",139,.99,337,ASUS,VX238H
N82E16824009847,"Acer XZ350CU Black 35"" 4ms HDMI Large Format Curved Monitor 2560 x 1080 (2K) 300 cd/m2 100,000,000:1",589,.99,35,Acer,XZ350CU bmijphz (UM.CX0AA.001)
N82E16824014372,"BenQ BL3200PT Black 32"" 4ms (GTG) HDMI WQHD Widescreen LCD/LED Monitor, 300 cd/m2 DCR 20,000,000:1 (3000:1), CAD/CAM Mode, Animation Mode, Built-in Speakers, VESA Mountable, Height Adjustment, USB Hub",399,.99,42,BenQ,BL3200PT
N82E16824236690,"ASUS MG24UQ Black 23.6"" IPS 4K UHD Adaptive-Sync (Free Sync) LCD/LED Gaming Monitor, 3840 x 2160, W/ Asus Excusive GamePlus and Flicker Free Technology, Built-in Speakers",339,.99,13,ASUS,MG24UQ
9SIAC4Z5206209,"SAMSUNG U28E590D Black 28"" 4K UHD Widescreen LCD/LED Monitor, AMD FreeSync 1ms, 370 cd/m2 DCR Mega Infinity (1000:1), VESA Mountable, HDMI DisplayPort",,,50,SAMSUNG,U28E590D
N82E16824236100,"Asus VE228H 21.5"" Full HD HDMI  LED BackLight LCD Monitor w/Speakers",109,.99,540,ASUS,VE228H
N82E16824276457,"HP 24o Black 24"" 2ms (GTG) 60HZ TN Widescreen LED Backlight LCD Monitors, HDMI 1920 x 1080, Vivid Colors with easy connectivity setting",129,.99,14,HP,X0J60AA#ABA
N82E16824009484,"Acer H6 Series H226HQLbid Black 21.5"" 5ms (GTG) HDMI Widescreen LED Backlight LED Backlit LCD Monitor, IPS Panel",129,.99,211,Acer,H226HQLbid (UM.WH6AA.002)
9SIAC4Z5240308,"SAMSUNG S24D300HL Black 23.6"" 5ms Widescreen LCD/LED Monitor, 200 cd/m2 DCR Mega Infinity (1000:1), D-Sub HDMI",129,.00,2,SAMSUNG,S24D300HL
N82E16824025094,"LG 23MP47HQ Black 23"" 5ms (GTG) HDMI Widescreen LED Backlight LCD Monitor IPS",119,.99,59,LG,23MP47HQ
N82E16824236405,"ASUS ROG PG278Q Black 27"" WQHD  2560 x 1440, 144 Hz 1ms (GTG) NVIDIA G-Sync Gaming Monitor with Exclusive GamePlus onscreen timer / crosshair, Tilt, Swivel, Pivot, Height Adjustable",699,.99,310,ASUS,PG278Q
N82E16824009909,"Acer GN276HL Black 27"" Gaming Monitors, 144 Hz 1ms (GTG), LED Backlight LCD Monitor Provide Immersive 3D Image",249,.99,29,Acer,GN276HL bid (UM.HG6AA.001)
N82E16824025038,"LG 29UB55-B Black 29"" 5ms (GTG)IPS  21:9 UltraWide IPS LED Backlight LCD Monitor, 2560 x 1080 (2K), sRGB 100% Anti-glare 3H Surface Treatment, 178/178 Viewing Angle with Built in Speakers",269,.99,62,LG,29UB55-B
N82E16824112024,"SCEPTRE E275W-1920 Black 27"" 5ms HDMI LED Backlight LCD Monitor",149,.99,67,SCEPTRE,E275W-1920
9SIACVB58P6182,"ASUS PB277Q 27"" 1ms (GTG) TN Panel Widescreen LCD/LED Monitor, Height, Tilt, Pivot and Swivel Adjustment, Built-in Speakers, Extensive Connectivity  with Native WQHD Content",326,.10,24,ASUS,PB277Q
N82E16824009642,"Acer GN246HL Black 24"" Gaming Monitors, 144 Hz 1ms (GTG), LED Backlight LCD Monitor provide immersive 3D image",199,.99,291,Acer,GN246HL Bbid 3D (UM.FG6AA.B01)
9SIA1N83WF7171,"Acer XG270HU 27"" 1ms HDMI DisplayPort Widescreen LED Backlight LCD Monitor Edge-to-Edge Frameless Design",476,.70,107,Acer,XG270HU
N82E16824025112,"LG 29UM67P Black 29"" Adaptive-Sync (Free-Sync) 21:9 UltraWide, 60 Hz 5ms (GTG) IPS, 5,000,000:1 LED Backlight Gaming Monitor with Built-in Speaker, exclusive game mode",249,.99,115,LG,29UM67-P
N82E16824116689,"ViewSonic VA2265SMH Black 22"" (21.5"" viewable) 6.5ms HDMI LED Backlight LCD Full HD1080P Monitor,  250 cd/m2 3000:1, D-Sub, HDMI, VESA-Mountable",119,.99,7,ViewSonic,VA2265SMH
N82E16824116820,"ViewSonic VX2276-SMHD Black 22"" 7ms Full HD 1080P SuperClear IPS UltraSlim Frameless Eye Strain Minimized LED Monitor, 1000:1, 250 cd/m2, HDMI, DP, D-Sub, Built-in Dual Speakers",139,.99,1,ViewSonic,VX2276-smhd
N82E16824025100,"LG 24MC57HQ-P Glossy Black 23.8"" 5ms Widescreen IPS Multi-Tasking Monitor DFC 5,000,000:1 (1000:1) HDMI 1920 x1080 w/ 4-screen Split",139,.99,49,LG,24MC57HQ-P
N82E16824236722,"ASUS MG248Q Black 24"" 144Hz 1ms(GTG) Adaptive-Sync (Free Sync) LCD/LED Gaming Monitor, HDMI 1920X1080, W/ Asus Excusive GamePlus and Flicker free Technology, Pivot &Height Adjustment, Built-in Speaker",299,.99,49,ASUS,MG248Q
N82E16824022202,"SAMSUNG S24E310HL Black 23.6"" 8ms HDMI Widescreen LED Backlight LCD Monitor",129,.99,9,SAMSUNG,S24E310HL
N82E16824014377,"BenQ GL2460HM Black 24"" TN 2ms (GTG) LCD/LED Monitor, 250 cd/m2 DCR 12,000,000:1 (1,000:1), Built-in Speakers, VESA Mountable, HDMI, DVI",139,.99,171,BenQ,GL2460HM
N82E16824236174,"ASUS VS Series VS247H-P Black 23.6"" 2ms LED Backlight Widescreen LCD Monitor",139,.99,951,ASUS,VS247H-P
N82E16824025098,"LG 22MC57HQ-P 21.5” Multi-Tasking Full HD IPS Monitor 5ms 1920 x1080 5,000,000: 1 Contrast Ratio Anti-glare 3H Surface Flicker Safe Black Stabilizer and 4-Screen Split Capability with Reader Mode",109,.99,25,LG,22MC57HQ-P
N82E16824116649,"ViewSonic VA2246M-LED Black 21.5"" 5ms Widescreen LED Backlight LCD 16:9  Full HD 1080P Monitor, 250 cd/m2 1000:1 (typ.) / 10,000,000:1 (Dynamic), DVI/D-Sub, Built-in Speakers, VESA Mountable",109,.99,34,ViewSonic,VA2246M-LED
N82E16824022308,"SAMSUNG S24E370DL Glossy White PLS 23.6"" 4ms Widescreen LED Backlight LCD Monitor; Free-Sync Compatible w/ Wireless Phone Charging Capability",149,.99,10,SAMSUNG,S24E370DL
N82E16824022406,"SAMSUNG 350 Series S19F350 Glossy Black 18.5"" 14ms Widescreen LED Backlight LCD Monitor PLS",79,.99,1,SAMSUNG,S19F350
N82E16824025108,"LG 24M47VQ-P Black 24"" TN 2ms Flicker Safe Widescreen LED Class Monitor Full HD 1920 x 1080 60 HZ 4-Way Screen Split Reader Mode sRGB 72% HDMI D-Sub",169,.99,19,LG,24M47VQ
N82E16824160280,"AOC E2060SWD Black 19.5"" LED Backlight Monitor, 1600 x 900, 200cd/m2, VGA, DVI-D with HDCP for high-definition connections, Vesa Mountable",59,.99,2,AOC,E2060SWD
N82E16824116721,"ViewSonic VA2055SM Black 19.5"" Full HD 1080P Widescreen LED Backlight LCD Full HD 1080P Monitor, 250 cd/m2 3000:1, D-Sub, DVI-D, Built-in Speakers, VESA mountable",89,.99,3,ViewSonic,VA2055SM
9SIA1N82W75374,"LG 27MC37HQ-B  Glossy Black 27"" 5ms (GTG) IPS  Widescreen LED Backlight LCD Multi-Tasking Monitor, 1920 x1080  w/ Dual Smart Solutions and Flicker Safe Mode, D-Sub/HDMI",196,.46,5,LG,27MC37HQ-B
N82E16824009720,"Acer G257HL BMIDX Black 25"" 4ms HDMI Widescreen LED Backlight LCD Monitor IPS",119,.99,67,Acer,G257HL BMIDX
N82E16824022407,"SAMSUNG S22F350 Glossy Black 22"" 5ms HDMI Widescreen LCD/LED Monitor, 200cd/m2 DCR Mega Infinity (1000:1), VGA HDMI",99,.99,7,SAMSUNG,S22F350
N82E16824009735,"Acer G7 Series G277HL bid (UM.HG7AA.002) Black 27"" 4ms HDMI Widescreen LED Backlight LCD Monitor IPS",159,.99,18,Acer,G277HL bid (UM.HG7AA.002)
N82E16824014383,"BenQ GW2765HT Black 27"" IPS 4ms (GTG) WQHD LCD/LED Monitor, 350 cd/m2 DCR 20,000,000:1 (1000:1), Built-in Speakers, D-Sub DVI-DL DP HDMI",329,.99,39,BenQ,GW2765HT
N82E16824009654,"Acer G276HL Gbmid Black 27"" 6ms HDMI Widescreen LED Backlight LCD Monitor",199,.99,35,Acer,G276HL Gbmid
N82E16824009421,"Acer G6 Series G236HLBbd Black 23"" 5ms Widescreen LED Backlight LCD Monitor",119,.99,210,Acer,G236HLBbd (UM.VG6AA.B01)
N82E16824116827,"ViewSonic XG2703-GS 27"" 2560 x 1440(2K) 165Hz IPS G-Sync Gaming Monitor, 1000:1, 250cd/m2, USB, HDMI, Display Port, Built-in Internal Speaker, Height, Pivot, Title and Swivel adjustable, VESA Mountabl",699,.99,41,ViewSonic,XG2703-GS
N82E16824022403,"SAMSUNG 391 Series C32F391 Glossy White 32"" 4ms (GTG) HDMI Widescreen LED Backlight LCD Monitor Curved",349,.99,10,SAMSUNG,C32F391
N82E16824236593,"ASUS MG278Q Black 27"" 144 Hz (GTG) WQHD HDMI Widescreen 2560 x 1440 LED Monitor, Adaptive-Sync (Free-Sync), Ergonomic Gaming Performance, Pivot & High Adjustable (1000:1) Built-in Speakers",519,.99,56,ASUS,MG278Q
N82E16824009422,"Acer G6 Series G246HLAbd Black 24"" 5ms Widescreen LED Monitor",124,.99,330,Acer,G246HLAbd (UM.FG6AA.A01)
N82E16824112026,"SCEPTRE E225W-1920 Black 22"" 5ms HDMI Widescreen LED Backlight  LCD Monitor",99,.99,75,SCEPTRE,E225W-1920
