9SIA1UH4M58378,BUFFALO DriveStation Duo 4TB USB 3.0 High Performance RAID Array with Optimized Hard Drives HD-WH4TU3R1,290,.15,2,BUFFALO,HD-WH4TU3R1
9SIA57Z2NF1688,Refurbished: WD My Book Hard Drive for Mac 2 TB (WDBYCC0020HBK-NESN),77,.99,0,None,None
9SIA5AD3CS1485,HornetTek Viper 3TB (3000GB) 64MB Cache 7200RPM SuperSpeed USB 3.0/2.0 External Hard Drive (Black) - Retail w/1 Year Warranty,109,.00,0,None,None
9SIA57Z4VM8118,Refurbished: Western Digital My Passport Ultra 500GB USB 3.0 Portable External Hard Drive,38,.99,0,None,None
9SIA57Z3RX0298,Refurbished: WD My Book Thunderbolt Duo 8TB External Dual Hard Drive Storage with RAID,509,.99,0,Western Digital,WDBUSK0080JSL-NESN
9SIA24G4YS4844,LaCie Rugged 2 TB External Hard Drive - USB 3.0 - Portable - Orange ,,,0,LaCie,None
9SIA10V53F5942,"2.5"" Vox USB 2.0 External SATA Hard Drive Enclosure Up to 1 TB - Black",9,.59,0,Vox,None
1UW-000E-00020,G-Technology G-SPEED Q 24TB USB 3.0 / 2 x Firewire800 / eSATA Desktop External Hard Drive 0G03971 Silver,"1,999",.95,0,G-Technology,0G03971
N82E16822205265,"G-Technology G-SPEED Shuttle XL 18TB 2 x Thunderbolt 2 3.5"" 8-Bay Thunderbolt 2 with ev Series Bay 0G04702 Black","3,199",.95,0,G-Technology,0G04702
9SIA57Z4W23527,Refurbished: Western Digital My Passport Ultra 1TB USB 3.0 Portable External Hard Drive,49,.99,0,None,None
1UW-000E-00007,G-Technology G-Speed Studio XL 32TB RAID 8-Bay Thunderbolt 2 Storage Solution,"3,899",.95,0,G-Technology,0G03518
N82E16822205266,"G-Technology G-SPEED Shuttle XL 24TB 2 x Thunderbolt 2 3.5"" 8-Bay Thunderbolt 2 with ev Series Bay 0G04706 Black","3,399",.95,0,G-Technology,0G04706
9SIA1UH4MD8566,"APRICORN Aegis Padlock DT 6TB USB 3.0 3.5"" Encrypted Desktop Hard Drive with PIN Access with 256-bit AES Encryption ADT-3PL256-6000 Black",588,.11,0,APRICORN,ADT-3PL256-6000
N82E16822205258,"G-Technology G-SPEED Studio XL 24TB 2 x Thunderbolt 2 3.5"" 8-Bay Thunderbolt 2 RAID Array with Two ev Bay Adapters 0G04570 Black","2,899",.95,0,G-Technology,0G04570
0VN-002W-00005,Lacie 9000504U 5big Thunderbolt 2 30TB 7200RPM Hardware RAID,"2,499",.00,0,LaCie,LAC9000504U
9SIA1JX3MN8228,G-Technology G-RAID USB 8TB USB 3.0 Desktop External Hard Drive 0G04069 Silver,529,.95,0,G-Technology,0G04069
9SIA29P3K04647,LaCie d2 USB 3.0 5TB USB 3.0 Desktop Professional Desktop Storage LAC9000444,,,0,LaCie,LAC9000444
9SIA57Z2P08571,Refurbished: WD My Book 2TB USB 3.0 Hard Drive w/ Security & Local & Cloud Backup - Black,89,.99,0,WD,WDBFJK0020HBK-NESN
N82E16822205268,"G-Technology G-SPEED Shuttle XL 48TB 2 x Thunderbolt 2 3.5"" 8-Bay Thunderbolt 2 with ev Series Bay 0G04714 Black","5,799",.95,0,G-Technology,0G04714
1UW-000E-00015,G-Technology G-RAID USB 12TB USB 3.0 Desktop External Hard Drive 0G04077 Silver,729,.95,0,G-Technology,0G04077
N82E16822205262,"G-Technology G-SPEED Shuttle XL 32TB 2 x Thunderbolt 2 3.5"" External Hard Drive 0G04647 Black","4,399",.95,0,G-Technology,0G04647
9SIAA8V3XG7463,"G-Technology G-SPEED Studio XL 18TB 2 x Thunderbolt 2 3.5"" 8-Bay Thunderbolt 2 RAID Array with Two ev Bay Adapters 0G04566 Black",,,0,G-Technology,0G04566
N82E16822205267,"G-Technology G-SPEED Shuttle XL 36TB 2 x Thunderbolt 2 3.5"" 8-Bay Thunderbolt 2 with ev Series Bay 0G04710 Black","4,799",.95,0,G-Technology,0G04710
N82E16822205260,"G-Technology G-SPEED Studio XL 48TB 2 x Thunderbolt 2 3.5"" 8-Bay Thunderbolt 2 RAID Array with Two ev Bay Adapters 0G04578 Black","4,799",.95,0,G-Technology,0G04578
9SIA6ZP56X2266,SEAGATE - RETAIL STEM8000400 8TB BACKUP PLUS MAC USB 3.0,237,.79,0,HGST,None
N82E16822161165,APRICORN Aegis Padlock Fortress 1TB USB 3.0 FIPS 140-2 Encrypted External Hard Drive With PIN Access A25-3PL256-1000F,218,.61,0,APRICORN,A25-3PL256-1000F
9SIA4P04NA9094,"G-Technology G-SPEED Shuttle XL 48TB 2 x Thunderbolt 2 3.5"" External Hard Drive 0G04655 Black",,,0,G-Technology,0G04655
N82E16822154700,LaCie 5big Thunderbolt 2 20TB 2 x Thunderbolt 2 Professional 5-Disk Hardware RAID External Hard Drive LAC9000503U,"1,999",.00,0,LaCie,LAC9000503U
9SIA2F85CE5865,Toshiba Canvio 5 TB External Hard Drive,154,.75,0,TOSHIBA,None
N82E16822204127,Fantom Drives G-Force 3TB USB 3.0 / eSATA Aluminum Desktop External Hard Drive GF3B3000EUA Black,145,.99,0,Fantom Drives,GF3B3000EUA
9SIA2W01WH8336,LaCie 5big Thunderbolt 2 10TB 2 x Thunderbolt 2 Professional 5-Disk Hardware RAID External Hard Drive LAC9000510U,,,0,LaCie,LAC9000510U
9SIA4T01GV1413,WD 2TB My Passport Slim Portable Storage USB 3.0 / USB 2.0 Model WDBPDZ0020BAL-NESN,178,.99,0,WD,WDBPDZ0020BAL-NESN
9SIAA8V3UM8400,"G-Technology G-RAID Studio 6TB 2 x Thunderbolt 2 3.5"" Desktop External Hard Drive 0G03501 Black",,,0,G-Technology,0G03501
1E8-004Z-00059,"LaCie 12big Thunderbolt 3 12-Bay Desktop RAID Storage Array with 72TB HDD (12x 6TB), 7200 RPM, 40Gb/s at Thunderbolt 3, 10Gb/s at USB 3.1","7,301",.99,0,None,None
9SIA1T54SE2478,G-Technology G-RAID 12TB USB 3.0 / 2 x Thunderbolt 2 Desktop External Hard Drive 0G04093 Silver,,,0,G-Technology,0G04093
N82E16822236976,WD 8TB My Book Pro Professional RAID Storage - Thunderbolt USB 3.0 - WDBDTB0080JSL-NESN,599,.99,0,WD,WDBDTB0080JSL-NESN
N82E16822154698,LaCie 2big Thunderbolt 2 12TB USB 3.0 / 2 x Thunderbolt 2 Professional Dual-Disk Hardware RAID External Hard Drive LAC9000473U,799,.00,0,LaCie,LAC9000473U
1E8-000H-00044,LaCie d2 USB 3.0 4TB USB 3.0 Desktop Professional Desktop Storage LAC9000443,179,.99,0,LaCie,LAC9000443
N82E16822205264,"G-Technology G-SPEED Shuttle XL 64TB 2 x Thunderbolt 2 3.5"" External Hard Drive 0G04659 Black","7,799",.95,0,G-Technology,0G04659
N82E16822215085,"Verbatim Store n Save 1TB USB 3.0 3.5"" Desktop Hard Drive 97579 Black",82,.99,0,Verbatim,97579
9SIA1J253V8676,Seagate Backup Plus 3TB USB 3.0 Hard Drives - Desktop External STFM3000100 Black,99,.99,0,Seagate,STFM3000100
N82E16822205200,G-Technology G-SPEED Q 16TB USB 3.0 / 2 x Firewire800 / eSATA G-Speed Q 4-Bay Storage Array 0G02840 Silver,"1,499",.95,0,G-Technology,0G02840
N82E16822235283,Refurbished: WD Elements 4TB USB 3.0 Hard Drives - Desktop External WDBWLG0040HBK Black,109,.99,0,WD,WDBWLG0040HBK
1E8-0006-000K2,Refurbished: WD My Passport Mac 1 TB Portable External Hard Drive (2015) (WDBJBS0010BSL-NESN),49,.99,0,None,None
N82E16822154740,"LaCie Porsche Design P'9230 5TB USB 3.0 3.5"" Desktop External Hard Drive LAC9000480",149,.99,0,LaCie,LAC9000480
N82E16822154748,LaCie Porsche Design 4TB USB 3.1 External Desktop Drive STFE4000100,179,.99,0,LaCie,STFE4000100
N82E16822165607,BUFFALO DriveStation Quad 16TB (4 x 4 TB) USB 3.0 High Performance RAID Array with Optimized Hard Drives HD-QH16TU3R5,"1,289",.99,0,BUFFALO,HD-QH16TU3R5
9SIA4P03ZU2493,"G-Technology G-SPEED Studio XL 36TB 2 x Thunderbolt 2 3.5"" 8-Bay Thunderbolt 2 RAID Array with Two ev Bay Adapters 0G04574 Black",,,0,G-Technology,0G04574
N82E16822154754,LaCie 5big Thunderbolt 2 40TB 2 x Thunderbolt 2 Professional 5-Disk Hardware RAID External Hard Drive STFC40000400,"3,999",.00,0,LaCie,STFC40000400
1E8-001A-00022,G-Technology 10TB G-Drive with Thunderbolt External Hard Drive 0G05024,699,.95,0,None,None
0VN-002W-00006,LaCie 8big Rack Thunderbolt 2 48TB (8 x 6TB) 2 x Thunderbolt 2 8-bay 1U Rackmount Hardware RAID LAC9000476U,"3,999",.00,0,LaCie,LAC9000476U
9SIA4P054N6441,G-Tech G-SPEED Shuttle XL 60TB 8-Bay Thunderbolt 2. (6 x 10TB),,,0,None,None
1E8-004N-00012,BUFFALO DriveStation Axis Velocity 4TB USB 3.0 External Hard Drive HD-LX4.0TU3 Black,169,.99,0,BUFFALO,HD-LX4.0TU3
2WA-000A-00013,G-Technology G-SPEED Shuttle XL 80TB 8-Bay Thunderbolt 2 RAID Array (8 x 10TB),"9,799",.95,0,None,None
N82E16822236975,WD 6TB My Book Pro Professional RAID Storage - Thunderbolt USB 3.0 - WDBDTB0060JSL-NESN,549,.00,0,WD,WDBDTB0060JSL-NESN
1E8-000H-00037,"LaCie 2big Quadra USB 3.0 10TB USB 3.0 / 2 x Firewire800 3.5"" External Hard Drive LAC9000495",549,.00,0,LaCie,LAC9000495
12K-00TG-00005,G-Technology G-DRIVE 4TB USB 3.0 / Thunderbolt Desktop External Hard Drive 0G03050 Silver,329,.95,0,G-Technology,0G03050
N82E16822179030,Seagate Backup Plus 4TB USB 3.0 Hard Drives - Desktop External STFM4000100 Black,109,.99,0,Seagate,STFM4000100
N82E16822179031,Seagate Backup Plus Hub 4TB USB 3.0 Hard Drives - Desktop External STEL4000100 Black,119,.99,0,Seagate,STEL4000100
N82E16822235159,WD My Book 3TB USB 3.0 Desktop Hard Drive WDBBGB0030HBK-NESN Black,99,.99,0,WD,WDBBGB0030HBK-NESN
N82E16822165670,BUFFALO DriveStation Quad 24TB (4 x 6TB) USB 3.0 High Performance RAID Array with Optimized Hard Drives HD-QH24TU3R5 Black,"1,799",.99,0,BUFFALO,HD-QH24TU3R5
1E8-001A-00012,G-Technology G-DRIVE USB 4TB USB 3.0 Desktop External Hard Drive 0G03594 Silver,179,.95,0,G-Technology,0G03594
N82E16822179033,Seagate Backup Plus Hub 8TB USB 3.0 Hard Drives - Desktop External STEL8000100 Black,224,.99,0,Seagate,STEL8000100
9SIA4T01GV1173,WD 500GB My Passport Ultra Portable Hard Drive USB 3.0 Model WDBPGC5000ABL-NESN Blue,139,.38,1,WD,WDBPGC5000ABL-NESN
9SIA6ZP3X19903,WD 12TB My Book Pro Professional RAID Storage - Thunderbolt USB 3.0 - WDBDTB0120JSL-NESN,874,.17,1,WD,WDBDTB0120JSL-NESN
9SIA8H531C6881,"BUSlink 1TB USB 2.0 3.5"" CipherShield AES 128-bit Encryption External Hard Drive CSC-1T-U2",345,.56,1,BUSlink,CSC-1T-U2
N82E16822165440,BUFFALO DriveStation Axis Velocity 1TB USB 3.0 External Hard Drive HD-LX1.0TU3 Black,97,.99,1,BUFFALO,HD-LX1.0TU3
9SIA57Z3WK5545,"Refurbished: Maxtor 250GB 3.5"" IDE/PATA HD",14,.99,1,None,None
9SIA3FA2H20356,"LaCie 2big Quadra USB 3.0 8TB USB 3.0 / 2 x Firewire800 3.5"" External Hard Drive LAC9000317",479,.00,1,LaCie,LAC9000317
9SIA24G1S88528,Fantom Gforce/3  2TB USB 3.0 Aluminum Desktop External Hard Drive GF3B2000U64 Black,105,.12,1,Fantom Drives,GF3B2000U64
9SIA4RE4S98308,"cirago 1.5TB USB 2.0 3.5"" External Hard Drive CST4150",119,.99,1,cirago,CST4150
9SIA1UH3YS7482,BUFFALO DriveStation Axis Velocity 6TB USB 3.0 External Hard Drive HD-LX6.0TU3 Black,300,.13,1,BUFFALO,HD-LX6.0TU3
9SIA0ZX0XR3493,Transcend 1TB StoreJet 25A3 External Hard Drive USB 3.0 Model TS1TSJ25A3K Black,71,.45,1,Transcend,TS1TSJ25A3K
9SIA10V4CU2251,"Refurbished: Seagate Backup Plus 4 Terabyte (4TB) USB 3.0 2.5"" External Hard Drive - Black",139,.95,1,Seagate,None
9SIA70932M7486,Fantom Drives Professional 5TB USB 3.0 / eSATA Aluminum Desktop External Hard Drive GFP5000EU3 Black,312,.55,1,Fantom Drives,GFP5000EU3
9SIA0AJ2K91520,Fantom Drives GreenDrive3 1TB USB 3.0 Aluminum Desktop External Hard Drive GD1000U3,160,.25,1,Fantom Drives,GD1000U3
9SIA0AJ1GB5202,TOSHIBA 500GB Canvio Connect External Hard Drive USB 3.0 Model HDTC705XK3A1 Black,110,.25,1,TOSHIBA,HDTC705XK3A1
N82E16822204124,Fantom Drives G-Force Quad 3TB USB 3.0 / Firewire400 / 2 x Firewire800 / eSATA Aluminum Desktop External Hard Drive GF3000QU3 Black,177,.70,1,Fantom Drives,GF3000QU3
9SIA0AJ1UJ8979,G-Technology G-DRIVE (Gen 6) USB 3.0 eSATA and FireWire 3TB 7200RPM External Hard Drive (0G02923),280,.25,1,G-Technology,0GO2923
9SIA4P01ZR9794,"LaCie 2big Quadra USB 3.0 6TB USB 3.0 / 2 x Firewire800 3.5"" External Hard Drive LAC9000354",349,.00,1,LaCie,LAC9000354
9SIA5AD2ER5632,Hornettek HT-3402U3 Enterprise Quad Bay 20TB (20-Terabyte) USB 3.0 & eSATA JBOD External Hard Drive (Build-in 4x 5TB HDD),899,.95,1,None,None
1E8-0006-000G9,Refurbished: WD My Book Studio 2TB Mac External Hard Drive Storage USB 3.0,67,.99,1,None,None
N82E16822215100,"Verbatim Store 'n' Save 3TB USB 3.0 3.5"" Desktop Hard Drive 97581",114,.99,1,Verbatim,97581
9SIA29P1S54739,LaCie d2 Quadra USB 3.0 4TB USB 3.0 / 2 x Firewire800 / eSATA External Hard Drive LAC9000258U Silver,,,1,LaCie,LAC9000258U
1UW-000E-00014,G-Technology G-RAID 16TB USB 3.0 / 2 x Thunderbolt 2 Desktop External Hard Drive 0G04097 Silver,"1,099",.95,1,G-Technology,0G04097
N82E16822236701,Refurbished: WD Elements 1.5TB USB 3.0 External Hard Drive WDBU6Y0015BBK Black,54,.99,1,WD,WDBU6Y0015BBK
N82E16822235168,"Refurbished: WD My Book 2TB USB 3.0 3.5"" Hard Drives - Desktop External WDBFJK0020HBK Black",64,.99,1,WD,WDBFJK0020HBK
N82E16822154665,LaCie Porsche Design P'9230 4TB USB 3.0 Desktop External Hard Drive LAC9000384,129,.99,1,LaCie,LAC9000384
N82E16822154750,LaCie Porsche Design 8TB USB 3.1 External Desktop Drive STFE8000100,299,.99,1,LaCie,STFE8000100
1E8-001A-00013,G-Technology G-DRIVE USB 2TB USB 3.0 Desktop External Hard Drive 0G03902 Silver,149,.95,1,G-Technology,0G03902
9SIA1T54M52229,G-Technology G-DRIVE USB 6TB USB 3.0 Desktop External Hard Drive 0G03674 Silver,249,.95,1,G-Technology,0G03674
N82E16822165606,BUFFALO DriveStation Quad 12TB (4 x 3 TB) USB 3.0 High Performance RAID Array with Optimized Hard Drives HD-QH12TU3R5,899,.90,1,BUFFALO,HD-QH12TU3R5
1Z4-0051-00010,"ioSafe SoloPRO 2TB USB 3.0 External Hard Drive with Fireproof / Waterproof, + 1 year DATA Recovery SVC SM2TB1YR Black",379,.99,1,ioSafe,SM2TB1YR
0VN-005A-00001,G-Technology G-RAID 8TB USB 3.0 / 2 x Thunderbolt 2 Desktop External Hard Drive 0G04085 Silver,599,.95,1,G-Technology,0G04085
9SIA1N83WZ1477,Fantom Drives G-Force3 2TB USB 3.0 Aluminum Desktop External Hard Drive GF3B2000U32 Black,125,.25,2,Fantom Drives,GF3B2000U32
N82E16822204130,Fantom Drives Professional 1TB USB 3.0 / eSATA Aluminum Desktop External Hard Drive GFP1000EU3 Black,113,.99,2,Fantom Drives,GFP1000EU3
9SIA8HW47R6155,Fantom Drives Professional 2TB USB 3.0 / eSATA Aluminum Desktop External Hard Drive GFP2000EU3 Black,129,.95,2,Fantom Drives,GFP2000EU3
9SIA1UH3YS9766,Fantom Drives Professional 4TB USB 3.0 / eSATA Aluminum Desktop External Hard Drive GFP4000EU3 Black,228,.32,2,Fantom Drives,GFP4000EU3
9SIA2W050U1661,LaCie d2 Quadra USB 3.0 5TB USB 3.0 / 2 x Firewire800 / eSATA External Hard Drive LAC9000481U Silver,279,.99,2,LaCie,LAC9000481U
N82E16822161138,"APRICORN Aegis Padlock DT 2TB USB 3.0 3.5"" External Hard Drive 256-bit AES Encryption ADT-3PL256-2000",192,.55,2,APRICORN,ADT-3PL256-2000
N82E16822501073,"ioSafe SOLO G3 4TB USB 3.0 3.5"" External Hard Drive SK4TB Black",379,.99,2,ioSafe,SK4TB
N82E16822235157,WD My Book 6TB USB 3.0 Desktop Hard Drive WDBBGB0060HBK-NESN Black,159,.99,2,WD,WDBBGB0060HBK-NESN
9SIA4T01GT5610,WD 500GB My Passport Ultra Portable Hard Drive USB 3.0 Model WDBPGC5000ARD-NESN Red,109,.99,3,WD,WDBPGC5000ARD-NESN
9SIA1N849T3087,Fantom Drives G-Force3 1TB USB 3.0 Aluminum Desktop External Hard Drive GF3B1000U32 Black,114,.25,3,Fantom Drives,GF3B1000U32
9SIA6AH2SS7219,Refurbished: WD My Passport Ultra 1TB USB 3.0 Portable Hard Drive WDBZFP0010BBK Black,119,.99,3,WD,WDBZFP0010BBK
9SIA0AJ1E79055,3TB My Book Live External Hard Drive,240,.25,3,Western Digital,WDBACG0030HCH
N82E16822215086,"Verbatim Store n Save 2TB USB 3.0 3.5"" Desktop Hard Drive 97580 Black",98,.99,3,Verbatim,97580
9SIA5AD2T96628,HornetTek Viper 6TB (6000GB) 64MB Cache SuperSpeed USB 3.0/2.0 External Hard Drive (Black),199,.95,3,HornetTek,VP-6000
9SIA29P3MD2728,LaCie d2 USB 3.0 3TB USB 3.0 Desktop Professional Desktop Storage LAC9000529,,,3,LaCie,LAC9000529
N82E16822510050,Fantom Drives 2TB USB 3.0 / eSATA Aluminum Desktop External Hard Drive GF3B2000EU Black,109,.63,3,Fantom Drives,GF3B2000EU
9SIA1UH4S00755,Fantom Drives G-Force 5TB USB 3.0 / eSATA Aluminum Desktop External Hard Drive GF3B5000EU Black,188,.91,3,Fantom Drives,GF3B5000EU
N82E16822204128,Fantom Drives G-Force 4TB USB 3.0 / eSATA Aluminum Desktop External Hard Drive GF3B4000EU Black,154,.99,3,Fantom Drives,GF3B4000EU
N82E16822235158,WD My Book 4TB USB 3.0 Desktop Hard Drive WDBBGB0040HBK-NESN Black,109,.00,3,WD,WDBBGB0040HBK-NESN
N82E16822154545,"LaCie d2 Quadra USB 3.0 3TB USB 3.0 / 2 x Firewire800 / eSATA 3.5"" External Hard Drive LAC301549U Silver",179,.99,3,LaCie,LAC301549U
N82E16822236728,WD 4TB My Book Duo Desktop RAID External Hard Drive - USB 3.0 - WDBLWE0040JCH-NESN,249,.00,3,WD,WDBLWE0040JCH-NESN
9SIA6ZP3K28536,Fantom Drives G-Force 1TB USB 3.0 / eSATA Aluminum Desktop External Hard Drive GF3B1000EU Black,89,.50,4,Fantom Drives,GF3B1000EU
9SIA7U13RH9245,Western Digital WDBHEZ5000ABK-NESN 500GB Enterprise External Hard Drive,179,.99,4,WD,WDBHEZ5000ABK-NESN
9SIA0AJ4H33022,Refurbished: LaCie Minimus 2TB USB 3.0 External Hard Drive 301967-R,139,.89,4,LaCie,301967-R
9SIA0AJ3WB3677,"Refurbished: WD My Book Essential 3TB USB 3.0 / USB 2.0 3.5"" External Hard Drive WDBACW0030HBK Black",159,.89,4,WD,WDBACW0030HBK
N82E16822510051,Fantom Drives G-Force 3TB USB 3.0 / eSATA Aluminum Desktop External Hard Drive GF3B3000EU Black,136,.99,4,Fantom Drives,GF3B3000EU
N82E16822165442,BUFFALO DriveStation Axis Velocity 3TB USB 3.0 External Hard Drive HD-LX3.0TU3 Black,139,.99,4,BUFFALO,HD-LX3.0TU3
9SIA2F839G9300,"LaCie Porsche Design P'9230 3TB USB 3.0 3.5"" Desktop External Hard Drive LAC302003",109,.99,4,LaCie,LAC302003
9SIA5AD3CR9480,HornetTek Viper 2TB (2000GB) 64MB Cache 7200RPM SuperSpeed USB 3.0/2.0 External Hard Drive (Black) - Retail w/1 Year Warranty,79,.99,4,None,None
9SIA3FA4RS7357,WD 16TB My Book Duo Desktop RAID External Hard Drive USB 3.0 - WDBLWE0160JCH-NESN,499,.00,4,WD,WDBLWE0160JCH-NESN
N82E16822236729,WD 6TB My Book Duo Desktop RAID External Hard Drive - USB 3.0 - WDBLWE0060JCH-NESN,279,.00,4,WD,WDBLWE0060JCH-NESN
N82E16822235160,WD My Book 8TB USB 3.0 Desktop Hard Drive WDBBGB0080HBK-NESN Black,209,.99,4,WD,WDBBGB0080HBK-NESN
9SIA4T01H73124,WD 1TB My Passport Slim External Hard Drive USB 3.0 Model WDBGMT0010BAL-NESN,146,.38,5,WD,WDBGMT0010BAL-NESN
9SIA0AJ3Z02727,Refurbished: WD My Book Essential 1TB USB 3.0 External Hard Drive WDBACW0010HBK Black,137,.28,5,WD,WDBACW0010HBK
9SIA1UH3YS9785,Fantom Drives G-Force3 8TB USB 3.0 Aluminum Desktop External Hard Drive GF3B8000U Black,297,.86,5,Fantom Drives,GF3B8000U
N82E16822165441,BUFFALO DriveStation Axis Velocity 2TB USB 3.0 External Hard Drive HD-LX2.0TU3 Black,117,.14,5,BUFFALO,HD-LX2.0TU3
9SIA1UH4N09613,WD 10TB My Book Pro Professional RAID Storage - Thunderbolt USB 3.0 - WDBDTB0100JSL-NESN,741,.64,5,WD,WDBDTB0100JSL-NESN
N82E16822204125,Fantom Drives G-Force Quad 4TB USB 3.0 / Firewire400 / 2 x Firewire800 / eSATA Aluminum Desktop External Hard Drive GF4000QU3 Black,218,.00,5,Fantom Drives,GF4000QU3
N82E16822204121,Fantom Drives G-Force3 Pro 3TB USB 3.0 Aluminum Desktop External Hard Drive GF3B3000UP Black,115,.45,5,Fantom Drives,GF3B3000UP
N82E16822510044,Fantom Drives G-Force3 Pro 4TB USB 3.0 Aluminum Desktop External Hard Drive GF3B4000UP Black,199,.99,5,Fantom Drives,GF3B4000UP
9SIA85V4F64490,Seagate Backup Plus 6TB Desktop External Hard Drive with 200GB of Cloud Storage & Mobile Device Backup USB 3.0 - STDT6000100 (Black),339,.89,5,Seagate,STDT6000100
N82E16822161140,"APRICORN Aegis Padlock DT 3TB USB 3.0 3.5"" Encrypted Desktop Hard Drive with PIN Access with 256-bit AES Encryption ADT-3PL256-3000",246,.42,5,APRICORN,ADT-3PL256-3000
9SIA1UH4N09757,WD 12TB My Book Duo Desktop RAID External Hard Drive - USB 3.0 - WDBLWE0120JCH-NESN,425,.55,6,WD,WDBLWE0120JCH-NESN
N82E16822242012,"cirago 750GB USB 2.0 3.5"" External Hard Drive CST4750",80,.01,6,cirago,CST4750
N82E16822204126,Fantom Drives G-Force 2TB USB 3.0/eSATA Aluminum Desktop External Hard Drive GF3B2000EUA Black,109,.99,6,Fantom Drives,GF3B2000EUA
9SIA6ZP3K21828,Fantom Drives Gforce/3 1TB USB 3.0 Aluminum Desktop External Hard Drive  GF3B1000U Black,89,.50,7,Fantom Drives,GF3B1000U
9SIA0AJ2RP9066,Western Digital My Book Essential 1.5TB Desktop External Hard Drive,180,.25,7,WD,WDBACW0015HBK-NESN
9SIA57Z2P08572,"Refurbished: WD My Book 3TB USB 3.0/USB 2.0 3.5"" External Hard Drive WDBFJK0030HBK Black",108,.99,7,WD,WDBFJK0030HBK
N82E16822510042,Fantom Drives Gforce/3 4TB USB 3.0 Aluminum Desktop External Hard Drive GF3B4000U Black,148,.99,7,Fantom Drives,GF3B4000U
9SIA9DE3SA7823,WD Elements 2TB USB 3.0 External Desktop Storage WDBWLG0020HBK-NESN Black,219,.99,8,WD,WDBWLG0020HBK-NESN
N82E16822165532,BUFFALO DriveStation DDR 2 TB USB 3.0 Hard Drive with DDR3 MegaCache Accelerator - HD-GD2.0U3,139,.99,9,BUFFALO,HD-GD2.0U3
N82E16822236730,WD 8TB My Book Duo Desktop RAID External Hard Drive - USB 3.0 - WDBLWE0080JCH-NESN,319,.00,9,WD,WDBLWE0080JCH-NESN
N82E16822236732,WD 6TB My Book Desktop External Hard Drive - USB 3.0 - WDBFJK0060HBK-NESN,187,.99,9,WD,WDBFJK0060HBK-NESN
9SIA8H531C4229,BUFFALO DriveStation DDR 3 TB USB 3.0 Hard Drive with DDR3 MegaCache Accelerator  - HD-GD3.0U3,190,.80,10,BUFFALO,HD-GD3.0U3
9SIA4T01GS2950,WD 500GB My Passport Ultra Portable Hard Drive USB 3.0 Model WDBPGC5000ABK-NESN Black,153,.89,11,WD,WDBPGC5000ABK-NESN
9SIA0AJ4899592,"TOSHIBA Canvio Desk 4TB USB 3.0 3.5"" Desktop External Hard Drive HDWC240XK3J1 Black",199,.48,11,TOSHIBA,HDWC240XK3J1
9SIA4T01H60813,WD 1TB My Passport Ultra Portable Hard Drive USB 3.0 Model WDBZFP0010BBL-NESN Blue,169,.99,12,WD,WDBZFP0010BBL-NESN
9SIA24G2U47783,"Seagate Expansion 2TB USB 3.0 3.5"" Desktop External Hard Drive STEB2000100 Black",97,.38,12,Seagate,STEB2000100
9SIA0AJ12E8618,WD My Book 4TB Desktop USB 3.0 External Hard Drive Storage  WDBACW0040HBK-NESN,265,.78,12,WD,WDBACW0040HBK-NESN
N82E16822179032,Seagate Backup Plus Hub 6TB USB 3.0 Hard Drives - Desktop External STEL6000100 Black,179,.99,12,Seagate,STEL6000100
9SIA8HW47R6156,Fantom Drives Professional 3TB USB 3.0 / eSATA Aluminum Desktop External Hard Drive GFP3000EU3 Black,159,.95,13,Fantom Drives,GFP3000EU3
9SIA4T01GS2931,WD 2TB My Passport Ultra Portable Hard Drive USB 3.0 Model WDBMWV0020BTT-NESN Titanium,158,.99,13,WD,WDBMWV0020BTT-NESN
9SIA24G47M8352,Seagate Innov8 8TB Desktop External Hard Drive - USB-C Powered - STFG8000400,308,.63,13,Seagate,STFG8000400
N82E16822510022,Fantom Drives Gforce3 Pro 2TB 7200 RPM USB 3.0 Aluminum External Hard Drive (GF3B2000UP),91,.45,13,Fantom Drives,GF3B2000UP
9SIA6ZP3K21674,Fantom Drives Gforce/3 2TB USB 3.0 Aluminum Desktop External Hard Drive  GF3B2000U Black,99,.90,14,Fantom Drives,GF3B2000U
N82E16822165570,BUFFALO DriveStation 3TB USB 3.0 External Desktop Hard Drive HD-LC3.0U3,139,.99,14,BUFFALO,HD-LC3.0U3
N82E16822178740,"Seagate Expansion 3TB USB 3.0 3.5"" Desktop External Hard Drive STEB3000100 Black",89,.99,16,Seagate,STEB3000100
9SIA0AJ10M5448,"WD My Book Essential 500GB USB 2.0 3.5"" Desktop External Hard Drive WDBAAF5000EBK-NESN",183,.89,17,WD,WDBAAF5000EBK-NESN
9SIA3TB1HF4771,"Seagate Expansion 1TB USB 3.0 3.5"" Desktop External Hard Drive STBV1000100 Black",223,.76,17,Seagate,STBV1000100
N82E16822501054,"ioSafe SOLO G3 3TB USB 3.0 3.5"" External Hard Drive with Fireproof / Waterproof, 1 year DATA Recovery SVC SK3TB Black",331,.99,17,ioSafe,SK3TB
9SIA6ZP3R86530,Seagate Backup Plus 3TB Desktop External Hard Drive with 200GB of Cloud Storage & Mobile Device Backup USB 3.0 - STDT3000100 (Black),182,.73,19,Seagate,STDT3000100
9SIA3TB1JE6631,WD 2TB My Book Desktop External Hard Drive - USB 3.0 - WDBFJK0020HBK-NESN,226,.99,22,WD,WDBFJK0020HBK-NESN
N82E16822501053,"ioSafe SOLO G3 2TB USB 3.0 3.5"" External Hard Drive with Fireproof / Waterproof, 1 year DATA Recovery SVC SK2TB",279,.99,24,ioSafe,SK2TB
9SIA0AJ3G66973,BUFFALO DriveStation 2TB USB 3.0 External Desktop Hard Drive HD-LC2.0U3,164,.25,25,BUFFALO,HD-LC2.0U3
N82E16822178951,"Seagate Expansion 8TB USB 3.0 3.5"" Desktop External Hard Drive STEB8000100 Black",209,.99,27,Seagate,STEB8000100
9SIA85V48D5487,WD 3TB My Book Desktop External Hard Drive - USB 3.0 - WDBFJK0030HBK-NESN,120,.39,28,WD,WDBFJK0030HBK-NESN
N82E16822204105,Fantom Drives G-Force3 3TB USB 3.0 Aluminum Desktop External Hard Drive GF3B3000U Black,109,.99,29,Fantom Drives,GF3B3000U
N82E16822165571,BUFFALO DriveStation 4TB USB 3.0 External Desktop Hard Drive HD-LC4.0U3 Black,163,.70,33,BUFFALO,HD-LC4.0U3
9SIA6AH2YP7171,"WD My Book  AV 1TB USB 2.0 / eSATA 3.5"" DVR Expander WDBABT0010HBK-NESN Black",596,.69,36,WD,WDBABT0010HBK-NESN
9SIA4T01GT5698,WD 2TB My Passport Ultra Portable Hard Drive USB 3.0 Model WDBMWV0020BBK-NESN Black,198,.99,39,WD,WDBMWV0020BBK-NESN
N82E16822178741,"Seagate Expansion 4TB USB 3.0 3.5"" Desktop External Hard Drive STEB4000100 Black",109,.00,43,Seagate,STEB4000100
9SIA4T01GT2711,WD 1TB My Passport Ultra Portable Hard Drive USB 3.0 Model WDBZFP0010BBK-NESN Black,146,.69,45,WD,WDBZFP0010BBK-NESN
9SIACVB5806265,Seagate Backup Plus 8TB Desktop External Hard Drive with 200GB of Cloud Storage & Mobile Device Backup USB 3.0 - STDT8000100 (Black),262,.26,49,Seagate,STDT8000100
9SIA9DE3SA7968,WD My Book 1TB Desktop USB 3.0 External Hard Drive Storage WDBACW0010HBK-NESN,242,.99,50,WD,WDBACW0010HBK-NESN
9SIA4P021N8780,WD 4TB My Book Desktop External Hard Drive - USB 3.0 - WDBFJK0040HBK-NESN,129,.00,52,WD,WDBFJK0040HBK-NESN
N82E16822236807,WD Elements 4TB USB 3.0 External Hard Drive WDBWLG0040HBK-NESN Black,119,.99,55,WD,WDBWLG0040HBK-NESN
9SIA6AH2YP7156,WD My Book 2TB Desktop USB 3.0 External Hard Drive Storage WDBACW0020HBK-NESN,209,.69,68,WD,WDBACW0020HBK-NESN
9SIA5MR20D8259,TOSHIBA Canvio Desk 3TB USB 3.0 Desktop External Hard Drive HDWC130XK3J1 Black,193,.99,71,TOSHIBA,HDWC130XK3J1
9SIA0AJ1JD9678,"Refurbished: WD Elements 1TB USB 2.0 3.5"" Desktop External Hard Drive WDBAAU0010HBK",190,.25,72,WD,WDBAAU0010HBK
N82E16822178501,Seagate Backup Plus 5TB Desktop External Hard Drive with 200GB of Cloud Storage & Mobile Device Backup USB 3.0 - STDT5000100 (Black),136,.99,86,Seagate,STDT5000100
N82E16822178742,"Seagate Expansion 5TB USB 3.0 3.5"" Desktop External Hard Drive STEB5000100 Black",122,.99,94,Seagate,STEB5000100
9SIA3TB1HF6350,"Seagate Expansion 4TB USB 3.0 3.5"" Desktop External Hard Drive STBV4000100",271,.74,98,Seagate,STBV4000100
9SIA4T01H90252,"Seagate Expansion 2TB USB 3.0 3.5"" Desktop External Hard Drive STBV2000100",189,.89,164,Seagate,STBV2000100
9SIA0AJ17D7895,WD My Book 3TB Desktop USB 3.0 External Hard Drive Storage  WDBACW0030HBK-NESN,199,.48,207,WD,WDBACW0030HBK-NESN
9SIA0AJ3ZB2508,Western Digital Elements 1TB Desktop External Hard Drive,,,239,WD,WDBAAU0010HBK-NESN
9SIA3TB1HF4859,"Seagate Expansion 3TB USB 3.0 3.5"" Desktop External Hard Drive STBV3000100 Black",165,.32,253,Seagate,STBV3000100
9SIA3TB1JG9763,"Fantom Drives GreenDrive 1TB USB 2.0 / eSATA 3.5"" GreenDrive External Hard Drive GD1000EU",296,.23,412,Fantom Drives,GD1000EU
