N82E16820231697,G.SKILL 4GB 204-Pin DDR3 SO-DIMM DDR3L 1600 (PC3L 12800) Laptop Memory Model F3-1600C11S-4GSL,26,.99,26,G.SKILL,F3-1600C11S-4GSL
N82E16820233578,CORSAIR ValueSelect 8GB 204-Pin DDR3 SO-DIMM DDR3L 1600 (PC3L 12800) Laptop Memory Model CMSO8GX3M1C1600C11,52,.99,5,CORSAIR,CMSO8GX3M1C1600C11
9SIA1K64YS6732,G.SKILL 4GB 204-Pin DDR3 SO-DIMM DDR3L 1600 (PC3L 12800) Laptop Memory Model F3-1600C9S-4GSL,27,.96,5,G.SKILL,F3-1600C9S-4GSL
N82E16820226280,Mushkin Enhanced Essentials 8GB (2 x 4GB) 204-Pin DDR3 SO-DIMM DDR3L 1600 (PC3L 12800) Laptop Memory Model 997037,54,.99,5,Mushkin Enhanced,997037
N82E16820226026,Mushkin Enhanced 4GB 204-Pin DDR3 SO-DIMM DDR3 1333 (PC3 10666) Laptop Memory Model 991647,26,.99,5,Mushkin Enhanced,991647
N82E16820104667,HyperX Impact 32GB (2 x 16G) 260-Pin DDR4 SO-DIMM DDR4 2400 (PC4 19200) Laptop Memory Model HX424S14IBK2/32,274,.88,5,HyperX,HX424S14IBK2/32
N82E16820231581,G.SKILL 8GB 204-Pin DDR3 SO-DIMM DDR3 1600 (PC3 12800) Laptop Memory Model F3-1600C10S-8GSQ,49,.99,5,G.SKILL,F3-1600C10S-8GSQ
N82E16820232147,G.SKILL Ripjaws Series 8GB 260-Pin DDR4 SO-DIMM DDR4 2133 (PC4 17000) Laptop Memory Model F4-2133C15S-8GRS,51,.99,5,G.SKILL,F4-2133C15S-8GRS
N82E16820313719,Team Elite 8GB 260-Pin DDR4 SO-DIMM DDR4 2133 (PC4 17000) Laptop Memory Model TED48G2133C15-S01,43,.99,5,Team,TED48G2133C15-S01
N82E16820139976,Kingston 8GB 204-Pin DDR3 SO-DIMM DDR3 1333 Laptop Memory Model KVR1333D3S9/8G,54,.68,5,Kingston,KVR1333D3S9/8G
N82E16820242125,Kingston 8GB 260-Pin DDR4 SO-DIMM DDR4 2133 (PC4 17000) Laptop Memory Model KVR21S15D8/8,60,.79,5,Kingston,KVR21S15D8/8
9SIA4YU2AH9159,ADATA 2GB 200-Pin DDR2 SO-DIMM DDR2 667 (PC2 5300) Laptop Memory Model VDOPE1B16,32,.12,6,ADATA,VDOPE1B16
9SIA4YU2B18953,Team 2GB 200-Pin DDR2 SO-DIMM DDR2 800 (PC2 6400) Laptop Memory Model TSDD2048M800C5-E,31,.75,6,Team,TSDD2048M800C5-E
9SIA1K64N58509,ADATA Premier Series 16GB (2 x 8G) 204-Pin DDR3 SO-DIMM DDR3 1333 (PC3 10666) Laptop Memory Model AD3S1333W8G9-2,152,.99,6,ADATA,AD3S1333W8G9-2
9SIA4UB4PT1044,Crucial 2GB 204-Pin DDR3 SO-DIMM DDR3L 1333 (PC3L 10600) Laptop Memory Model CT25664BF1339,29,.78,6,Crucial,CT25664BF1339
N82E16820231768,G.SKILL 8GB (2 x 4GB) 204-Pin DDR3 SO-DIMM DDR3 1333 (PC3 10666) Laptop Memory Model F3-1333C9D-8GSA,54,.99,6,G.SKILL,F3-1333C9D-8GSA
N82E16820239849,Kingston 2GB 204-Pin DDR3 SO-DIMM DDR3 1333 (PC3 10600) Laptop Memory Model KVR13S9S6/2,16,.68,6,Kingston,KVR13S9S6/2
N82E16820231512,G.SKILL 8GB (2 x 4GB) 204-Pin DDR3 SO-DIMM DDR3 1600 (PC3 12800) Laptop Memory Model F3-12800CL11D-8GBSA,53,.99,6,G.SKILL,F3-12800CL11D-8GBSA
9SIA4P04T43539,Ballistix Sport SODIMM 8GB (2 x 4GB) 204-Pin DDR3 SO-DIMM DDR3 1866 (PC3 14900) Laptop Memory Model BLS2K4G3N18AES4,69,.00,0,Ballistix,BLS2K4G3N18AES4
9SIA4P05706521,Crucial 16GB 204-Pin DDR3 SO-DIMM DDR3L 1600 (PC3L 12800) Laptop Memory Model CT204864BF160B,155,.64,6,Crucial,CT204864BF160B
N82E16820231699,G.SKILL 8GB 204-Pin DDR3 SO-DIMM DDR3L 1600 (PC3L 12800) Laptop Memory Model F3-1600C11S-8GSL,44,.99,6,G.SKILL,F3-1600C11S-8GSL
N82E16820232156,G.SKILL Ripjaws Series 32GB (2 x 16G) 260-Pin DDR4 SO-DIMM DDR4 2400 (PC4 19200) Laptop Memory Model F4-2400C16D-32GRS,199,.99,6,G.SKILL,F4-2400C16D-32GRS
N82E16820239390,Kingston 16GB (2 x 8G) 204-Pin DDR3 SO-DIMM DDR3 1600 Laptop Memory Model KVR16S11K2/16,106,.99,6,Kingston,KVR16S11K2/16
N82E16820239389,Kingston 16GB (2 x 8G) 204-Pin DDR3 SO-DIMM DDR3 1333 Laptop Memory Model KVR13S9K2/16,106,.99,6,Kingston,KVR13S9K2/16
N82E16820191394,Crucial 4GB 204-Pin DDR3 SO-DIMM DDR3L 1600 (PC3L 12800) Laptop Memory Model CT51264BF160B,29,.99,6,Crucial,CT51264BF160B
9SIA85V4NW5237,Mushkin Enhanced 512MB 200-Pin DDR SO-DIMM DDR 400 (PC 3200) Laptop Memory Model 991306,20,.98,7,Mushkin Enhanced,991306
9SIA1K64285573,G.SKILL 4GB 204-Pin DDR3 SO-DIMM DDR3 1600 (PC3 12800) Laptop Memory Model F3-12800CL9S-4GBSQ,32,.02,7,G.SKILL,F3-12800CL9S-4GBSQ
N82E16820231708,G.SKILL Ripjaws Series 8GB 204-Pin DDR3 SO-DIMM DDR3 1866 (PC3 14900) Laptop Memory Model F3-1866C10S-8GRSL,55,.99,7,G.SKILL,F3-1866C10S-8GRSL
9SIABB74D15566,Patriot Signature 8GB 204-Pin DDR3 SO-DIMM DDR3 1600 (PC3 12800) Laptop Memory Model PSD38G16002S,47,.99,7,Patriot,PSD38G16002S
N82E16820231774,G.SKILL Ripjaws 32GB (4 x 8G) 204-Pin DDR3 SO-DIMM DDR3L 1600 Laptop Memory Model F3-1600C9Q-32GRSL,199,.99,7,G.SKILL,F3-1600C9Q-32GRSL
N82E16820104585,HyperX Impact 8GB 260-Pin DDR4 SO-DIMM DDR4 2133 (PC4 17000) Laptop Memory Model HX421S13IB/8,70,.99,7,HyperX,HX421S13IB/8
9SIA0FU4A10418,Kingston 1GB 200-Pin DDR2 SO-DIMM DDR2 800 (PC2 6400) Laptop Memory Model KVR800D2S6/1G,26,.66,8,Kingston,KVR800D2S6/1G
9SIA85V4NW5067,Mushkin Enhanced 1GB 200-Pin DDR SO-DIMM DDR 400 (PC 3200) Laptop Memory Model 991307,25,.99,8,Mushkin Enhanced,991307
9SIA1UH3YS7989,CORSAIR 4GB 200-Pin DDR2 SO-DIMM DDR2 800 (PC2 6400) Laptop Memory Model VS4GSDS800D2,76,.89,9,CORSAIR,VS4GSDS800D2
N82E16820104477,HyperX Impact Black Series 8GB (2 x 4GB) 204-Pin DDR3 SO-DIMM DDR3L 1600 (PC3L 12800) Laptop Memory Model HX316LS9IBK2/8,66,.99,9,HyperX,HX316LS9IBK2/8
9SIA0AJ52J5974,Ballistix Sport SODIMM 8GB (2 x 4GB) 204-Pin DDR3 SO-DIMM DDR3L 1600 (PC3L 12800) Laptop Memory Model BLS2K4G3N169ES4,129,.95,9,Ballistix,BLS2K4G3N169ES4
9SIA4S82BP8931,SUPER TALENT 2GB 200-Pin DDR2 SO-DIMM DDR2 667 (PC2 5300) Laptop Memory Model T667SB2G/V,37,.00,10,SUPER TALENT,T667SB2G/V
9SIA4RE54X2006,Crucial 8GB 204-Pin DDR3 SO-DIMM DDR3L 1333 (PC3L 10600) Laptop Memory Model CT102464BF1339,82,.99,10,Crucial,CT102464BF1339
N82E16820231579,G.SKILL 8GB 204-Pin DDR3 SO-DIMM DDR3 1600 (PC3 12800) Laptop Memory Model F3-1600C11S-8GSQ,52,.99,10,G.SKILL,F3-1600C11S-8GSQ
N82E16820231693,G.SKILL 8GB 204-Pin DDR3 SO-DIMM DDR3L 1333 (PC3L 10600) Laptop Memory Model F3-1333C9S-8GSL,49,.99,10,G.SKILL,F3-1333C9S-8GSL
9SIA1N849T3978,Crucial 8GB (2 x 4GB) 204-Pin DDR3 SO-DIMM DDR3L 1600 (PC3L 12800) Laptop Memory Model CT2KIT51264BF160BJ,58,.69,10,Crucial,CT2KIT51264BF160BJ
N82E16820239697,Kingston 8GB 204-Pin DDR3 SO-DIMM DDR3L 1600 (PC3L 12800) Laptop Memory Model KVR16LS11/8,50,.25,10,Kingston,KVR16LS11/8
9SIA1K645P7773,Mushkin Enhanced Essentials 4GB 200-Pin DDR2 SO-DIMM DDR2 667 (PC2 5300) Laptop Memory Model 991685,112,.99,11,Mushkin Enhanced,991685
9SIA1K645U2151,Mushkin Enhanced Essentials 4GB (2 x 2GB) 204-Pin DDR3 SO-DIMM DDR3 1333 (PC3 10666) Dual Channel Kit Laptop Memory Model 996646,44,.99,11,Mushkin Enhanced,996646
9SIA1K645R7436,Mushkin Enhanced Essentials 8GB 204-Pin DDR3 SO-DIMM DDR3L 1600 (PC3L 12800) Laptop Memory Model 992038,81,.99,11,Mushkin Enhanced,992038
N82E16820231725,G.SKILL Ripjaws Series 4GB 204-Pin DDR3 SO-DIMM DDR3L 1600 (PC3L 12800) Laptop Memory Model F3-1600C11S-4GRSL,27,.99,11,G.SKILL,F3-1600C11S-4GRSL
N82E16820220747,Patriot Signature 8GB 204-Pin DDR3 SO-DIMM DDR3L 1600 (PC3L 12800) Laptop Memory for Ultrabook Model PSD38G1600L2S,49,.99,11,Patriot,PSD38G1600L2S
N82E16820231132,G.SKILL 2GB (2 x 1GB) 200-Pin DDR2 SO-DIMM DDR2 800 (PC2 6400) Dual Channel Kit Laptop Memory Model F2-6400CL5D-2GBSA,25,.99,12,G.SKILL,F2-6400CL5D-2GBSA
9SIA4YU2AH9161,Transcend 512MB 200-Pin DDR2 SO-DIMM DDR2 533 (PC2 4200) Laptop Memory Model TS64MSQ64V5J,20,.67,12,Transcend,TS64MSQ64V5J
N82E16820231696,G.SKILL 8GB (2 x 4GB) 204-Pin DDR3 SO-DIMM DDR3L 1600 (PC3L 12800) Laptop Memory Model F3-1600C9D-8GSL,55,.99,12,G.SKILL,F3-1600C9D-8GSL
N82E16820231698,G.SKILL 8GB (2 x 4GB) 204-Pin DDR3 SO-DIMM DDR3L 1600 (PC3L 12800) Laptop Memory Model F3-1600C11D-8GSL,51,.99,12,G.SKILL,F3-1600C11D-8GSL
N82E16820239311,Kingston 4GB 204-Pin DDR3 SO-DIMM DDR3 1333 Laptop Memory Model KVR13S9S8/4,28,.68,12,Kingston,KVR13S9S8/4
N82E16820159017,AllComponents 4GB (2 x 2GB) 200-Pin DDR2 SO-DIMM DDR2 667 (PC2 5300) Dual Channel Kit Laptop Memory Model AC2/SO667X64/4096KIT,28,.99,13,AllComponents,AC2/SO667X64/4096KIT
N82E16820231692,G.SKILL 8GB (2 x 4GB) 204-Pin DDR3 SO-DIMM DDR3L 1333 (PC3L 10666) Laptop Memory Model F3-1333C9D-8GSL,49,.99,13,G.SKILL,F3-1333C9D-8GSL
N82E16820231760,G.SKILL Ripjaws Series 16GB (2 x 8G) 204-Pin DDR3 SO-DIMM DDR3L 2133 (PC3L 17000) Laptop Memory Model F3-2133C11D-16GRSL,104,.99,13,G.SKILL,F3-2133C11D-16GRSL
N82E16820104586,HyperX Impact 16GB (2 x 8G) 260-Pin DDR4 SO-DIMM DDR4 2133 (PC4 17000) Laptop Memory Model HX421S13IBK2/16,107,.79,13,HyperX,HX421S13IBK2/16
9SIA4RE46N5320,Crucial 16GB (2 x 8G) 204-Pin DDR3 SO-DIMM DDR3L 1333 (PC3L 10600) Laptop Memory Model CT2KIT102464BF1339,133,.69,14,Crucial,CT2KIT102464BF1339
N82E16820231709,G.SKILL Ripjaws Series 16GB (2 x 8G) 204-Pin DDR3 SO-DIMM DDR3 1866 (PC3 14900) Laptop Memory Model F3-1866C10D-16GRSL,109,.99,14,G.SKILL,F3-1866C10D-16GRSL
N82E16820232150,G.SKILL Ripjaws Series 32GB (2 x 16G) 260-Pin DDR4 SO-DIMM DDR4 2133 (PC4 17000) Laptop Memory Model F4-2133C15D-32GRS,204,.99,14,G.SKILL,F4-2133C15D-32GRS
N82E16820239976,Kingston 8GB (2 x 4GB) 204-Pin DDR3 SO-DIMM DDR3 1333 (PC3 10600) Laptop Memory Model KVR13S9S8K2/8R,56,.68,14,Kingston,KVR13S9S8K2/8R
9SIA4YU3W48850,Team 2GB 200-Pin DDR2 SO-DIMM DDR2 667 (PC2 5300) Laptop Memory Model TSDD2048M667C5-E,24,.51,15,Team,TSDD2048M667C5-E
9SIA24G28M3635,Kingston 2GB 204-Pin DDR3 SO-DIMM DDR3L 1600(PC3L 12800) Laptop Memory Model KVR16LS11S6/2,19,.63,15,Kingston,KVR16LS11S6/2
N82E16820104475,HyperX Impact 8GB 204-Pin DDR3 SO-DIMM DDR3L 1600 (PC3L 12800) Laptop Memory Model HX316LS9IB/8,62,.68,15,HyperX,HX316LS9IB/8
9SIA1K64Z19713,Team 8GB 204-Pin DDR3 SO-DIMM DDR3 1333 Laptop Memory Model TSD38192M1333C9-E,95,.99,16,Team,TSD38192M1333C9-E
N82E16820231131,G.SKILL 1GB 200-Pin DDR2 SO-DIMM DDR2 800 (PC2 6400) Laptop Memory Model F2-6400CL5S-1GBSA,13,.99,16,G.SKILL,F2-6400CL5S-1GBSA
9SIA6ZP3R88185,Crucial 4GB 204-Pin DDR3 SO-DIMM DDR3L 1333 (PC3L 10600) Laptop Memory Model CT51264BF1339,57,.20,16,Crucial,CT51264BF1339
9SIA1K645U2168,Mushkin Enhanced Essentials 8GB (2 x 4GB) 200-Pin DDR2 SO-DIMM DDR2 667 (PC2 5300) Dual Channel Kit Laptop Memory Model 996685,220,.99,16,Mushkin Enhanced,996685
N82E16820226265,Mushkin Enhanced Essentials 16GB (2 x 8G) 204-Pin DDR3 SO-DIMM DDR3 1066 (PC3 8500) Laptop Memory Model 997019,99,.99,16,Mushkin Enhanced,997019
N82E16820232148,G.SKILL Ripjaws Series 16GB (2 x 8G) 260-Pin DDR4 SO-DIMM DDR4 2133 (PC4 17000) Laptop Memory Model F4-2133C15D-16GRS,104,.99,16,G.SKILL,F4-2133C15D-16GRS
N82E16820220618,Patriot Signature 8GB 204-Pin DDR3 SO-DIMM DDR3 1333 (PC3 10600) Laptop Memory Model PSD38G13332S,56,.99,17,Patriot,PSD38G13332S
N82E16820231565,G.SKILL 8GB 204-Pin DDR3 SO-DIMM DDR3 1333 (PC3 10600) Laptop Memory Model F3-1333C9S-8GSA,50,.99,17,G.SKILL,F3-1333C9S-8GSA
N82E16820231732,G.SKILL Ripjaws Series 16GB (2 x 8G) 204-Pin DDR3 SO-DIMM DDR3L 1866 (PC3L 14900) Laptop Memory Model F3-1866C11D-16GRSL,102,.99,17,G.SKILL,F3-1866C11D-16GRSL
N82E16820231215,G.SKILL 4GB (2 x 2GB) 204-Pin DDR3 SO-DIMM DDR3 1333 (PC3 10666) Dual Channel Kit Laptop Memory Model F3-10666CL9D-4GBSQ,30,.99,18,G.SKILL,F3-10666CL9D-4GBSQ
N82E16820239696,Kingston 4GB 204-Pin DDR3 SO-DIMM DDR3L 1600 (PC3L 12800) Laptop Memory Model KVR16LS11/4,26,.68,18,Kingston,KVR16LS11/4
9SIA65053D8496,Crucial 8GB (2 x 4GB) 200-Pin DDR2 SO-DIMM DDR2 800 (PC2 6400) Dual Channel Kit Laptop Memory Model CT2KIT51264AC800,246,.88,19,Crucial,CT2KIT51264AC800
9SIA65053D8497,Crucial 4GB 200-Pin DDR2 SO-DIMM DDR2 800 (PC2 6400) Laptop Memory Model CT51264AC800,115,.22,19,Crucial,CT51264AC800
N82E16820145282,CORSAIR ValueSelect 4GB (2 x 2GB) 204-Pin DDR3 SO-DIMM DDR3 1333 (PC3 10600) Laptop Memory Model CMSO4GX3M2A1333C9,35,.99,19,CORSAIR,CMSO4GX3M2A1333C9
N82E16820226071,Mushkin Enhanced Essentials 8GB (2 x 4GB) 200-Pin DDR2 SO-DIMM DDR2 800 (PC2 6400) Laptop Memory Model 996741,142,.99,19,Mushkin Enhanced,996741
N82E16820226267,Mushkin Enhanced Essentials 16GB (2 x 8G) 204-Pin DDR3 SO-DIMM DDR3 1333 (PC3 10666) Laptop Memory Model 997020,84,.99,19,Mushkin Enhanced,997020
N82E16820231691,G.SKILL 4GB 204-Pin DDR3 SO-DIMM DDR3L 1333 (PC3L 10666) Laptop Memory Model F3-1333C9S-4GSL,28,.99,19,G.SKILL,F3-1333C9S-4GSL
N82E16820231726,G.SKILL Ripjaws Series 8GB (2 x 4GB) 204-Pin DDR3 SO-DIMM DDR3L 1600 (PC3L 12800) Laptop Memory Model F3-1600C11D-8GRSL,54,.99,19,G.SKILL,F3-1600C11D-8GRSL
N82E16820231700,G.SKILL 16GB (2 x 8G) 204-Pin DDR3 SO-DIMM DDR3L 1600 (PC3L 12800) Laptop Memory Model F3-1600C11D-16GSL,99,.99,19,G.SKILL,F3-1600C11D-16GSL
9SIA1K645P6141,Mushkin Enhanced Essentials 1GB 200-Pin DDR2 SO-DIMM DDR2 667 (PC2 5300) Laptop Memory Model 991504,16,.99,20,Mushkin Enhanced,991504
N82E16820231214,G.SKILL 2GB 204-Pin DDR3 SO-DIMM DDR3 1333 (PC3 10666) Laptop Memory Model F3-10666CL9S-2GBSQ,14,.99,20,G.SKILL,F3-10666CL9S-2GBSQ
N82E16820231483,G.SKILL 4GB 204-Pin DDR3 SO-DIMM DDR3 1600 (PC3 12800) Laptop Memory Model F3-12800CL9S-4GBSK,25,.99,20,G.SKILL,F3-12800CL9S-4GBSK
9SIA1K645P7650,Mushkin Enhanced 2GB 204-Pin DDR3 SO-DIMM DDR3 1066 (PC3 8500) Laptop Memory Model 991643,24,.99,21,Mushkin Enhanced,991643
9SIA4YU2AJ0465,ADATA Supreme Series 8GB (2 x 4GB) 204-Pin DDR3 SO-DIMM DDR3 1333 (PC3 10600) Laptop Memory Model AD3S1333C4G9-2,66,.30,21,ADATA,AD3S1333C4G9-2
9SIA4M53GC8863,CORSAIR ValueSelect 2GB 204-Pin DDR3 SO-DIMM DDR3 1333 (PC3 10600) Laptop Memory Model CMSO2GX3M1A1333C9,23,.45,21,CORSAIR,CMSO2GX3M1A1333C9
N82E16820239289,Kingston 8GB 204-Pin DDR3 SO-DIMM DDR3 1600 Laptop Memory Model KVR16S11/8,55,.99,22,Kingston,KVR16S11/8
N82E16820104476,HyperX Impact 16GB (2 x 8G) 204-Pin DDR3 SO-DIMM DDR3L 1600 (PC3L 12800) Laptop Memory Model HX316LS9IBK2/16,117,.68,22,HyperX,HX316LS9IBK2/16
N82E16820231484,G.SKILL 8GB (2 x 4GB) 204-Pin DDR3 SO-DIMM DDR3 1600 (PC3 12800) Laptop Memory Model F3-12800CL9D-8GBSK,58,.99,23,G.SKILL,F3-12800CL9D-8GBSK
N82E16820233370,CORSAIR ValueSelect 16GB (2 x 8G) 204-Pin DDR3 SO-DIMM DDR3 1600 (PC3 12800) Laptop Memory Model CMSO16GX3M2A1600C11,102,.99,24,CORSAIR,CMSO16GX3M2A1600C11
N82E16820231292,G.SKILL 4GB 200-Pin DDR2 SO-DIMM DDR2 800 (PC2 6400) Laptop Memory Model F2-6400CL6S-4GBSQ,84,.99,24,G.SKILL,F2-6400CL6S-4GBSQ
9SIA4YU2AH9143,ADATA 2GB 200-Pin DDR2 SO-DIMM DDR2 800 (PC2 6400) Laptop Memory Model AD2S800B2G5-R,30,.31,25,ADATA,AD2S800B2G5-R
N82E16820231129,G.SKILL 1GB 200-Pin DDR2 SO-DIMM DDR2 667 (PC2 5300) Laptop Memory Model F2-5300CL4S-1GBSA,12,.99,25,G.SKILL,F2-5300CL4S-1GBSA
N82E16820159024,AllComponents 4GB (2 x 2GB) 200-Pin DDR2 SO-DIMM DDR2 800 (PC2 6400) Laptop Memory Model AC2/SO800X64/4096-KIT,28,.99,26,AllComponents,AC2/SO800X64/4096-KIT
N82E16820233264,CORSAIR Vengeance 8GB 204-Pin DDR3 SO-DIMM DDR3 1600 (PC3 12800) Laptop Memory Model CMSX8GX3M1A1600C10,56,.00,26,CORSAIR,CMSX8GX3M1A1600C10
N82E16820239313,Kingston 4GB 204-Pin DDR3 SO-DIMM DDR3 1600 Laptop Memory Model KVR16S11S8/4,28,.68,26,Kingston,KVR16S11S8/4
N82E16820233588,CORSAIR Vengeance Performance 8GB (2 x 4GB) 204-Pin DDR3 SO-DIMM DDR3L 1600 (PC3L 12800) Laptop Memory Model CMSX8GX3M2B1600C9,62,.99,27,CORSAIR,CMSX8GX3M2B1600C9
N82E16820231702,G.SKILL Ripjaws Series 4GB 204-Pin DDR3 SO-DIMM DDR3L 1600 (PC3L 12800) Laptop Memory Model F3-1600C9S-4GRSL,27,.99,27,G.SKILL,F3-1600C9S-4GRSL
N82E16820231339,G.SKILL 2GB 204-Pin DDR3 SO-DIMM DDR3 1333 (PC3 10600) Laptop Memory Model F3-10600CL9S-2GBSQ,12,.99,28,G.SKILL,F3-10600CL9S-2GBSQ
9SIA1K64287683,G.SKILL 8GB (2 x 4GB) 204-Pin DDR3 SO-DIMM DDR3 1600 (PC3 12800) Laptop Memory Model F3-12800CL11D-8GBSQ,51,.89,30,G.SKILL,F3-12800CL11D-8GBSQ
9SIA1K645U2110,Mushkin Enhanced Essentials 4GB (2 x 2GB) 200-Pin DDR2 SO-DIMM DDR2 800 (PC2 6400) Dual Channel Kit Laptop Memory Model 996577,41,.79,31,Mushkin Enhanced,996577
N82E16820231728,G.SKILL Ripjaws Series 16GB (2 x 8G) 204-Pin DDR3 SO-DIMM DDR3L 1600 (PC3L 12800) Laptop Memory Model F3-1600C11D-16GRSL,99,.99,32,G.SKILL,F3-1600C11D-16GRSL
N82E16820233080,CORSAIR ValueSelect 4GB 204-Pin DDR3 SO-DIMM DDR3 1066 (PC3 8500) Laptop Memory Model CM3X4GSD1066 G,28,.99,33,CORSAIR,CM3X4GSD1066 G
N82E16820233587,CORSAIR Vengeance Performance 16GB (2 x 8G) 204-Pin DDR3 SO-DIMM DDR3L 1600 (PC3L 12800) Laptop Memory Model CMSX16GX3M2B1600C9,114,.99,33,CORSAIR,CMSX16GX3M2B1600C9
9SIA1K645P7673,Mushkin Enhanced Essentials 4GB 204-Pin DDR3 SO-DIMM DDR3 1066 (PC3 8500) Laptop Memory Model 991644,45,.99,35,Mushkin Enhanced,991644
9SIA85V4NW5055,Mushkin Enhanced Essentials 2GB 200-Pin DDR2 SO-DIMM DDR2 800 (PC2 6400) Laptop Memory Model 991577,29,.00,35,Mushkin Enhanced,991577
9SIA1K636U8339,Crucial 4GB 204-Pin DDR3 SO-DIMM DDR3L 1600 (PC3L 12800) Laptop Memory Model CT51264BF160BJ,31,.16,35,Crucial,CT51264BF160BJ
N82E16820226323,Mushkin Enhanced Essentials 16GB (2 x 8G) 204-Pin DDR3 SO-DIMM DDR3L 1600 (PC3L 12800) Laptop Memory Model 997038,95,.99,36,Mushkin Enhanced,997038
N82E16820145599,CORSAIR 8GB (2 x 4GB) 200-Pin DDR2 SO-DIMM DDR2 800 (PC2 6400) Laptop Memory Model VS8GSDSKIT800D2,129,.99,38,CORSAIR,VS8GSDSKIT800D2
N82E16820231213,G.SKILL 4GB (2 x 2GB) 204-Pin DDR3 SO-DIMM DDR3 1066 (PC3 8500) Dual Channel Kit Laptop Memory Model F3-8500CL7D-4GBSQ,32,.99,40,G.SKILL,F3-8500CL7D-4GBSQ
N82E16820231727,G.SKILL Ripjaws Series 8GB 204-Pin DDR3 SO-DIMM DDR3L 1600 (PC3L 12800) Laptop Memory Model F3-1600C11S-8GRSL,52,.99,40,G.SKILL,F3-1600C11S-8GRSL
N82E16820145228,CORSAIR ValueSelect 2GB 204-Pin DDR3 SO-DIMM DDR3 1066 (PC3 8500) Laptop Memory Model CM3X2GSD1066,17,.99,41,CORSAIR,CM3X2GSD1066
9SIA1K64EF9366,Mushkin Enhanced Essentials 4GB (2 x 2GB) 200-Pin DDR2 SO-DIMM DDR2 667 (PC2 5300) Dual Channel Kit Laptop Memory Model 996618,59,.99,42,Mushkin Enhanced,996618
9SIA4M55242111,Patriot Signature 8GB (2 x 4GB) 200-Pin DDR2 SO-DIMM DDR2 800 (PC2 6400) Laptop Memory Model PSD28G800SK,155,.32,44,Patriot,PSD28G800SK
9SIA4CP1HH1262,PNY 8GB (2 x 4GB) 204-Pin DDR3 SO-DIMM DDR3 1333 (PC3 10666) Laptop Memory Model MN8192KD3-1333,146,.52,44,PNY,MN8192KD3-1333
N82E16820233241,CORSAIR Vengeance 4GB 204-Pin DDR3 SO-DIMM DDR3 1600 (PC3 12800) Laptop Memory Model CMSX4GX3M1A1600C9,28,.99,44,CORSAIR,CMSX4GX3M1A1600C9
N82E16820231293,G.SKILL 8GB (2 x 4GB) 200-Pin DDR2 SO-DIMM DDR2 800 (PC2 6400) Laptop Memory Model F2-6400CL6D-8GBSQ,169,.99,45,G.SKILL,F2-6400CL6D-8GBSQ
N82E16820231580,G.SKILL 16GB (2 x 8G) 204-Pin DDR3 SO-DIMM DDR3 1600 (PC3 12800) Laptop Memory Model F3-1600C11D-16GSQ,94,.99,45,G.SKILL,F3-1600C11D-16GSQ
9SIA7GS4V58314,Patriot Signature 16GB (2 x 8G) 204-Pin DDR3 SO-DIMM DDR3 1333 (PC3 10600) Laptop Memory Model PSD316G1333SK,128,.66,46,Patriot,PSD316G1333SK
9SIA0FU42J2168,Kingston 2GB 200-Pin DDR2 SO-DIMM DDR2 800 (PC2 6400) Laptop Memory Model KVR800D2S6/2G,39,.06,48,Kingston,KVR800D2S6/2G
9SIA1K645P7066,Mushkin Enhanced Essentials 2GB 200-Pin DDR2 SO-DIMM DDR2 667 (PC2 5300) Laptop Memory Model 991559,30,.99,51,Mushkin Enhanced,991559
N82E16820231264,G.SKILL 2GB 200-Pin DDR2 SO-DIMM DDR2 800 (PC2 6400) Laptop Memory Model F2-6400CL5S-2GBSK,22,.99,52,G.SKILL,F2-6400CL5S-2GBSK
N82E16820233216,CORSAIR ValueSelect 8GB 204-Pin DDR3 SO-DIMM DDR3 1333 (PC3 10600) Laptop Memory Model CMSO8GX3M1A1333C9,55,.99,52,CORSAIR,CMSO8GX3M1A1333C9
N82E16820231212,G.SKILL 2GB 204-Pin DDR3 SO-DIMM DDR3 1066 (PC3 8500) Laptop Memory Model F3-8500CL7S-2GBSQ,16,.99,53,G.SKILL,F3-8500CL7S-2GBSQ
9SIA4RE54X1442,Crucial 2GB (2 x 1GB) 200-Pin DDR2 SO-DIMM DDR2 800 (PC2 6400) Dual Channel Kit Laptop Memory Model CT2KIT12864AC800,27,.89,54,Crucial,CT2KIT12864AC800
N82E16820231210,G.SKILL 8GB (2 x 4GB) 200-Pin DDR2 SO-DIMM DDR2 667 (PC2 5300) Laptop Memory Model F2-5300CL5D-8GBSQ,169,.99,55,G.SKILL,F2-5300CL5D-8GBSQ
9SIA1K645P6188,Mushkin Enhanced Essentials 2GB (2 x 1GB) 200-Pin DDR2 SO-DIMM DDR2 667 (PC2 5300) Dual Channel Kit Laptop Memory Model 991505,28,.99,58,Mushkin Enhanced,991505
9SIA4RE54V1795,Crucial 8GB (2 x 4GB) 204-Pin DDR3 SO-DIMM DDR3L 1333 (PC3L 10600) Laptop Memory Model CT2KIT51264BF1339,99,.99,58,Crucial,CT2KIT51264BF1339
N82E16820231533,G.SKILL 16GB (2 x 8G) 204-Pin DDR3 SO-DIMM DDR3 1333 (PC3 10666) Laptop Memory Model F3-10666CL9D-16GBSQ,74,.99,60,G.SKILL,F3-10666CL9D-16GBSQ
N82E16820145283,CORSAIR ValueSelect 4GB 204-Pin DDR3 SO-DIMM DDR3 1333 (PC3 10600) Laptop Memory Model CMSO4GX3M1A1333C9,28,.00,62,CORSAIR,CMSO4GX3M1A1333C9
9SIA4RE54X1449,Crucial 1GB 200-Pin DDR SO-DIMM DDR 400 (PC 3200) Laptop Memory Model CT12864X40B,35,.89,65,Crucial,CT12864X40B
N82E16820231202,G.SKILL 4GB 200-Pin DDR2 SO-DIMM DDR2 667 (PC2 5300) Laptop Memory Model F2-5300CL5S-4GBSQ,84,.99,66,G.SKILL,F2-5300CL5S-4GBSQ
9SIA4M53GC9005,Patriot Signature 4GB 204-Pin DDR3 SO-DIMM DDR3 1333 (PC3 10600) Laptop Memory Model PSD34G13332S,30,.90,67,Patriot,PSD34G13332S
N82E16820148679,Crucial 8GB 204-Pin DDR3 SO-DIMM DDR3L 1600 (PC3L 12800) Laptop Memory Model CT102464BF160B,54,.99,67,Crucial,CT102464BF160B
N82E16820226027,Mushkin Enhanced 8GB (2 x 4GB) 204-Pin DDR3 SO-DIMM DDR3 1333 (PC3 10666) Dual Channel Kit Laptop Memory Model 996647,55,.99,68,Mushkin Enhanced,996647
9SIA1N83YX2677,Crucial 8GB Kit (2 x 4GB) DDR3L 1600 MT/s (PC3L-12800) SODIMM 204-Pin 1.35V/1.5V Laptop Memory - CT2KIT51264BF160B,58,.74,68,Crucial,CT2KIT51264BF160B
N82E16820231481,G.SKILL 4GB 204-Pin DDR3 SO-DIMM DDR3 1600 (PC3 12800) Laptop Memory Model F3-12800CL11S-4GBSQ,27,.99,72,G.SKILL,F3-12800CL11S-4GBSQ
N82E16820231165,G.SKILL 4GB (2 x 2GB) 200-Pin DDR2 SO-DIMM DDR2 667 (PC2 5300) Dual Channel Kit Laptop Memory Model F2-5300CL5D-4GBSK,44,.99,76,G.SKILL,F2-5300CL5D-4GBSK
N82E16820146440,Mushkin Enhanced 2GB (2 x 1GB) 200-Pin DDR2 SO-DIMM DDR2 533 (PC2 4200) Dual Channel Kit Laptop Memory Model 991479,17,.99,77,Mushkin Enhanced,991479
N82E16820231703,G.SKILL Ripjaws Series 8GB (2 x 4GB) 204-Pin DDR3 SO-DIMM DDR3L 1600 (PC3L 12800) Laptop Memory Model F3-1600C9D-8GRSL,54,.99,80,G.SKILL,F3-1600C9D-8GRSL
N82E16820231130,G.SKILL 2GB (2 x 1GB) 200-Pin DDR2 SO-DIMM DDR2 667 (PC2 5300) Dual Channel Kit Laptop Memory Model F2-5300CL4D-2GBSA,25,.99,85,G.SKILL,F2-5300CL4D-2GBSA
N82E16820231164,G.SKILL 2GB 200-Pin DDR2 SO-DIMM DDR2 667 (PC2 5300) Laptop Memory Model F2-5300CL5S-2GBSK,21,.99,85,G.SKILL,F2-5300CL5S-2GBSK
N82E16820233242,CORSAIR Vengeance 8GB (2 x 4GB) 204-Pin DDR3 SO-DIMM DDR3 1600 (PC3 12800) Laptop Memory Model CMSX8GX3M2A1600C9,57,.99,88,CORSAIR,CMSX8GX3M2A1600C9
N82E16820226021,Mushkin Enhanced Essentials 8GB (2 x 4GB) 204-Pin DDR3 SO-DIMM DDR3 1066 (PC3 8500) Dual Channel Kit Laptop Memory Model 996644,51,.99,88,Mushkin Enhanced,996644
9SIA4RE46N6148,Crucial 4GB (2 x 2GB) 200-Pin DDR2 SO-DIMM DDR2 800 (PC2 6400) Dual Channel Kit Laptop Memory Model CT2KIT25664AC800,40,.29,93,Crucial,CT2KIT25664AC800
9SIA4YU2AH9163,Transcend 2GB 200-Pin DDR2 SO-DIMM DDR2 800 (PC2 6400) Laptop Memory Model JM800QSU-2G,33,.92,94,Transcend,JM800QSU-2G
9SIA4P03JY0328,Crucial 16GB (2 x 8G) 204-Pin DDR3 SO-DIMM DDR3L 1600 (PC3L 12800) Laptop Memory Model CT2KIT102464BF160B,107,.99,96,Crucial,CT2KIT102464BF160B
9SIA0AJ5796866,Memory for Apple,179,.95,97,None,None
9SIA0AJ54D3103,CORSAIR ValueSelect 8GB (2 x 4GB) 204-Pin DDR3 SO-DIMM DDR3 1066 (PC3 8500) Laptop Memory Model CM3X8GSDKIT1066 G,99,.95,97,CORSAIR,CM3X8GSDKIT1066 G
N82E16820233079,CORSAIR 2GB 200-Pin DDR2 SO-DIMM DDR2 800 (PC2 6400) Laptop Memory Model VS2GSDS800D2 G,21,.99,101,CORSAIR,VS2GSDS800D2 G
9SIA85V3T19769,Patriot 2GB 200-Pin DDR2 SO-DIMM DDR2 800 (PC2 6400) Laptop Memory Model PSD22G8002S,31,.43,102,Patriot,PSD22G8002S
9SIA24G28M7641,Patriot Signature 4GB 200-Pin DDR2 SO-DIMM DDR2 800 (PC2 6400) Laptop Memory Model PSD24G8002S,77,.49,103,Patriot,PSD24G8002S
N82E16820231155,G.SKILL 2GB 200-Pin DDR2 SO-DIMM DDR2 800 (PC2 6400) Laptop Memory Model F2-6400CL5S-2GBSQ,21,.99,104,G.SKILL,F2-6400CL5S-2GBSQ
N82E16820233217,CORSAIR ValueSelect 16GB (2 x 8G) 204-Pin DDR3 SO-DIMM DDR3 1333 (PC3 10600) Laptop Memory Model CMSO16GX3M2A1333C9,94,.99,104,CORSAIR,CMSO16GX3M2A1333C9
N82E16820231472,G.SKILL 8GB (2 x 4GB) 204-Pin DDR3 SO-DIMM DDR3 1600 (PC3 12800) Laptop Memory Model F3-12800CL9D-8GBSQ,55,.99,108,G.SKILL,F3-12800CL9D-8GBSQ
9SIA4YU2AJ0547,G.SKILL 4GB 204-Pin DDR3 SO-DIMM DDR3 1333 (PC3 10666) Laptop Memory Model F3-10666CL9S-4GBSQ,32,.75,109,G.SKILL,F3-10666CL9S-4GBSQ
N82E16820231704,G.SKILL Ripjaws Series 8GB 204-Pin DDR3 SO-DIMM DDR3L 1600 (PC3L 12800) Laptop Memory Model F3-1600C9S-8GRSL,52,.99,117,G.SKILL,F3-1600C9S-8GRSL
9SIA85V4NW1348,Mushkin Enhanced Essentials 4GB (2 x 2GB) 204-Pin DDR3 SO-DIMM DDR3 1066 (PC3 8500) Laptop Memory Model 996643,32,.64,120,Mushkin Enhanced,996643
N82E16820231582,G.SKILL Standard Series 16GB (2 x 8G) 204-Pin DDR3 SO-DIMM DDR3 1600 (PC3 12800) Laptop Memory Model F3-1600C10D-16GSQ,79,.99,123,G.SKILL,F3-1600C10D-16GSQ
9SIA6503JY0354,PNY 2GB (2 x 1GB) 200-Pin DDR2 SO-DIMM DDR2 667 (PC2 5300) Laptop Memory Model MN2048KD2-667,74,.99,130,PNY,MN2048KD2-667
9SIA0FU42J2262,Kingston 2GB 200-Pin DDR2 SO-DIMM DDR2 667 (PC2 5300) Laptop Memory Model KVR667D2S5/2G,38,.96,130,Kingston,KVR667D2S5/2G
N82E16820231531,G.SKILL 16GB (2 x 8G) 204-Pin DDR3 SO-DIMM DDR3 1333 (PC3 10600) Laptop Memory Model F3-10600CL9D-16GBSQ,84,.99,131,G.SKILL,F3-10600CL9D-16GBSQ
N82E16820233265,CORSAIR Vengeance 16GB (2 x 8G) 204-Pin DDR3 SO-DIMM DDR3 1600 (PC3 12800) Laptop Memory Model CMSX16GX3M2A1600C10,113,.99,136,CORSAIR,CMSX16GX3M2A1600C10
N82E16820146697,Mushkin Enhanced Essentials 4GB (2 x 2GB) 200-Pin DDR2 SO-DIMM DDR2 667 (PC2 5300) Dual Channel Kit Laptop Memory Model 996559,35,.99,142,Mushkin Enhanced,996559
N82E16820134129,Kingston 1GB 200-Pin DDR2 SO-DIMM DDR2 667 (PC2 5300) Laptop Memory Model KVR667D2S5/1G,13,.99,158,Kingston,KVR667D2S5/1G
N82E16820145281,CORSAIR ValueSelect 8GB (2 x 4GB) 204-Pin DDR3 SO-DIMM DDR3 1333 (PC3 10600) Laptop Memory Model CMSO8GX3M2A1333C9,55,.99,169,CORSAIR,CMSO8GX3M2A1333C9
N82E16820231705,G.SKILL Ripjaws Series 16GB (2 x 8G) 204-Pin DDR3 SO-DIMM DDR3L 1600 (PC3L 12800) Laptop Memory Model F3-1600C9D-16GRSL,94,.99,171,G.SKILL,F3-1600C9D-16GRSL
9SIA0AJ55K1216,Crucial 2GB 204-Pin DDR3 SO-DIMM DDR3 1066 (PC3 8500) Laptop Memory Model CT25664BC1067,39,.89,177,Crucial,CT25664BC1067
9SIA4RE46N7167,Crucial 4GB (2 x 2GB) 200-Pin DDR2 SO-DIMM DDR2 667 (PC2 5300) Laptop Memory Model CT2KIT25664AC667,45,.49,187,Crucial,CT2KIT25664AC667
9SIA4YU2AH9151,Transcend 2GB 200-Pin DDR2 SO-DIMM DDR2 667 (PC2 5300) Laptop Memory Model JM667QSU-2G,31,.37,191,Transcend,JM667QSU-2G
9SIA6504T18674,Crucial 2GB 200-Pin DDR2 SO-DIMM DDR2 800 (PC2 6400) Laptop Memory Model CT25664AC800,27,.22,199,Crucial,CT25664AC800
9SIA8N24VF1375,Transcend 2GB 200-Pin DDR2 SO-DIMM DDR2 667 (PC2 5300) Laptop Memory Model TS256MSQ64V6U,44,.26,211,Transcend,TS256MSQ64V6U
N82E16820231265,G.SKILL 4GB 204-Pin DDR3 SO-DIMM DDR3 1066 (PC3 8500) Laptop Memory Model F3-8500CL7S-4GBSQ,27,.99,216,G.SKILL,F3-8500CL7S-4GBSQ
9SIA4YU2AH9165,Transcend 1GB 200-Pin DDR SO-DIMM DDR 333 (PC 2700) Laptop Memory Model TS128MSD64V3A,62,.64,241,Transcend,TS128MSD64V3A
N82E16820148087,Crucial 2GB 200-Pin DDR2 SO-DIMM DDR2 667 (PC2 5300) Laptop Memory Model CT25664AC667,24,.99,245,Crucial,CT25664AC667
N82E16820145593,CORSAIR 1GB 200-Pin DDR2 SO-DIMM DDR2 533 (PC2 4200) Laptop Memory Model VS1GSDS533D2,12,.99,317,CORSAIR,VS1GSDS533D2
N82E16820231147,G.SKILL 2GB 200-Pin DDR2 SO-DIMM DDR2 667 (PC2 5300) Laptop Memory Model F2-5300CL5S-2GBSQ,21,.99,317,G.SKILL,F2-5300CL5S-2GBSQ
N82E16820231156,G.SKILL 4GB (2 x 2GB) 200-Pin DDR2 SO-DIMM DDR2 800 (PC2 6400) Dual Channel Kit Laptop Memory Model F2-6400CL5D-4GBSQ,43,.99,340,G.SKILL,F2-6400CL5D-4GBSQ
9SIA4RE54X1870,Crucial 1GB 200-Pin DDR2 SO-DIMM DDR2 667 (PC2 5300) Laptop Memory Model CT12864AC667,17,.29,343,Crucial,CT12864AC667
N82E16820231341,G.SKILL 4GB 204-Pin DDR3 SO-DIMM DDR3 1333 (PC3 10600) Laptop Memory Model F3-10600CL9S-4GBSQ,26,.99,366,G.SKILL,F3-10600CL9S-4GBSQ
N82E16820145484,CORSAIR 512MB 200-Pin DDR SO-DIMM DDR 333 (PC 2700) Laptop Memory Model VS512SDS333,15,.99,416,CORSAIR,VS512SDS333
9SIA4YU2AH9157,G.SKILL 1GB 200-Pin DDR2 SO-DIMM DDR2 667 (PC2 5300) Laptop Memory Model F2-5300PHU1-1GBSA,17,.86,489,G.SKILL,F2-5300PHU1-1GBSA
N82E16820231295,G.SKILL 8GB (2 x 4GB) 204-Pin DDR3 SO-DIMM DDR3 1333 (PC3 10666) Laptop Memory Model F3-10666CL9D-8GBSQ,52,.99,576,G.SKILL,F3-10666CL9D-8GBSQ
N82E16820231116,G.SKILL 2GB (2 x 1GB) 200-Pin DDR2 SO-DIMM DDR2 667 (PC2 5300) Dual Channel Kit Laptop Memory Model F2-5300PHU2-2GBSA,24,.99,583,G.SKILL,F2-5300PHU2-2GBSA
N82E16820231294,G.SKILL 8GB (2 x 4GB) 204-Pin DDR3 SO-DIMM DDR3 1066 (PC3 8500) Laptop Memory Model F3-8500CL7D-8GBSQ,56,.99,586,G.SKILL,F3-8500CL7D-8GBSQ
N82E16820145172,CORSAIR 2GB 200-Pin DDR2 SO-DIMM DDR2 667 (PC2 5300) Laptop Memory Model VS2GSDS667D2,22,.00,671,CORSAIR,VS2GSDS667D2
N82E16820148086,Crucial 2GB (2 x 1GB) 200-Pin DDR2 SO-DIMM DDR2 667 (PC2 5300) Dual Channel Kit Laptop Memory Model CT2KIT12864AC667,31,.99,684,Crucial,CT2KIT12864AC667
N82E16820231135,G.SKILL 4GB (2 x 2GB) 200-Pin DDR2 SO-DIMM DDR2 667 (PC2 5300) Dual Channel Kit Laptop Memory Model F2-5300CL5D-4GBSA,42,.99,780,G.SKILL,F2-5300CL5D-4GBSA
N82E16820231342,G.SKILL 8GB (2 x 4GB) 204-Pin DDR3 SO-DIMM DDR3 1333 (PC3 10600) Laptop Memory Model F3-10600CL9D-8GBSQ,49,.99,806,G.SKILL,F3-10600CL9D-8GBSQ
9SIA4RE40B7997,Crucial 1GB 200-Pin DDR SO-DIMM DDR 333 (PC 2700) Laptop Memory Model CT12864X335,33,.89,"1,115",Crucial,CT12864X335
