9SIA5442D96030,Audio-Technica ATH-M30 3.5mm/ 6.3mm Connector Circumaural Closed-back Dynamic Stereo Monitor Headphone,69,.00,15,Audio-Technica,ATH-M30
9SIA7HN5AC0926,KOSS VC20 3.5mm Connector Volume Control,11,.61,6,KOSS,VC20
9SIA0AJ1F73433,Sennheiser Black MM 550-X Around-Ear Foldable Wireless Bluetooth Travel Headphone,499,.95,6,Sennheiser,MM 550-X
9SIA3SJ2WD3543,"Bluedio T2+ (Turbine 2 Plus) Bluetooth 4.1 Stereo Wireless On-Ear Headphones with Built-In Microphone, Support SD Card Playback FM Radio - White",36,.99,6,Bluedio,T2V
9SIA1CZ1S18657,"Skullcandy Black/Red S2IKDY-010 3.5mm Connector Ink'd 2.0 Earbud Headphones with Mic, Black/ Red",13,.25,6,Skullcandy,S2IKDY-010
9SIA19P3UY7776,Sony MDR-RF985RK Wireless RF Headphones - Black,,,6,SONY,MDR-RF985RK
9SIA22F5CH0934,Refurbished: Sony MDRXB950AP/H Over-the-Head Headphone - Silver,74,.49,7,SONY,MDRXB950AP/H
9SIA1640BE8886,Frisby Super Bass Computer Headphone Microphone Combo with In-line Volume Control,13,.95,7,Frisby,MSK814VR
9SIA24G0P77000,JVC HA-FX8-A 3.5mm Connector In-Ear Headphone - Dark Blue,8,.82,7,JVC,HA-FX8-A
9SIA0AJ1BU3174,JVC Black HA-EBX85-Z 3.5mm Connector Canal Ladies' Sports Clip Earphone (Black),59,.95,7,JVC,HA-EBX85-Z
9SIA0AJ3WF6432,ConnectLand Black/White CL-AUD23029 Supra-aural Bluetooth v2.1 EDR Stereo Headset with Microphone - White/Black,27,.89,7,ConnectLand,CL-AUD23029
9SIA1N80MK5571,Maxell HP/NC-II Gold Plated 3.5mm Connector Circumaural Noise Cancellation Headphone,33,.91,7,Maxell,HP/NC-II
9SIACY959H1630,Panasonic Black RP-HJE120-K Canal Earbud Headphone,10,.99,7,Panasonic,RP-HJE120-K
9SIA3JX3WC6015,Mee audio MEE-M6-BK 3.5mm Connector Earbud M6 Sports In-Ear Headphones (Black),17,.99,7,Mee audio,MEE-M6-BK
9SIA1XY0J70519,MG51-USB - Magnum True 5.1 Surround Sound USB Over Ear Headset with Mic - Black,49,.00,7,LTB,MG51-USB
9SIA76D4RR5789,SONY Black MDR-EX10LP/BLK 3.5mm Connector In-Ear Earphone (Black),13,.35,7,SONY,MDR-EX10LP/BLK
9SIA25V46Y9397,Sennheiser - Noise Cancelling Headphones (PXC 450),280,.95,7,Sennheiser,PXC450
N82E16826779048,Klipsch R6m In-Ear Headphones,79,.00,7,Klipsch,R6m
N82E16826735118,MEE audio EP-M9B-BK-MEE M9B Bluetooth Wireless Noise-Isolating In-Ear Stereo Headset,14,.99,7,Mee audio,EP-M9B-BK-MEE
9SIA0AJ1DB1575,Refurbished: Creative Bluetooth Wireless Headphones with Invisible Mic - WP-350,99,.95,8,Creative,WP-350
9SIA7GA38J5968,Sennheiser - Earbud Headphones (MX 370),49,.80,8,Sennheiser,MX370
9SIA0AJ35P7541,JBL J55 On-Ear Headphones - No-Mic - Orange,69,.95,8,JBL,J55WOR
9SIA1640BW5564,Frisby Computer Laptop Desktop PC Notebook Noise Canceling Stand Alone Microphone MIC,15,.95,8,Frisby,FMC-220
9SIA7GA38J6393,Sennheiser - Soundproof Closed Headphones (HD 218),69,.80,8,Sennheiser,HD 218
9SIAA1G3NW1232,Fuji Labs FJ-IPOD-E3220 Pro Stereo Silicon Acoustic Earbuds - Silver,11,.99,8,Fuji Labs,FJ-iPOD-E3220-SL
9SIA65022P3145,"COBY CV-E52 PUR 3.5mm Connector Canal Jammerz Isolation Stereo Earphone, Purple",29,.99,8,COBY,CV-E52 PUR
9SIA6NT36F1769,KOSS Black KE5K (175481) 3.5mm Connector Earbud Earphone (Black),5,.99,8,KOSS,KE5K (175481)
9SIA1CZ0UA3263,JVC HA-FX5-B 3.5mm Connector Inner-Ear Gumy Plus Headphone - Black,7,.99,8,JVC,HA-FX5-B
9SIA19P45V8915,Panasonic White RP-HTX7-W1 3.5mm/ 6.3mm Connector Circumaural Monitor Stereo Headphone (White),52,.95,8,Panasonic,None
9SIA0AJ2TP6019,California Headphone Company - Laredo Premium On-Ear Headphones w/ Duo-Jack Technology (CHC-Laredo),99,.89,8,California Headphone Company,CHCLAREDO
N82E16826556084,Fuji Labs Wireless AUFJ-W-HD2000-BK Professional Stereo Headphones - Black,41,.09,8,Fuji Labs,AUFJ-W-HD2000-BK
9SIA76D3545987,SONY White MDR-ZX100/WHT Supra-aural Stereo Headphone - White,15,.95,8,SONY,MDR-ZX100/WHT
9SIACCU54S0846,"Anker SoundBuds Wireless Headphones - Sweatproof, Magnetic In-Ear Sport Earbuds with 8-Hour Playtime and Noise Cancellation, Secure Fit Bluetooth Headset for Running, Workout and Gym",29,.88,8,Anker,A3233011
9SIA7GA2MN4944,Sennheiser MX365 In-Ear Headphone-Red,39,.80,8,Sennheiser,MX 365
9SIA7HN5AC1884,Maxell 190265 3.5mm Connector Supra-aural AMP-B Amplified Heavy Bass Headphone (Blue),20,.49,8,Maxell,190265
9SIA4P01XZ1182,Sennheiser HD429s Over-Ear Headphones,69,.95,8,Sennheiser,HD 429s
9SIA1PU4HE6451,Mpow Wireless Bluetooth 4.1 Vision Sports Headphones In-ear Sweat-proof Headsets for Most Bluetooth-enabled Devices,20,.89,8,Patazon,None
9SIA7WM39C5433,LUXA2 White LHA0049-B BT-X3 Bluetooth Stereo Headphones,96,.89,9,LUXA2,LHA0049-B
9SIA3SJ2VW8605,Bluedio Turbine 2 Bluetooth 4.1 Wireless Stereo On the Ear Headphones (Black),29,.99,9,Bluedio,T2
9SIA0AJ3629221,JBL J55 On-Ear Headphones - No Mic - Black,59,.95,9,JBL,J55BLK
9SIA0AJ22H2545,Monster Diesel VEKTR On-Ear Headphones - Black - 129559,299,.89,9,Monster,Diesel VEKTR
9SIA4M53XD7208,KOSS 168486 Pathfinder headphones,14,.81,0,KOSS,168486
9SIA0AJ11F7699,Sennheiser Adidas Sports CX 680i 1/8 inch (3.5mm) iPhone compatible Connector In-Ear Earphone with Remote,109,.95,9,Sennheiser,CX 680i
9SIAA8R59A5306,Sennheiser CX55 3.5mm Connector Canal Noise-Isolating Headphone,64,.95,9,Sennheiser,CX55
9SIA0AJ0X55895,Black OEM LG Tone Hbs-700 Universal Wireless Stereo Bluetooth Headset Hbs-700,119,.95,9,LG,HBS-700W
9SIA0AJ12J6824,TDK EB900 3.5mm Connector Canal High Fidelity Earphone,109,.95,9,TDK,EB900
9SIA4P01PE8634,JVC HA-F10C 3.5mm Connector Earbud Headphone,4,.49,9,JVC,HA-F10C
9SIA3EW13P3456,Voxoa Inc VXH330 Bluetooth HD Wireless Stereo Over-Ear Headphones - Black,89,.95,9,Voxoa Inc,VXH330
9SIA2WZ1N90979,Monster N-Pulse NC MH NPU OE WH CU WW Over-Ear DJ Headphones - White,199,.95,9,Monster,NCredible NPulse
9SIA8EV5278062,Apple Earpod White MD827LL/A 3.5mm Connector EarPods with Remote and Mic,15,.89,9,Apple,MD827LL/A
N82E16826627069,Bose QuietComfort 35 Wireless Headphones - Black,349,.00,9,Bose,759944-0010
9SIA0AJ1GS3017,"Refurbished: Creative WP-250 In-Ear Bluetooth Headphones with Mic, 51EF0480AA003",69,.99,10,Creative,WP-250
9SIA00Z4092685,SYBA Cobra Black OG-AUD63038-2 3.5mm Connector Circumaural Oblanc Cobra200 2.0 Stereo Headphone with In-Line Mic,66,.64,10,SYBA,OG-AUD63038-2
9SIA0AJ33A5773,SENNHEISER HD 238i On-Ear Headset with High Resolution Stereo Sound & Smart Remote,149,.95,10,Sennheiser,HD 238i
9SIA4RE4UP8361,Mee audio Black/Red Air-Fi AF32 3.5mm Connector Binaural Stereo Bluetooth Headset w/ Hidden Microphone,44,.89,10,Mee audio,Air-Fi AF32
9SIA7WM39R9273,Soul by Ludacris SL49 In-Ear Ultra Dynamic Headphone,67,.89,10,Soul by Ludacris,SL49
9SIA0AJ2SN4291,Audio-Technica ATH-ANC27 3.5mm/ 6.3mm Connector Circumaural QuietPoint Active Noise-cancelling Headphone,114,.89,10,Audio-Technica,ATH-ANC27
9SIABMT4XB8319,Sennheiser Momentum On-Ear Headphones - Black,159,.09,10,Sennheiser,Momentum On Ear Black
9SIA9KW4MT0005,Sennheiser CX175 In-Ear Phones Headphones Dynamic Speaker Noise Attenuation HiFi,25,.99,10,Sennheiser,None
9SIA0AJ32M1241,SCOSCHE Black RH600BK 3.5mm Connector Reference On Ear Headphones (Black),69,.95,11,SCOSCHE,RH600BK
9SIA0AJ12J7202,SONY MDR-Q68LW 3.5mm Gold-Plated Connector Clip-on Headphone with Retractable Cord,79,.95,11,SONY,MDR-Q68LW
9SIA76D3544351,JVC HA-NCX78 3.5mm Gold-Plated Connector Canal Noise Cancelling Headphone,53,.02,11,JVC,HA-NCX78
9SIA7GA38J4856,Skullcandy INKD Grn/blk In Ear Bud S2INCZ-036,25,.90,11,Skullcandy,Ink'd
9SIA0U00CK5476,Hi-Fi Wireless Multipoint Stereo Bluetooth Headset,31,.72,11,AGPtek,MC5
9SIA0AJ3398516,Philips SHB9100 Bluetooth Over-Ear Headphones - Black,99,.95,11,PHILIPS,SHB9100
9SIA0AJ53B6933,JBL Synchros S300 Premium On-Ear Headphones for iOS with built-in remote/Microphone - Black/Blue,89,.48,11,JBL,SYNOE300IBNU
9SIA4M51RK1651,Monitor Stereo Headphones,53,.23,11,Panasonic,None
N82E16826579001,Unisar TV920 3.5mm/ 6.3mm Connector Supra-aural Rechargeable Stereo Wireless TV Headset,34,.33,11,Unisar,TV920
9SIA9B54M64663,Sennheiser Black HD600 3.5mm/ 6.3mm Connector Circumaural Headphone,,,11,Sennheiser,HD600
9SIAC4Z5241593,Audio-Technica ATH-M50x Professional Monitor Headphones (Black),149,.00,11,Audio-Technica,M50x
9SIA6ZP49F8502,Koss TD85 Home Stereo Headphone,36,.52,12,KOSS,TD85
9SIAA8R59A5316,Sennheiser OMX 80 3.5mm Connector Earbud Sport Ear-Clip Headphone,134,.95,12,Sennheiser,OMX 80
9SIA76D4RS9354,Panasonic RP-HT227 Stereo Headphone,26,.18,12,Panasonic,RP-HT227
9SIA0PG2116077,Syba OG-AUD63039 Cobra Circumaural Massive 50mm Driver Audio Headphones w/ In-Line Microphone (White),55,.29,12,SYBA,OG-AUD63039
9SIA0AJ34N7015,Klipsch Status Over-Ear Headphones White,179,.95,12,Klipsch,STATUS
9SIA3TB1JG9728,TaoTronics TT-BH03 Foldable Behind-the-Head Bluetooth A2DP Stereo Headphone with Built-in Microphone,50,.32,12,TaoTronics,TT-BH03
9SIA2F83ER0008,Sennheiser - Wireless Stereo Headphones w/ transmitter (RS 160),132,.41,12,Sennheiser,RS 160
9SIA7GA2MN5006,Pioneer SE-MJ522 On-Ear Headphones,50,.80,12,Pioneer,SE-MJ522-K
9SIA0AJ5AP1829,SONY Black MDR-ZX100/BLK 3.5mm Connector Supra-aural Stereo Headphone,69,.95,12,SONY,MDR-ZX100/BLK
9SIA4M54TG7086,Audio-Technica QuietPoint ATH-ANC7b 3.5mm/ 6.3mm Connector Circumaural Active Noise-cancelling Headphone,97,.11,12,Audio-Technica,ATH-ANC7b
9SIA5E62X48526,Beats Studio 2.0 Over-Ear Headphone - Black,188,.99,12,Beats by Dr. Dre,MH792AM/A
0TH-00A0-00034,Klipsch X11 Noise Isolation Audiophile In-Ear Headphones (Black),89,.99,12,Klipsch,X11
9SIA4RE40B7878,Velodyne vFree Wireless Bluetooth Headphones (White),59,.99,13,Velodyne,80-VFREEW
9SIA0AJ1B25747,SCOSCHE Black RH1056MD 3.5mm Connector Reference Headphones with tapLINE III (Dark),148,.49,13,SCOSCHE,RH1056MD
9SIA9B54WP3648,Philips SHB4100 Bluetooth On-Ear Headphone - Black,24,.95,13,PHILIPS,SHB 4100 bk
N82E16826696147,Monster N-Pulse NC MH NPU OE BK CU WW Over-Ear DJ Headphones - Black,199,.95,13,Monster,NC MH NPU OE CTU WW
9SIA4RE4S37136,Mee audio Air-Fi Matrix2 AF62 Stereo Bluetooth Wireless Headphones with Headset Functionality,89,.79,13,Mee audio,HP-AF62-CF-MEE
9SIA15T2FR0805,Refurbished: Sony MDR-XB950BT/B Full Size Extra Bass Bluetooth Headset - Omni Directional - Black,99,.99,13,SONY,MDRXB950BT/B
9SIA5CJ1SE0974,Pioneer SE-CL331-L 3.5mm Connector Canal Water-Resistant Stereo Earbud Earphone for sports (Blue),26,.99,14,Pioneer,SE-CL331-L
9SIA7WM39C2205,Altec Lansing MZX2071S Noise-Reducing In-Ear Stereo Headphones,52,.89,14,ALTEC LANSING,MZX2071S
9SIA0AJ12M6477,Sennheiser MX 270 Earbud Stereo Headphones,79,.95,14,Sennheiser,MX270
9SIA7HN2M96288,Koss KTXPRO1 Stereo Headphone,21,.66,14,KOSS,KTXPRO1
9SIA7WM39P6684,JBL J33A Premium In-Ear Headphone - White,57,.89,14,JBL,J33AWHT
9SIA7GA2MP4999,Sennheiser HD239 On-Ear Headphones,159,.80,14,Sennheiser,HD 239
9SIA0AJ12M6482,Etymotic Research ER4P 3.5mm Connector Canal Earphones,379,.95,14,Etymotic Research,ER4P
9SIACY959B6522,Panasonic RP-HJE120-D Earphone,8,.98,14,Panasonic,RP-HJE120-D
9SIA7HN5AC0772,KOSS PLUG 07 Earbud Plug Stereo Earphone,14,.38,15,KOSS,PLUG 07
9SIA0AJ1989005,JVC HA-FX30-B 3.5mm Connector Inner-Ear Marshmallow Headphone - Black,29,.95,16,JVC,HA-FX30-B
9SIA0AJ22H2544,Syba NC-2 Over-Ear Headphone with In-Line Microphone (OG-AUD63044),139,.95,16,SYBA,OG-AUD63044-2
9SIA7WM39C0575,Pioneer SE-NC31C-K 3.5mm 3P mini Connector In-Ear Noise Cancelling Headphone,176,.89,16,Pioneer,SE-NC31C-K
9SIA0AJ10E6914,Sennheiser HD515 3.5mm/ 6.3mm Connector Circumaural Classic Stereo Headphone,199,.95,16,Sennheiser,HD515
9SIA4RE40B7707,Velodyne vTrue Aluminum High Performance Studio Headphones,249,.99,16,Velodyne,80-VTRUEAL
9SIA8UT5AW3674,SONY - Fashion Earbud Headphones - BLACK (MDR-E10LP/BLK),11,.19,16,SONY,MDR-E10LP/BLK
9SIA0AJ11F7381,TDK BA100 3.5mm Connector In-Ear High Fidelity Earphone,154,.95,16,TDK,BA100
9SIA0AJ0ZB3820,SONY - Bud Style Headphones (MDR-E818LP),69,.95,16,SONY,MDR-E818LP
9SIA7WM39C3190,JBL J88a Premium Over-Ear Headphones with Mic - Black,117,.89,17,JBL,J88a Black
9SIAA784W50833,Klipsch ImageONE Bluetooth On-Ear Headphones,109,.98,17,Klipsch,Image ONE Bluetooth Black
9SIA0AJ12J7201,SONY Black MDR-XB500 3.5mm Connector Circumaural Extra Bass Headphone,369,.95,17,SONY,MDR-XB500
9SIA0AJ2314431,SCOSCHE sportCLIPS II 3.5mm Connector Sport Clip Earbuds with slideLINE Remote & Mic,59,.95,18,SCOSCHE,sportCLIPS II
9SIA0AJ2513499,Scosche IEM856MD Reference In-Ear Monitors with TapLINE III Remote & Microphone Black,179,.95,18,SCOSCHE,IEM856MD
9SIA0AJ3430134,Sennheiser MX680 3.5mm Connector Earbud Adidas inspired Sports Earphone,59,.95,18,Sennheiser,MX680
9SIA4RE2BN3867,Logitech Gray 985-000227 Ultimate Ears 200 Noise Isolating Earphones,28,.59,18,Logitech,985-000227
9SIA4RE4UP8113,Mee audio RX12 3.5mm Connector In-Ear Headphone (Red),21,.99,19,Mee audio,RX12
9SIA0AJ12M6476,SONY Fontopia MDR-E829V 3.5mm Connector Earbud Headphone with Winding Case,118,.95,19,SONY,MDR-E829V
9SIA7WM39C3197,Plantronics DSP400 USB Connector Supra-aural Headset,86,.89,19,Plantronics,DSP400
9SIA4RE40B7875,Velodyne vFree Wireless Bluetooth Headphones (Black),66,.59,19,Velodyne,vFree
9SIA4RE4RT4942,ZALMAN ZM-RS6F Circumaural Surround Sound Headset,19,.99,19,ZALMAN,ZM-RS6F
9SIA0AJ12K4220,Sennheiser Adidas Sports Earbuds with Volume Control and Earfin Holding System(CX 680),109,.95,19,Sennheiser,CX680
9SIA0AJ5AP1828,Sennheiser - Wireless Stereo Surround Sound Headphones w/ transmitter (RS 170),249,.95,19,Sennheiser,RS 170
N82E16826556055,Fuji Labs Sonique SQ306 Premium Beryllium In-Ear Bluetooth Headphones with In-line Mic,68,.36,20,Fuji Labs,AUFJ-SQWBS306BK
9SIA13X4HN7716,Sennheiser HD 380 Pro Circumaural Professional Monitoring Headphone,149,.95,20,Sennheiser,HD 380 Pro
9SIA9KW4MT0293,Sennheiser CX 300-II Precision In-Ear Headphones - Black,37,.99,21,Sennheiser,CX 300-II
9SIA6ZP3K27481,KOSS UR29 3.5mm/ 6.3mm Connector Circumaural Koss Stereophone,24,.02,22,KOSS,UR29
9SIAC354VG4278,Klipsch Image S4i 3.5mm Connector Canal In-Ear Earphone,64,.95,23,Klipsch,Image S4i
9SIA0AJ1TB9288,Sennheiser Black HD 558 6.3mm Connector Around Ear Acoustic Headphone,199,.48,23,Sennheiser,HD 558
9SIA0AJ1E78886,PHILIPS O'Neill Black SHO9565BK/28 3.5mm Connector Circumaural Stretch Headband Headphone (black),99,.95,24,PHILIPS,SHO9565BK/28
9SIA0AJ1GV4889,Soul by Ludacris SL99 In-Ear High-Def Sound Isolation Headphone,109,.95,24,Soul by Ludacris,SL99
9SIA4RE4UP8080,Mee audio Air-Fi Journey AF16 Ultra Portable Stereo Bluetooth Wireless Headset (Black),45,.99,24,Mee audio,AF16
N82E16826138187,Philips SHL3300 DJ Over-Ear Headphones - Black,27,.99,24,PHILIPS,SHL3300
9SIA4RE2BN3846,Logitech Blue Ultimate Ears 200 3.5mm Connector Canal Noise Isolating Earphones,39,.99,26,Logitech,Ultimate Ears 200
9SIA0AJ17F7532,LUXA2 Black LHA0049-A BT-X3 Bluetooth Stereo Headphones,97,.95,26,LUXA2,LHA0049-A
9SIA4RE40J3521,Creative Aurvana Live! 3.5mm Gold-Plated/6.3mm Connector Circumaural Headphone,79,.89,26,Creative,Aurvana Live!
9SIA4RE40B7643,Yamaha - In-Ear Headphones (EPH-20) BLACK,42,.99,27,Yamaha,EPH-20 Black
9SIA4RE40B7877,Velodyne vFree Wireless Bluetooth Headphones (Silver),52,.99,27,Velodyne,80-VFREES
9SIA3SJ2WD1989,Bluedio T2S (Turbine 2 Shooting Brake) Wireless Bluetooth 4.1 Stereo On Ear Headphones - White,27,.99,27,Bluedio,T2S
9SIA3JX3DS4698,Mee audio M6-CL 3.5mm Connector Canal Headphone,,,28,Mee audio,M6-CL
9SIA2F83B85472,Sennheiser HD205II Over-Ear DJ Headphones,58,.85,28,Sennheiser,HD 205
9SIA1YH52Y7745,Sennheiser HD598 On-Ear Headphones,189,.76,28,Sennheiser,HD 598
9SIA7WM39C2118,KOSS Black KEB40 3.5mm Connector Canal In-Ear Headphone,37,.89,29,KOSS,KEB40
9SIA4RE40B7910,Velodyne vBold Over-Ear Wireless Bluetooth Headphones - Satin Silver,304,.99,30,Velodyne,80-VBOLDS
9SIA3SJ2WD2633,Bluedio T2S (Turbine 2 Shooting Brake) Wireless Bluetooth 4.1 Stereo On Ear Headphones - Red,27,.99,30,Bluedio,T2S
9SIA4RE4SB0181,Yamaha - In-Ear Headphones (EPH-50) BLACK,69,.99,30,Yamaha,EPH-50
9SIABTM5CH1947,JVC Xtreme Xplosives Black/Red HA-FX1X 3.5mm Connector Inner-Ear Earphone,18,.99,31,JVC,HA-FX1X
9SIA00Y0Z49606,JVC HA-NC250 3.5mm/ 6.3mm Connector Circumaural Noise Cancelling Headphone,110,.36,33,JVC,HA-NC250
9SIA29P4WR0954,Panasonic RP-HT21 Lightweight Headphones with XBS,8,.25,33,Panasonic,None
9SIA2F830G2997,Koss QZ-99 Technology Stereo Headphone,44,.02,34,KOSS,QZ-99
9SIA0AJ11F7346,SONY Black MDR-J10/BLACK 3.5mm Connector Vertical in-the-ear Clip Style Headphone,89,.95,35,SONY,MDR-J10/BLACK
9SIA7WM39C3505,JBL J55i On-Ear Headphones with Mic - Black,67,.89,35,JBL,J55IBLK
9SIA3SJ2WD2858,"Bluedio T2+ Bluetooth 4.1 Stereo Wireless On-Ear Headphones, Built-In Microphone, Support SD Card Playback FM Radio - Black",36,.99,37,Bluedio,T2V
9SIA4RE40B7880,Velodyne vLeve On-Ear Headphones with Inline Mic and 3-Button Remote - Matte Black,69,.99,38,Velodyne,80-VLEVE MB
9SIAB8958T6054,Sennheiser HD518 Over ear Headphone,158,.50,41,Sennheiser,HD 518
9SIA0AJ3T38617,JBL J55A On-Ear Headphones - Black,59,.95,42,JBL,J55ABLK
9SIA3SJ2WD2628,Bluedio T2S (Turbine 2 Shooting Brake) Wireless Bluetooth 4.1 Stereo On Ear Headphones - Blue,23,.99,42,Bluedio,T2S
9SIA6504TH0731,Velodyne 80-VLEVE SL vLeve On-Ear Headphones with Inline Mic & 3-Button Remote - Satin Silver,76,.60,43,Velodyne,80-VLEVE SL
9SIA9JN3G82570,Razer Electra Over Ear PC and Music Headset - Green,98,.88,44,Razer,RZ04-00700100-R3U1
9SIA0AJ12K3779,V-MODA Metal Faze Noise-Isolating In-Ear Headphone,89,.95,44,V-Moda,CC-FZAU-NERO
9SIA4P02CU8085,JVC HA-RX500 3.5mm/ 6.3mm Connector Circumaural Full Size Headphone,19,.99,46,JVC,HA-RX500
9SIA0AJ46K8068,Sennheiser HD439 Over-Ear Headphones,149,.89,46,Sennheiser,HD 439
9SIA0AJ11F7345,SONY MDR-XB300 3.5mm Gold-Plated Connector On the ear Extra Bass Headphone,249,.95,48,SONY,MDR-XB300
9SIA0AJ3BZ9827,JBL J33A Premium in-ear headphones with microphone Black,79,.95,50,JBL,J33ABLK
9SIA0AJ11F7317,SONY Blue MDR-J10/BLUE 3.5mm Connector Vertical In-the-ear Clip Style Headphone (Blue),74,.95,53,SONY,MDR-J10/BLUE
9SIA9N64BU7334,JBL J88i Premium Over-Ear Headphones with Mic - Black,54,.66,54,JBL,J88IBLK
9SIA4RE40B7912,Velodyne vQuiet Over-Ear Noise Cancelling Headphones - Black,96,.99,54,Velodyne,vQuiet
9SIA0AJ3742871,Sennheiser HD205 3.5mm/ 6.3mm Connector Supra-aural DJ Headphone,109,.95,55,Sennheiser,HD205
9SIA2DS1E53095,KOSS UR20 3.5mm/ 6.3mm Connector Circumaural Stereophones,21,.45,58,KOSS,UR20
9SIA4P01RR2800,Sennheiser - Around Ear Headphones (HD 650),375,.00,58,Sennheiser,HD 650
9SIA4HG1K49119,Pioneer SE-CL721-K 3.5mm Connector In-Ear DJ-Inspired Stereo Headphone,92,.87,66,Pioneer,SE-CL721-K
9SIA4RE4NS9638,Mee audio HT-21 On-Ear Headphones (2nd Generation),49,.79,73,Mee audio,HT-21-BK
9SIA7HN2M98202,Koss KSC75 Portable Sportclip Stereophone Earphone,18,.56,74,KOSS,KSC75
9SIA0AJ1B00530,Klipsch Image E1 Noise-isolating In-Ear Headphone,92,.89,74,Klipsch,Image E1
9SIA0AJ24P9927,"Sennheiser HD 428 SC Closed Circumaural Hi-Fi Headphone, 4.5ft Single Sided Cord",179,.95,74,Sennheiser,HD 428 SC
9SIA0AJ10E6908,Sennheiser - Sport Headphones (CX 380),99,.89,77,Sennheiser,CX 380
N82E16826262103,JVC HA-RX900 3.5mm/ 6.3mm Connector Circumaural Full-Size Headphone,62,.99,77,JVC,HA-RX900
9SIA4M554Z0939,Mee audio M6-BK 3.5mm Gold-Plated Connector Canal Stylish Sound-Isolating Earphones (Black),18,.57,79,Mee audio,M6-BK
9SIA65022P3089,Mee audio Air-Fi Venture Bluetooth Over-Ear Headphone (Second Generation),88,.22,85,Mee audio,AF52-BK
9SIAC354VG4291,Klipsch Black IMAGE S4 3.5mm Connector In-Ear Headphone,54,.95,89,Klipsch,IMAGE S4
9SIA0AJ17S4938,SONY - Studio Monitor Series Headphones (MDR-XD100),139,.95,92,SONY,MDR-XD100
9SIA4RE4S97973,Mee audio M9 Classic In-Ear Headphone,19,.89,105,Mee audio,EP-M9-BK-FF
9SIA3SJ2WD1864,Bluedio T2S (Turbine 2 Shooting Brake) Wireless Bluetooth 4.1 Stereo On Ear Headphones - Black,23,.99,111,Bluedio,T2S
9SIA29P4VT5235,SONY MDR-V6 3.5mm/ 6.3mm Connector Circumaural Studio Monitor Series Headphone,78,.00,120,SONY,MDR-V6
9SIA0AJ2VY0817,SONY - Studio Monitor Series Headphones (MDR-XD200),189,.95,136,SONY,MDR-XD200
9SIA8452VD1391,Sennheiser RS 110 Home Audio & TV Wireless Headphones,69,.95,141,Sennheiser,RS110
N82E16826138190,Philips SHP9500S Over-Ear Headphone Exclusive - Black,56,.99,151,PHILIPS,SHP9500S
N82E16826193065,Rosewill RHTS-11002 Canal High Fidelity Passive Noise Isolating Rosewood Earbuds,11,.99,163,Rosewill,RHTS-11002
9SIA1055A95173,Sennheiser DJs HD212 Pro 3.5mm/ 6.3mm Connector Circumaural Dynamic Hi-Fi Stereo Headphones,123,.75,171,Sennheiser,HD212 Pro
9SIAB7G48H0797,Arctic Cooling P253BT Bluetooth Headphones with Mic,18,.29,180,Arctic,P253 BT
9SIA4P01VR6933,Sennheiser HD 202 II Over-Ear DJ Headphones,24,.50,181,Sennheiser,HD 202 II
9SIA4HG1K49156,Creative EP-630 3.5mm Gold-Plated Connector Canal Noise Isolation Earphones,52,.35,188,Creative,EP-630
9SIA4M540J7514,JVC HA-RX700 3.5mm/ 6.3mm Connector Circumaural Full-Size Headphone,38,.81,208,JVC,HA-RX700
9SIABMT4HR3089,Sennheiser Silver RS 120 3.5mm/ 6.3mm Connector Supra-aural Wireless RF Hi-fi Headphone,68,.86,253,Sennheiser,RS 120
9SIA3JX15Y3273,Sennheiser HD201 Over-Ear Headphones,39,.99,704,Sennheiser,HD 201
9SIA1T50NZ6499,Sennheiser HD280 Pro Around the Ear DJ Headphones,99,.95,890,Sennheiser,HD 280 PRO
