N82E16835186134,"ARCTIC Freezer 7 Pro Rev. 2, CPU Cooler - Intel & AMD, Multi-Directional Mount, 92mm PWM Fan",19,.99,"5,443",ARCTIC COOLING,Freezer 7 Pro Rev.2
N82E16835118074,ZALMAN CNPS9900MAX-B 135mm Long life bearing CPU Cooler Blue LED,49,.99,701,ZALMAN,CNPS9900MAX-B
N82E16835103064,Cooler Master Hyper TX3 - CPU Cooler with 3 Direct Contact Heatpipes,22,.99,995,COOLER MASTER,RR-910-HTX3-G1
N82E16835118046,ZALMAN CNPS9900ALED 120mm 2 Ball Low-noise Blue LED CPU Cooler,44,.99,"1,108",ZALMAN,CNPS9900ALED
9SIAADY44C6604,Noctua NH-D14 120mm & 140mm SSO CPU Cooler,79,.95,"1,173",Noctua,NH-D14
N82E16835426029,GELID Solutions CC-Siberian-01 80mm Hydro Dynamic Bearing CPU Cooler,9,.99,36,GELID Solutions,CC-Siberian-01
9SIA4RE5046591,Phanteks PH-TC14CS_BL 140mm UFB (Updraft Floating Balance) CPU Cooler,99,.99,10,Phanteks,PH-TC14CS_BL
N82E16835709038,"PH-TC14S, Slim Twin Towers, 140mm PWM CPU cooler",49,.99,10,Phanteks,PH-TC14S_BK
9SIABW94V75195,ZALMAN FX100 Ultimate Fanless CPU Cooler,41,.65,10,ZALMAN,FX100
9SIAA093NV0606,"Reeven JUSTICE CPU cooler, 120mm fan with 6 heatpipes, INTEL/AMD",46,.50,10,None,None
9SIA1N83U90870,Intel Cooling Fan/Heatsink,32,.01,10,Intel,BXTS15A
9SIA85V3R95341,LOGISYS Computer MC4002IW 120mm Hydro Bearing Ice Wind CPU Cooler,39,.34,11,LOGISYS Computer,MC4002IW
9SIA59T2AJ6435,"ID-COOLING DK-03 100W Universal CPU Cooler for Intel & AMD, 120mm Big Airflow Fan and High Cooling Performance Aluminum Heatsink, Compatible with LGA1150/1155/1156/775 & AMD FM2+/FM2/FM1/AM3+/AM3/AM2+",11,.99,11,ID-COOLING,DK-03
9SIA0AJ4DP0007,Refurbished: Cooler Master Hyper 212 EVO - CPU Cooler with 120 mm PWM Fan,59,.95,11,COOLER MASTER,RR-212E-20PK-R2
N82E16835999017,LOGISYS Computer IC4300X4 92mm Hydro Theta X4 LGA 1366 Intel CPU Cooling,18,.99,11,LOGISYS Computer,IC4300X4
9SIA4UF39E2332,CRYORIG M9a Mini Tower Cooler for AMD CPU,19,.99,11,CRYORIG,M9a
9SIA4RE5046598,"Phanteks PH-TC14CS_RD 140mm UFB (Updraft Floating Balance) Dual Heat-pipes, Dual 140mm premium Fans with PWM adapter, Quiet CPU Cooler",99,.99,12,Phanteks,PH-TC14CS_RD
9SIA85V3R95198,"GELID Solutions CC-Ssilence-AM1 Ball 1U Low Profile Cooler for AMD AM1 CPU Slim Silent Cooler 20/34cfm, 0.20A, 12V, 1200-2600RPM",26,.25,12,GELID Solutions,CC-Ssilence-AM1
9SIA4RE4RT5016,ZALMAN CNPS80F 80mm FSB (Fluid Shield Bearing) Ultra Quiet CPU Cooler,16,.97,12,ZALMAN,CNPS80F
9SIA66Z28G9560,"RAIJINTEK PALLAS, High-End Low Profile CPU Cooler, 6pcs 6mm Heat-Pipe, Slim 14013 PWM Fan, Fully Nickel Plating, Copper Base, Total 68mm Heigth Including Fan, Supports Intel & AMD Modern CPU Sockets",32,.99,12,RAIJINTEK,0R100004
9SIA0AJ2TY9575,Thermaltake CLP0556 92mm 1 x Sleeve Bearing CPU Cooler,35,.48,13,Thermaltake,CLP0556
9SIA4RE2YH7080,Scythe SCNJ-3100 120mm Ninja 3 Rev. B CPU Cooler,99,.97,13,Scythe,SCNJ-3100
N82E16835192025,Titan DC-155A915Z/RPW 95mm Z-AXIS CPU Cooler,15,.99,13,Titan,DC-155A915Z/RPW
N82E16835119158,EVERCOOL TTC-NK35TZ/RPW/V5(KU) 95mm PWM Z-AXIS Titan Universal CPU Cooler,26,.99,13,EVERCOOL,TTC-NK35TZ/RPW/V5(KU)
9SIA4RE5045550,Phanteks PH-TC14PE_OR 140mm UFB (Updraft Floating Balance) CPU Cooler,139,.99,13,Phanteks,PH-TC14PE_OR
N82E16835103214,Refurbished: COOLER MASTER DP6-9EDSA-0L-GP 95mm Rifle CPU Cooling,5,.00,13,COOLER MASTER,DP6-9EDSA-0L-GP
N82E16835103208,"MasterAir Maker 8 High-end CPU air cooler. Featuring 3D Vapor Chamber technology, designed for ultra-low temperatures and fully customizable top cover designs by Cooler Master",114,.99,13,COOLER MASTER,MAZ-T8PN-418PR-R1
9SIA9ZH3TU3880,Scythe SCURK-3000 Universal Retention Kit 3,12,.95,14,Scythe,SCURK-3000
N82E16835220055,SILVERSTONE HE02 CPU Cooler,66,.99,14,SILVERSTONE,HE02
N82E16835117024,Alpha and Omega EC-SCRMT-775 LGA 775 Screw Mounting KIT,9,.99,14,Alpha and Omega,EC-SCRMT-775
N82E16835220069,"SilverStone Argon Series AR06 Rifle Bearing CPU Cooler with 92mm Fan for Socket LGA1155/1156/1150, AM2/AM3/FM1/FM2",39,.99,14,SILVERSTONE,AR06
N82E16835114136,Dynatron K5 92mm 2 Ball CPU Cooler for Intel LGA Socket 1151 / 1150 / 1155 / 1156,17,.99,14,Dynatron,K5
9SIA2F84D69443,Thermaltake CLP0587 140mm CPU Cooler,68,.41,14,Thermaltake,CLP0587
9SIA3913ZS5743,Enermax ETD-T60-TB CPU Cooler (Down Flow) With  T.B.SILENCE PWM Twister Bearing Fan,40,.08,15,ENERMAX,ETD-T60-TB
9SIA66Z28H0869,"RAIJINTEK RHEA, 3pcs 6mm Heat-Pipe, 9225 PWM Fan, Compatible with Intel LGA 115x & AMD AM2/AM3 CPU, Easy installation & User Friendly, Light Weight and 130 mm Height for Most Desktop System",15,.99,15,RAIJINTEK,0R100005
9SIAB7G4829134,"ARCTIC Alpine 11 Pro Rev. 2 CPU Cooler - Intel, Supports Multiple Sockets, 92mm PWM Fan at 23dBA",12,.99,15,ARCTIC COOLING,ACALP11-PRO-R2
9SIABW94V75189,ZALMAN CNPS9900 D/F 140mm & 120mm Long Life Bearing Dual Fans Ultra Quiet CPU Cooler,49,.99,15,ZALMAN,CNPS9900 D/F
N82E16835856001,DEEPCOOL ICE BLADE 200M CPU Cooler Dual F8mm Heatpipes and Dual 92mm Fans Support Socket LGA 2011,19,.99,15,Deepcool,ICE BLADE 200M
N82E16835999040,LOGISYS Computer IC231PWM 100mm Hydro Bearing Theta 31 CPU Cooler,16,.99,16,LOGISYS Computer,IC231PWM
9SIA66Z28G9982,"RAIJINTEK PALLAS BLACK, High-End Low Profile Cooler, 6pcs 6mm Heat-Pipe, Slim 14013 PWM Fan, Fully Nickel Plating, Copper Base, Total 68mm Heigth Including Fan, Supports Intel & AMD Modern CPU Sockets",32,.99,16,RAIJINTEK,0R100012
N82E16835214065,ENERMAX ETS-T40F-W 120mm Twister Aluminum 120mm White CPU Cooler with Dual White LED PWM Fans,47,.99,16,ENERMAX,ETS-T40F-W
9SIA2W03XT8750,Dynatron P785 77mm 2 Ball CPU Cooler,29,.99,17,Dynatron,P785
9SIA85V3R95254,Scythe SCKZT-1000 80mm Kozuti CPU Cooler,36,.98,17,Scythe,SCKZT-1000
9SIA4RE4Y85379,Cooler Master Standard Intel CPU Cooler,17,.49,17,COOLER MASTER,DP6-9EDSA-0L-GP
N82E16835192028,Titan TTC-NA43TZ/CU35 95mm Z-AXIS CPU Cooler,24,.99,17,Titan,TTC-NA43TZ/CU35
N82E16835114105,Dynatron K666 60mm 2 Ball CPU Cooler for Intel LGA Socket 1151 / 1150 / 1155 / 1156,37,.99,17,Dynatron,K666
N82E16835114094,Dynatron K199 80mm 2 Ball CPU Cooler for Intel LGA Socket 1151 / 1150 / 1155 / 1156,31,.99,17,Dynatron,K199
9SIA4RE4NC4897,DEEPCOOL GAMMAXX S40 CPU Cooler 4 Heatpipes 120mm PWM Fan Compact Heatsink Small size fit in slim cases,33,.99,17,Deepcool,GAMMAXX S40
N82E16835214064,ENERMAX ETS-T40F-BK 120mm Twister Aluminum 120mm Black CPU Cooler with blue LED PWM Fan,40,.99,17,ENERMAX,ETS-T40F-BK
9SIA2RY1JG1999,ZALMAN FX70 Fanless CPU Cooler,74,.89,18,ZALMAN,FX70
9SIA4RE4SM1276,"ARCTIC Alpine 11 Rev. 2 CPU Cooler - Intel, Supports Multiple Sockets, 92mm PWM Fan at 23dBA",14,.49,18,ARCTIC COOLING,UCACO-AP111-GBB01
9SIA68V21E0641,be quiet! SHADOW ROCK 2 CPU Cooler 180W TDP,47,.90,18,be quiet!,None
N82E16835114120,Dynatron R17 Intel Sandy Bridge EP/EX Processors for socket 2011 3U/Workstation Active Solution 2 Ball Bearing CPU Cooler,34,.99,18,Dynatron,R17
N82E16835192032,"Titan TTC-NA02TZ/RPW/CU30 95mm Z-AXIS Copper Cooler for socket 1150,1155 & 1156",19,.99,19,Titan,TTC-NA02TZ/RPW/CU30
N82E16835118142,ZALMAN CNPS2X 80mm Long Life Bearing CPU Cooler,25,.99,19,ZALMAN,CNPS2X
9SIA1N83YW8228,Cooler Master Hyper 612 Ver.2 - Silent CPU Air Cooler with 6 Direct Contact Heatpipes and Folding Fin Structure,41,.53,19,COOLER MASTER,RR-H6V2-13PK-R1
N82E16835114099,Dynatron K985 92mm Ball CPU Cooler for Intel LGA Socket 1151 / 1150 / 1155 / 1156,26,.99,20,Dynatron,K985
N82E16835186065,"ARCTIC Freezer 13 CO CPU Cooler - Intel & AMD, 200W Cooling Capacity, for 24/7 Operation",33,.99,20,ARCTIC COOLING,UCACO-FZ13100-BL
N82E16835426042,GELID Solutions CL-R9290-01-A R9 290 Series VRM Cooling Enhancement Kit Compatible to AMD R9 290/290X,13,.99,20,GELID Solutions,CL-R9290-01-A
N82E16835705069,GELID Solutions CC-Shero-01-A 120mm Hydro CPU Cooler,36,.99,20,GELID Solutions,CC-Shero-01-A
9SIA68V32N4373,be quiet! DARK ROCK TF Low Profile SilentWings CPU Cooler - 220W TDP,77,.90,20,be quiet!,BK020
N82E16835856028,DEEPCOOL GamerStorm ASSASSIN II CPU Cooler 8 Heatpipes Dual PWM Fans&FDB Bearing 300RPM Min. Nickel-plated fins,69,.99,20,Deepcool,ASSASSIN II
N82E16835220058,SILVERSTONE NT06-PRO Low Profile CPU Cooler with Thin 120mm fan,58,.00,21,SILVERSTONE,NT06-PRO
N82E16835608023,Noctua NH-U12DO A3 for AMD Opteron workstations and Servers CPU Cooler,69,.99,21,Noctua,NH-U12DO A3
N82E16835220060,"SilverStone Argon Series AR01 CPU Cooler with 120mm Fan for socket LGA775/1155/1156/1366/2011, AM2/AM3/FM1/FM2",34,.99,21,SILVERSTONE,AR01
N82E16835114140,Dynatron K17 92mm 2 Ball CPU Cooler for Intel LGA Socket 1151 / 1150 / 1155 / 1156,34,.99,21,Dynatron,K17
9SIA4UF1H80890,CRYORIG C1 ITX Top Flow Cooler For AMD/Intel CPU,64,.99,21,CRYORIG,C1
N82E16835608068,"Noctua NH-D9L 92mm SSO2 Low-profile Premium CPU Cooler, NF-A9 PWM Fans",52,.99,21,Noctua,NH-D9L
9SIA4RE5045424,Phanteks PH-TC12DX Dual 120mm PWM CPU Cooler,69,.99,22,Phanteks,PH-TC12DX
9SIA66Z28G2596,"Raijintek AIDOS Black, 4 6mm Heat-Pipe, 92mm Pwm Fan, Compact Size CPU Cooler, Multiple Mounting Kits for Intel & AMD",19,.99,22,RAIJINTEK,0R100009
9SIA4RE5045482,Phanteks PH-TC12DX_BL Dual 120mm PWM CPU Cooler,299,.99,22,Phanteks,PH-TC12DX_BL
N82E16835856007,DEEPCOOL Gamer Storm GABRIEL CPU Cooler 4 Heatpipes Low Profile HTPC SFF Cooler 120mm PWM Fan Slim and Silent,39,.99,22,Deepcool,GABRIEL
9SIA4RE5047518,Phanteks PH-TC12DX_RD Dual 120mm PWM CPU Cooler,75,.99,23,Phanteks,PH-TC12DX_RD
N82E16835119165,EVERCOOL K8-FM1 Retention Holder compatible for AMD k8 socket/AM2/AM3/FM1,6,.99,23,EVERCOOL,K8-FM1
9SIA4RE52Z9406,ENERMAX ETS-T40-W White 120mm Cluster CPU Cooler with Cluster APS PWM Fan,82,.99,23,ENERMAX,ETS-T40-W
9SIA24G5119181,Rosewill ROCC-12001 AIOLOS - 120mm CPU Cooler with Long Life Sleeve - Compatible with Intel Core i5 & i7,40,.54,25,Rosewill,ROCC-12001
N82E16835114075,Dynatron P199 80mm 2 Ball CPU Cooler,29,.99,25,Dynatron,P199
9SIA66Z28E4788,"RAIJINTEK AIDOS, 4 6mm Heat-Pipe, 92mm PWM Fan, Compact Size CPU Cooler, Multiple Mounting Kits For Intel & AMD",19,.99,25,RAIJINTEK,0P105246
N82E16835608071,"Noctua NH-L9x65 92 x 92 x 14mm, 92 x 92 x 25mm SSO2 Low-profile Quiet CPU Cooler, NF-A9x14 PWM fan",48,.95,25,Noctua,NH-L9x65
9SIA2W03XT7898,Dynatron H46G 77mm 2 Ball CPU Cooler,38,.99,26,Dynatron,H46G
9SIA85V3V36722,GELID Solutions CC-Spirit-01 100.5mm CPU Cooler,54,.79,27,GELID Solutions,CC-Spirit-01
9SIA85V3R95004,SilenX EFZ-120HA5 120mm Fluid Dynamic CPU Cooler,41,.60,27,SilenX,EFZ-120HA5
9SIA85V3R94990,SilenX EFZ-80HA3 80mm 3rd generation fluid dynamic bearing Effizio CPU Cooler,19,.98,27,SilenX,EFZ-80HA3
9SIA4RE2YH7199,Scythe SCBSK-2100 120mm Sleeve BIG Shuriken 2 Rev. B CPU Cooler,59,.99,27,Scythe,SCBSK-2100
N82E16835114113,Dynatron A6 77mm 2 Ball CPU Cooler,37,.99,27,Dynatron,A6
N82E16835103218,"Hyper 212 LED with PWM Fan, Four Direct Contact Heatpipes, Unique Fan Blade Design, Red LEDs, Optimized Bracket Design by Cooler Master",29,.99,27,COOLER MASTER,RR-212L-16PR-R1
9SIA2W03XT8744,Dynatron P66/P66G 60mm 2 Ball CPU Cooling Fan/Heatsink,39,.99,28,Dynatron,P66/P66G
9SIAADY44C6096,"Noctua NH-D15S 140mm SSO2 D-Type Premium CPU Cooler, NF-A15 PWM Fans",79,.95,28,Noctua,NH-D15S
9SIA85V3R95014,SilenX EFZ-92HA2 92mm 3rd generation fluid dynamic bearing Effizio CPU Cooler,14,.66,29,SilenX,EFZ-92HA2
9SIAADY44C5770,"Noctua NH-U9S 92mm SSO2 U-Type Premium CPU Cooler, NF-A9 PWM Fans",59,.59,29,Noctua,NH-U9S
9SIA4RE4SN7971,DEEPCOOL NEPTWIN CPU Cooler  6 Heatpipes Twin-tower Heatsink Dual 120mm Fans with Blue LED One with PWM Support LGA 2011-v3,58,.99,29,Deepcool,NEPTWIN V2.0
N82E16835150121,MASSCOOL 8W2002B1M4 90mm Ball Bearing CPU Cooler for INTEL Socket LGA 1155/1156 Cooper base,12,.99,29,MASSCOOL,8W2002B1M4
9SIA68V21E0643,be quiet! SHADOW ROCK SLIM Silent Wings CPU Cooler - 160W TDP,44,.90,30,be quiet!,BK010
N82E16835856049,DEEPCOOL GAMMAXX 200T CPU Cooler 2 Heat pipes 120mm PWM Fan,14,.99,30,Deepcool,GAMMAXX 200T
9SIAB7G4887818,"ARCTIC Freezer 11 LP CPU Cooler for Intel, Support Multiple Sockets, HTPC Ready",16,.49,31,ARCTIC COOLING,ACFZ11-LP
9SIA4M52YX8576,Cooler Master GeminII S524 Ver 2 - CPU Air Cooler with 120mm Silencio FP Fan  and Accelerated Cooling System,41,.54,31,COOLER MASTER,RR-G5V2-20PK-R1
9SIA45H22W1789,MASSCOOL 5R058B3-H 60mm Ball CPU Cooling Fan with Heatsink,6,.99,32,MASSCOOL,5R058B3-H
9SIA1N83V45288,Intel BXSTS100C Passive/active combination heat sink with removable fan,32,.69,32,Intel,BXSTS100C
N82E16835106156,Thermaltake CL-P0503 80mm Rifle Bearing CPU Cooler for AMD 65W Series,9,.99,32,Thermaltake,CL-P0503
N82E16835106152,Thermaltake Slim X3 CLP0534 80mm CPU Cooler,21,.99,32,Thermaltake,CLP0534
9SIA2W046D7294,"ARCTIC Freezer Xtreme Rev. 2 CPU Cooler - Intel & AMD, Twin-Tower Heatsink, 120mm PWM Fan",29,.99,32,ARCTIC COOLING,UCACO-P0900-CSB01
N82E16835103205,COOLER MASTER RR-212X-20PM-R1 120mm 4th Generation Bearing CPU Cooler,39,.99,32,COOLER MASTER,RR-212X-20PM-R1
9SIA4RE40S2712,Cooler Master Hyper 212X - CPU Cooler with dual 120mm PWM Fan,43,.99,36,COOLER MASTER,RR-212X-20PM-A1
9SIA4UF30R0134,CRYORIG H5 Ultimate Mid Tower Cooler for AMD/Intel CPU's,46,.99,37,CRYORIG,H5 Ultimate
9SIA7BP3GA1275,Phanteks PH-TC14PE_RD 140mm UFB (Updraft Floating Balance) CPU Cooler,99,.99,38,Phanteks,PH-TC14PE_RD
9SIA68V2TR2312,be quiet! SHADOW ROCK LP Low Profile CPU Cooler 130W TDP,39,.90,38,be quiet!,Shadow Rock LP BK002
9SIA85V3T38412,SilenX EFZ-92HA3 92mm 3rd generation fluid dynamic bearing Effizio CPU Cooler,34,.89,39,SilenX,EFZ-92HA3
N82E16835709020,Phanteks PH-TC12DX_BK Dual 120mm PWM CPU Cooler,49,.99,39,Phanteks,PH-TC12DX_BK
N82E16835119090,EVERCOOL HPFI-10025 100mm Ever Lubricate CPU Cooler,16,.99,40,EVERCOOL,HPFI-10025
N82E16835150029,MASSCOOL 5R057B3 60mm Ball CPU Cooling Fan/Heatsink,13,.99,41,MASSCOOL,5R057B3
9SIA1UH3Z96675,"Intel BXSTS100A ThermalSolution LGA1366 for 2-Socket Servers/Workstations, active heat sink with fixed fan",25,.71,41,Intel,BXSTS100A
9SIA85V3R95096,MASSCOOL 9T288B1M3G 70mm Ball CPU Cooler,15,.97,42,MASSCOOL,9T288B1M3G
9SIA4RE4RT4127,ZALMAN CNPS8000B 92mm FSB (Fluid Shield Bearing) CPU Cooler,48,.79,42,ZALMAN,CNPS8000B
9SIA85V3R95380,SilenX EFZ-100HA2 100mm 3rd generation fluid dynamic bearing Effizio CPU Cooler,19,.08,43,SilenX,EFZ-100HA2
9SIAB944HR5962,Dynatron K987 92mm Ball CPU Cooler for Intel LGA Socket 1151 / 1150 / 1155 / 1156,30,.95,44,Dynatron,K987
9SIA85V4FP4895,CRYORIG R1 Ultimate Dual Tower Heatsink for AMD/Intel CPU - Black,89,.98,44,CRYORIG,R1 Ultimate
9SIA85V3R95057,MASSCOOL 8W501B1M3G 90mm Ball CPU Cooler,21,.47,45,MASSCOOL,8W501B1M3G
9SIA85V55A7979,CRYORIG R1 Universal Dual Tower Heatsink for AMD/Intel CPU - White,89,.98,45,CRYORIG,R1 Universal
N82E16835608030,Noctua NH-L9a 92mm SSO2 CPU Cooler,38,.99,46,Noctua,NH-L9a
9SIA4UF1W87430,CRYORIG H5A Universal Mid Tower Cooler For AMD/Intel CPU's,46,.99,48,CRYORIG,H5 Universal
9SIAB7G4925618,"ARCTIC Alpine 11 Plus CPU Cooler - Intel, Supports Multiple Sockets, 92mm PWM Fan at 23dBA",11,.99,48,ARCTIC COOLING,UCACO-AP11301-BUA01
9SIA4M54R21294,ZALMAN CNPS7000V(AL)-1-PWM 92mm FSB (Fluid Shield Bearing) Silent Pure Aluminum CPU Cooler with enhanced performance and silent operation,11,.71,49,ZALMAN,CNPS7000V(AL)-1-PWM
9SIA4RE4RY6217,"ARCTIC Freezer i30 Extreme CPU Cooler - Intel, 320W Ultimate Cooling Power,  Direct-Touch",49,.99,50,ARCTIC COOLING,ACFZI30
9SIA4UF39D5213,"CRYORIG C7 - 47mm Tall, SFF Mini ITX CPU Heatsink",29,.99,50,CRYORIG,C7
N82E16835106157,Thermaltake CL-P0497 92mm Rifle Bearing CPU Cooler for Intel 95W Series,11,.99,50,Thermaltake,CL-P0497
N82E16835106216,Thermaltake NiC C5 (CLP0608) 120mm Untouchable CPU Cooler,49,.99,50,Thermaltake,NiC C5 (CLP0608)
9SIA4RE4SK1461,SILVERSTONE NT07-AM2 80mm CPU Cooler,35,.89,51,SILVERSTONE,NT07-AM2
9SIA45H22W1786,MASSCOOL 5C12B3 50mm Ball CPU Cooler,4,.99,52,MASSCOOL,5C12B3
N82E16835709001,Phanteks PH-TC14PE 140mm UFB (Updraft Floating Balance) CPU Cooler,74,.99,52,Phanteks,PH-TC14PE
9SIA85V3SP4988,MASSCOOL 5F9001B1H3 80mm Ball CPU Cooler,17,.97,53,MASSCOOL,5F9001B1H3
9SIA4RE4SM1021,"ARCTIC Alpine 64 Plus CPU Cooler - AMD, Supports Multiple Sockets, 92mm PWM Fan at 23dBA",18,.59,53,ARCTIC COOLING,Alpine 64 PLUS
9SIA2W03XG5723,Dynatron A48G 70mm 2 Ball CPU Cooler,35,.99,54,Dynatron,A48G
9SIA7BP3GA1297,Phanteks PH-TC14PE_BL 140mm UFB (Updraft Floating Balance) CPU Cooler,182,.99,59,Phanteks,PH-TC14PE_BL
9SIA85V3R95237,MASSCOOL 5T568S1H3 70mm Sleeve CPU Cooler,14,.97,60,MASSCOOL,5T568S1H3
9SIABW94V75177,Zalman CNPS14X Pure Aluminum High Performance 140mm Fan Ultra Quiet Interactive Heatpipe Transfer Design CPU Cooler,43,.99,60,ZALMAN,ZM-CNPS14X
N82E16835186093,"ARCTIC Freezer i11 CPU Cooler for Intel, 150W Cooling Capacity, 3 Direct Touch Heatpipes, <23dBA Fan Noise",21,.99,61,ARCTIC COOLING,UCACO-FI11001-CSA01
N82E16835608025,Noctua NH-L12 120mm & 92mm SSO Bearing PWM Fans CPU Cooler,56,.94,64,Noctua,NH-L12
9SIA4UF39E2338,CRYORIG M9i Mini Tower Cooler for Intel CPU,19,.99,65,CRYORIG,M9i
9SIA4RE4RT3647,"ZALMAN CNPS7X LED 92mm Long Life Bearing V-Shaped Dual Heatsink, Direct Touch Heatsink CPU Cooler",42,.99,66,ZALMAN,CNPS7X LED
N82E16835220061,"SilverStone Argon Series AR02 CPU Cooler with 92mm Fan for socket LGA775/1155/1156/1366/2011, AM2/AM3/FM1/FM2",27,.99,67,SILVERSTONE,AR02
N82E16835856002,DEEPCOOL Gamer Storm Lucifer V2 CPU Cooler 6 Heatpipes 140mm Silent PWM Fan Support LGA 2011-v3,49,.99,69,Deepcool,LUCIFER V2
9SIA68V2326642,be quiet! PURE ROCK CPU Cooler - 150W TDP,34,.90,70,be quiet!,BK009
9SIA68V21E0632,be quiet! DARK ROCK 3 SilentWings CPU Cooler 190W TDP,64,.90,71,be quiet!,None
9SIA4RE4RT3574,ZALMAN CNPS 7500 AlCu LED 2 Ball CPU Cooler,64,.99,79,ZALMAN,CNPS 7500 AlCu LED
N82E16835186092,"ARCTIC Freezer A11 CPU Cooler for AMD, 150W Cooling Capacity, 3 Direct Touch Heatpipes, <23dBA Fan Noise",22,.49,81,ARCTIC COOLING,UCACO-FA11001-CSA01
N82E16835608029,Noctua NH-L9i 95mm SSO2 CPU Cooler,37,.99,81,Noctua,NH-L9i
N82E16835856006,DEEPCOOL GAMMAXX 300 CPU Cooler 3 Heatpipes 120mm PWM Fan,19,.99,82,Deepcool,GAMMAXX 300
N82E16835119092,EVERCOOL EC-PT12-9525EA 95mm Ever Lubricate CPU Cooler,12,.99,85,EVERCOOL,EC-PT12-9525EA
9SIA4RE5063272,Enermax ETS-T40-BK Black 120mm Twister CPU Cooler with TB Apollish Blue LED PWM Fan,79,.99,87,ENERMAX,ETS-T40-BK
N82E16835118099,ZALMAN CNPS10X OPTIMA 120mm FSB (Fluid Shield Bearing) Shark's Fin Blade CPU Cooler (LGA 2011 version),26,.99,90,ZALMAN,CNPS10X OPTIMA 2011
9SIA0AJ59Y7290,Scythe Big Shuriken SCBSK-1000 120mm CPU Cooler,59,.89,96,Scythe,SCBSK-1000
N82E16835186039,"ARCTIC Freezer 13 CPU Cooler - Intel & AMD, 200W Cooling Capacity, 92mm PWM Fan",32,.99,97,ARCTIC COOLING,ACFZ13
N82E16835186062,"ARCTIC Alpine 64 GT Rev. 2 CPU Cooler - AMD, Supports Multiple Sockets, 80mm PWM Fan at 22dBA",8,.99,98,ARCTIC COOLING,ACALP64-GT
9SIA1N83YW8995,Cooler Master Hyper D92 - CPU Air Cooler with Dual 92mm Offset Push-Pull Fans and Accelerated Cooling System,39,.41,102,COOLER MASTER,RR-HD92-28PK-R1
N82E16835118097,ZALMAN CNPS12X 120mm Long Life Bearing High Performance Triple Fan CPU Cooler,44,.99,104,ZALMAN,CNPS12X
N82E16835709011,Phanteks PH-TC14PE_BK 140mm UFB (Updraft Floating Balance) CPU Cooler,74,.99,114,Phanteks,PH-TC14PE_BK
N82E16835150088,MASSCOOL 8WT15-38 90mm Long life Bearing CPU Cooler,9,.99,115,MASSCOOL,8WT15-38
9SIA68V21E0640,be quiet! DARK ROCK PRO 3 Silentwings CPU Cooler 250W TDP - BK019,84,.90,117,be quiet!,BK019
N82E16835608040,Noctua NH-U12S 120x120x25 ( NF-F12 PWM) SSO2-Bearing ( Self-stabilising oil-presure bearing ) CPU Cooler,57,.99,118,Noctua,NH-U12S
N82E16835200057,Rosewill RCX-Z775-LP 80mm Sleeve Low Profile CPU Cooler - OEM,12,.99,119,Rosewill,RCX-Z775-LP
N82E16835103177,Cooler Master GeminII M4 - CPU Cooler with 4 Direct Contact Heatpipes,33,.99,123,COOLER MASTER,RR-GMM4-16PK-R2
N82E16835114073,Dynatron P985 92mm Ball CPU Cooler,25,.99,124,Dynatron,P985
N82E16835103107,Cooler Master Hyper T2 - Compact CPU Cooler with Dual Looped Direct Contact Heatpipes,16,.99,130,COOLER MASTER,RR-HT2-28PK-R1
9SIA4RE4RT3441,ZALMAN CNPS10X Extreme 120mm CPU Cooler with Worlds first PWM Fan Speed Controller,59,.99,135,ZALMAN,CNPS10X Extreme
9SIA9PV3Z59601,Noctua NH-U9B SE2 92mm SSO CPU Cooler,58,.50,146,Noctua,NH-U9B SE2
N82E16835608041,Noctua NH-U14S 140mm SSO2-Bearing (Self-stabilising oil-presure bearing) CPU Cooler,64,.99,146,Noctua,NH-U14S
9SIA4RE2YH7102,Scythe SCSK-1100 100mm Shuriken Rev. B  3 Heat Pipes CPU Cooler,38,.89,150,Scythe,SCSK-1100
9SIA9PV3Y62105,Noctua NH-D14 SE2011 140mm and 120mm SSO CPU Cooler,79,.99,154,Noctua,NH-D14 SE2011
N82E16835200054,Rosewill Sleeve Bearing CPU Cooler - 92mm - RCX-Z90-AL,9,.99,154,Rosewill,RCX-Z90-AL
9SIA85V3R95619,MASSCOOL 9T370B1M3 70mm Ball CPU Cooler,34,.98,155,MASSCOOL,9T370B1M3
N82E16835103189,Cooler Master V8 GTS - High Performance CPU Cooler with Horizontal Vapor Chamber and 8 Heatpipes,89,.99,163,COOLER MASTER,RR-V8VC-16PR-R1
9SIA4RE4RT3410,ZALMAN CNPS10X Performa 120mm Long life CPU Cooler,38,.99,165,ZALMAN,CNPS10X Performa
N82E16835103084,Cooler Master Vortex Plus - CPU Cooler with Aluminum Fins and 4 Direct Contact Heatpipes,25,.99,165,COOLER MASTER,RR-VTPS-28PK-R1
9SIA4RE5063270,Enermax ETS-T40-TB CPU Cooler With T.B.SILENCE PWM Twister Bearing Fan Compatible with latest Intel 2011/1150 and AMD FM2/FM1/AM3+,82,.99,170,ENERMAX,ETS-T40-TB
9SIA9PV3Y62117,"Noctua NH-D15 SSO2 D-Type Premium CPU Cooler, NF-A15 x 2 PWM Fans",85,.95,187,Noctua,NH-D15
9SIA7BP3GA1243,Noctua NH-U12P SE2 120mm SSO CPU Cooler,134,.66,202,Noctua,NH-U12P SE2
N82E16835103182,Cooler Master Hyper T4 - CPU Cooler with 4 Direct Contact Heatpipes,24,.99,243,COOLER MASTER,RR-T4-18PK-R1
9SIA45H22W2054,MASSCOOL 8W553B1M3 90mm Ball CPU Cooler,11,.99,264,MASSCOOL,8W553B1M3
N82E16835118075,ZALMAN CNPS9900MAX-R 135mm Long life bearing CPU Cooler Red LED,49,.99,265,ZALMAN,CNPS9900MAX-R
N82E16835118128,ZALMAN CNPS5X Performa 92mm FSB (Fluid Shield Bearing) Powerful Cooling Performance CPU Cooler,22,.99,285,ZALMAN,CNPS5X Performa
9SIA4UF2DZ6565,CRYORIG H7 Tower Cooler For AMD/Intel CPU,34,.99,285,CRYORIG,H7
N82E16835856005,DEEPCOOL GAMMAXX 400 CPU Cooler 4 Heatpipes 120mm PWM Fan with Blue LED,24,.99,293,Deepcool,GAMMAXX 400
9SIAB7G48D7530,"ARCTIC Alpine 64 Pro Rev. 2 CPU Cooler - AMD, Supports Multiple Sockets 92mm PWM Fan at 23dBA",12,.99,297,ARCTIC COOLING,ACALP64 Pro
N82E16835200034,Rosewill RCX-Z300 92mm Ball CPU Cooler,13,.99,316,Rosewill,RCX-Z300
9SIA6502RH9117,Thermaltake SpinQ Performance Series cooler with ultra-lightweight aluminum and six heatpipes CL-P0466 CPU Cooler,79,.70,328,Thermaltake,CL-P0466
N82E16835200014,"Rosewill RCX-Z1 Long life ball bearing for over 45,000/hrs CPU Cooler",16,.99,512,Rosewill,RCX-Z1
9SIA4RE4RT1338,ZALMAN CNPS7700-CU 120mm 2 Ball Cooling Fan,39,.99,560,ZALMAN,CNPS7700-CU
9SIA4RE4RT1326,ZALMAN CNPS9500 AT 2 Ball CPU Cooling Fan/Heatsink,34,.69,"1,263",ZALMAN,CNPS9500 AT
9SIA6502TM9629,ZALMAN CNPS9700 LED 110mm 2 Ball CPU Cooler,87,.99,"2,312",ZALMAN,CNPS9700 LED
N82E16835118223,ZALMAN CNPS9500A-LED 92mm 2 Ball CPU Cooler,39,.99,"2,665",ZALMAN,CNPS9500A-LED
N82E16835103099,Cooler Master Hyper 212 EVO - CPU Cooler with 120 mm PWM Fan,31,.39,"4,427",COOLER MASTER,RR-212E-20PK-R2
N82E16835103065,Cooler Master Hyper 212 Plus - CPU Cooler with 4 Direct Contact Heatpipes,29,.99,"4,516",COOLER MASTER,RR-B10-212P-G1
