N82E16813145002,GIGABYTE GA-AB350M-Gaming 3 (rev. 1.0) AM4 AMD B350 SATA 6Gb/s USB 3.1 HDMI Micro ATX Motherboards - AMD,94,.99,0,GIGABYTE,GA-AB350M-Gaming 3 (rev. 1.0)
N82E16813157761,ASRock AB350 Pro4 AM4 AMD Promontory B350 SATA 6Gb/s USB 3.0 HDMI ATX Motherboards - AMD,89,.99,0,ASRock,AB350 Pro4
N82E16813157756,ASRock Fatal1ty X370 Professional Gaming AM4 AMD X370 SATA 6Gb/s USB 3.1 USB 3.0 ATX Motherboards - AMD,239,.99,0,ASRock,X370 Professional Gaming
N82E16813157757,ASRock X370 Taichi AM4 AMD Promontory X370 SATA 6Gb/s USB 3.1 USB 3.0 ATX Motherboards - AMD,189,.99,0,ASRock,X370 Taichi
N82E16813157758,ASRock Fatal1ty X370 Gaming K4 AM4 AMD Promontory X370 SATA 6Gb/s USB 3.1 USB 3.0 HDMI ATX Motherboards - AMD,144,.99,0,ASRock,X370 Gaming K4
9SIA85V4M09938,Refurbished: GIGABYTE GA-970A-D3P AM3+/AM3 AMD 970 6 x SATA 6Gb/s USB 3.0 ATX AMD Motherboard Certified Refurbished,82,.99,1,GIGABYTE,GA-970A-D3P
N82E16813157721,ASRock A68M-ITX R2.0 FM2+ / FM2 AMD A68H FCH (Bolton D2H) SATA 6Gb/s USB 3.0 HDMI Mini ITX Motherboards - AMD,58,.99,1,ASRock,A68M-ITX R2.0
N82E16813132852,ASUS A88X-PLUS/USB 3.1 FM2+ AMD A88X (Bolton D4) SATA 6Gb/s USB 3.1 USB 3.0 HDMI ATX Motherboards - AMD,92,.99,6,ASUS,A88X-PLUS/USB 3.1
9SIA4S84638937,ASUS A88XM-A FM2+ AMD A88X (Bolton D4) SATA 6Gb/s USB 3.0 HDMI Micro ATX AMD Motherboard with UEFI BIOS,86,.00,36,ASUS,A88XM-A
N82E16813157477,ASRock ASRock Fatal1ty Gaming Fatal1ty FM2A88X+ Killer FM2+ / FM2 AMD A88X (Bolton D4) SATA 6Gb/s USB 3.0 HDMI ATX AMD Gaming Motherboard,84,.99,56,ASRock,Fatal1ty FM2A88X+ Killer
9SIA85V4T93268,MSI 970A-G43 AM3+ AMD 970 + SB950 SATA 6Gb/s USB 3.0 ATX AMD Motherboard,96,.99,406,MSI,970A-G43
N82E16813157477R,Open Box: ASRock ASRock Fatal1ty Gaming Fatal1ty FM2A88X+ Killer FM2+ / FM2 AMD A88X (Bolton D4) SATA 6Gb/s USB 3.0 HDMI ATX AMD Gaming Motherboard,76,.49,0,ASRock,Fatal1ty FM2A88X+ Killer
N82E16813128602R,Open Box: GIGABYTE GA-970A-DS3P (rev. 2.0) AM3+ AMD 970 SATA 6Gb/s USB 3.0 ATX AMD Motherboard,63,.74,0,GIGABYTE,GA-970A-DS3P (rev. 2.0)
N82E16813157468R,Open Box: ASRock FM2A88X Extreme4+ FM2+ / FM2 AMD A88X (Bolton D4) SATA 6Gb/s USB 3.0 HDMI ATX AMD Motherboard,68,.24,0,ASRock,FM2A88X Extreme4+
9SIA85V5B48651,Refurbished: ASUS A68HM-K AMD FM2+ Socket A68H Chipset Micro ATX Motherboard,49,.99,0,ASUS,A68HM-K
9SIA4MR3W49799,Refurbished: Hp 5187-5226 Microatx System Board Kamet2 Gl6E,228,.16,0,None,None
9SIA6ZP4SX1622,ATLASEDGE 1.0,42,.73,0,None,None
9SIAAMF4ZT5269,Gateway SX2110 Desktop Motherboard AMD E1-1200 DB.GDN11.003 D1F-AD Radeon HD 7310 DTX SFF SX2110-UR328 SX2110-EW358,119,.00,0,Gateway / Acer,DB.GDN11.003
9SIAAMF4PF7079,Gateway NE71B10u Motherboard | AMD E2-1800 1.7GHz | Radeon HD 7340 | 69N0A8M11B02 EG70BZ | NBC1U11001 NB.C1U11.001,109,.00,0,Gateway / Acer,NE71B10u
9SIAAMF4T46081,Acer REVO RL70 Motherboard | RL70-UR21p RL70-UR10p | AMD E-450 1.65GHz Dual-Core | Radeon HD 6320 Graphics | MBSJ409002 MB.SJ409.002,64,.00,0,Acer,None
9SIAA7W54X5792,Dell Yp806 System Board Amd Supported For Optiplex 740 Series Desktop Pc,38,.00,0,None,None
9SIA55W4V67882,Lenovo Rack Accessory Kit,24,.89,0,Lenovo,None
9SIAA7W54X5903,Refurbished: Dell Yp806 System Board Amd Supported For Optiplex 740 Series Desktop Pc,31,.00,0,None,None
9SIA71N3KM5393,AudioQuest Carbon USB 3.0 Lightning to USB 3.0 A 0.75M,138,.75,0,None,None
9SIAAMF4PU3799,Acer Aspire V5 Notebook Motherboard | V5-452G V5-452PG V5-552G V5-552PG | AMD A8-5557M | 2.1GHz Quad-Core | Radeon HD 8550G Mars-XT 2GB | DA0ZRIMB8E0 REV:E | NBMBM11002 NB.MBM11.002,142,.00,0,Acer,ZR1
9SIAAMF4PE0425,Gateway One ZX4270 AIO Motherboard | AMD E1-2500 1.4GHz | Radeon HD 8240 | AAXSKB-VA | DBGEU11002 DB.GEU11.002,109,.00,0,Gateway,None
9SIA6ZP4SX3659,HP Proliant DL380p G8 Heatsink,41,.35,0,None,None
9SIAAMF4U07828,Refurbished: Acer AMD Laptop Motherboard | Travelmate 5530 TM5530 | Aspire 5530 AS5530 | Extensa 5430 | ATI Radeon 32M GPU | 55.4Z701.131G | MB.TQ901.003,59,.00,0,Acer,MB.TQ901.003
9SIABGC4NV3465,Refurbished: HP 461537-001 DC5850 D5 Hounds SFF-MT System Board,59,.99,0,HP,461537-001
9SIAAMF4VE3406,Acer Aspire E1-522 Laptop Motherboard | NB.M8111.006 | Gateway NE522 | AMD E1-2500 1.4GHz Dual-Core | Radeon HD 8240 | 48.4ZK06.03M | Packard Bell EasyNote TE69KB,62,.00,0,Acer / Gateway,None
9SIAAMF4RA2517,Aspire E1-522 Notebook Motherboard | Gateway NE522 | AMD E1-2500 1.4GHZ | Radeon HD 8240 | 48.4ZK06.03M | NBM811100E NB.M8111.00E,64,.00,0,Acer / Gateway,None
9SIA4MR3W63383,Refurbished: Hp 5188-0952 Socket 754 System Board Salmon Ul6E,129,.95,0,None,None
9SIA6392HT4290,Refurbished: ACER X1430 AMD E350 system motherboard D1F-AD V:1.0A ITX board AMD APU DDR3  MB.SHU07.003,99,.99,0,None,D1F-AD V:1.0A
9SIAAMF4TV1099,Acer Aspire One 521 Netbook Motherboard | Gateway LT22 | AO521 | AMD V105 1.2GHz | M880G | DA0ZH9MB6D0 | MB.SBT06.002,24,.95,0,Acer,MB.SBT06.002
9SIABGC4YW0671,Refurbished: Dell PowerEdge T105 CK9-04 Pro AMD Motherboard P013H Y9FTT P957K D682C,48,.50,0,None,None
N82E16813146004,Refurbished: Lenovo IBM 42W8127 T400 AMD M82XT 256MB Motherboard System Board,154,.97,0,Lenovo,42W8127
9SIAAMF4PS8045,Gateway SX2185 Desktop Motherboard | AMD A6-5200 | 2.0GHz Quad-Core | Radeon HD 8400 | DBGEACN003 DB.GEACN.003,129,.00,0,None,None
9SIA9AX4HG3740,Refurbished: HP Pavilion Slimline 110 System Motherboard With Mulberry 2 AMD A4-5000 767107-001,119,.23,0,HP,Pavilion Slimline 110
9SIA24G4RX0606,Gigabyte Ultra Durable GA-B150-HD3P Desktop Motherboard - Intel B150 Chipset - Socket H4 LGA-1151,111,.68,0,GIGABYTE,None
9SIA9AX3T09418,Toshiba Satellite A355D AMD Laptop Motherboard S1 K000068670,53,.99,0,None,None
9SIA85V5AJ4689,Refurbished: Gigabyte FM2+ AMD A68H SATA 6Gb/s USB 3.0 HDMI Micro ATX AMD Motherboards GA-F2A68HM-HD2,71,.59,0,GIGABYTE,GA-F2A68HM-HD2
N82E16813138415R,Open Box: BIOSTAR Hi-Fi A70U3P FM2+ / FM2 AMD A70M SATA 6Gb/s USB 3.0 HDMI Micro ATX AMD Motherboard,50,.99,0,BIOSTAR,Hi-Fi A70U3P
9SIA85V5AJ4692,Refurbished: MSI A68HM GRENADE Desktop Motherboard - AMD A68 Chipset - Socket FM2+,339,.89,0,MSI,A68HM GRENADE
9SIAAMF4TA4809,Acer Aspire E1-522 Motherboard | Gateway NE52224u | Packard Bell TE69KB | AMD E2-3800 | 48.4ZK14.03M | NBM811100N NB.M8111.00N,89,.00,0,Acer / Gateway,None
9SIAAMF3ZA3070,Acer Aspire X3470 Desktop Motherboard FM1 AMD A8 A75 DB.SLH11.001,89,.00,0,Acer,Aspire ASX3470
9SIAAMF4W71885,Acer Veriton N2110G Motherboard DB.VFT11.001 | Thin Client / Slimline |  AMD G-T56N 1.65GHz | A55E | Radeon HD 6320 | PA55EV-TC-6,79,.00,0,Acer,DB.VFT11.001
9SIA85V3RJ0683,Refurbished: Foxconn K7S741GXMG-6L 462(A) SiS 741GX Micro ATX Only Motherboard I/O Shield,97,.97,0,Foxconn,741M01C-GX-6L
9SIA5EM3166704,Supermicro H8QME-2+ Motherboard,699,.99,0,None,None
9SIA9AX4J22630,Refurbished: DELL Motherboard With On-Board ATI Radeon HD 4200 Graphics1 For Optiplex 580 0WW6X,33,.29,0,DELL,Optiplex 580
9SIAAMF57N1185,Refurbished: Gateway NV51B Acer Aspire 5253 Motherboard AMD E450 MB.NCV02.004 LA-7092P AS5253 4619ATBOL33,39,.00,0,Acer / Gateway,MB.NCV02.004 / MBNCV02004
9SIA2F859F6844,"ASUS Motherboard, (PRIME Q270M-C/CSM)",149,.23,0,None,None
9SIAAMF4P24225,Acer Aspire X1470 Desktop Motherboard AX1470 | AMD FM1 | A75 | w/ I/O Shield | X1470-UR308 X1470-UR26 X1470-EF308 | DBSLQ11002 DB.SLQ11.002,114,.00,0,Acer,Acer Aspire X1470
9SIAAMF4MU6166,Gateway DX4380 Desktop Motherboard with I/O Shield | uATX | AMD FM2 | A75 | AAHD3-VC | DB.GEG11.001,94,.00,0,Acer / Gateway,"Gateway DX4380 Series:  DX4380-UR22, DX4380-UR23, DX4380-ER36, DT.GEGAA.011, DT.GEGSJ.001"
9SIAAMF4MY7769,Acer Aspire M3420 Desktop Motherboard |  AMD Socket FM2 | A75 | uATX | AAHD3-VC REV:1.02 | I/O Shield | DB.SKN11.001 DBSKN11001,89,.00,0,Acer,None
9SIA85V4R62296,Refurbished: REFURB - MSI 970A SLI KRAIT EDITION Desktop Motherboard - MOTHERBOARD ONLY,107,.99,0,MSI Computer,None
9SIAAMF4UC6164,Acer Aspire X1430 Desktop Motherboard | AX1430 | DTX | AMD E350 CPU 1.6GHz | Radeon HD6310 Graphics |  D1F-AD V:1.0 | MBSHU07003 MB.SHU07.003,89,.00,0,Acer,MB.SHU07.003
9SIAAMF4P21288,Gateway SX2185 Replacement Motherboard | AMD E1-2500 1.40 GHz | Radeon HD 8240 | i/o Shield | 48.3KN02.011 | DBGELCN002 DB.GELCN.002,62,.00,0,Gateway,SX2185
9SIA6393918803,"Refurbished: HP P7-1446s MS-7778 Ver 1.0 Socket FM2 DDR3 Motherboard - P/N 696333-001 698308-501,716188-001 717067-501,675852-001",125,.00,0,None,MS-7778
9SIAAMF4RP0395,Gateway DX4380 DX4380G Desktop Motherboard | AMD FM2 A75 | uATX micro-ATX |   with I/O Shield | AAHD3-VC Rev:1.02 | DBGDF11002 DB.GDF11.002,129,.00,0,Acer / Gateway,DB.GDF11.002 / DBGDF11002
9SIA24G5A52157,GIGABYTE GA-990X-Gaming SLI (rev. 1.0) AM3+/AM3 AMD 990X SATA 6Gb/s USB 3.1 USB 3.0 ATX Motherboards - AMD,102,.78,0,GIGABYTE,GA-990X-Gaming SLI (rev. 1.0)
N82E16813157262R,Open Box: ASRock 970 Extreme4 AM3+/AM3 AMD 970 + SB950 SATA 6Gb/s USB 3.0 ATX AMD Motherboard with UEFI BIOS,82,.99,0,ASRock,970 Extreme4
N82E16813128696R,Open Box: GIGABYTE GA-AM1M-S2H AM1 SATA 6Gb/s USB 3.0 HDMI Micro ATX AMD Motherboard,27,.99,0,GIGABYTE,GA-AM1M-S2H
9SIA6BM56S4543,Refurbished: GIGABYTE GA-F2A88X-D3H --- FM2+ / FM2 AMD A88X (Bolton D4) SATA 6Gb/s USB 3.0 HDMI ATX AMD Motherboard,79,.99,0,GIGABYTE,GA-F2A88X-D3H
9SIA85V5AJ4696,Refurbished: MSI A78M-E35 V2 FM2+AMD A78 6 xSATA 6Gb/s USB 3.0 HDMI Micro ATX AMD Motherboard,106,.99,0,MSI,A78M-E35 V2
9SIA85V4R80657,Refurbished: Gigabyte AMD FM2+/FM2 A88X HDMI DVI-D D-Sub Triple Monitor ATX Motherboard,87,.99,0,GIGABYTE,GA-F2A88X-D3HP
9SIA85V52Y1550,Refurbished: ASUS A88XM-E FM2 Socket A88XM E mATX MotherBoard,79,.00,0,ASUS,A88XM-E
9SIA1K658T9324,MSI Gaming AM3+/AM3 AMD 970 and SB950 SATA 6Gb/s USB 3.0 ATX AMD Motherboard Model 970 GAMING,173,.99,0,None,None
N82E16813128898R,Open Box: GIGABYTE GA-970-Gaming SLI (rev. 1.0) AM3+/AM3 AMD 970 SATA 6Gb/s USB 3.1 USB 3.0 ATX AMD Motherboard,84,.14,0,GIGABYTE,GA-970-Gaming SLI (rev. 1.0)
N82E16813157457R,Open Box: ASRock FM2A88X Extreme6+ FM2+ / FM2 AMD A88X (Bolton D4) SATA 6Gb/s USB 3.0 HDMI ATX AMD Motherboard,71,.57,0,ASRock,FM2A88X Extreme6+
9SIA4S844G6419,Supermicro H8QG6-F Server Motherboard - AMD SR5690 Chipset - Socket G34 LGA-1944 - Retail Pack,871,.00,0,SUPERMICRO,H8QG6-F
N82E16813128859R,Open Box: GIGABYTE GA-990FXA-UD3 R5 (rev. 1.0) AM3+/AM3 AMD 990FX SATA 6Gb/s USB 3.0 ATX AMD Motherboard,104,.49,0,GIGABYTE,GA-990FXA-UD3 R5 (rev. 1.0)
9SIA6BM31E4643,Refurbished: ASUS M4A89GTD PRO/USB3 AM3 AMD 890GX 6 x SATA 6Gb/s USB 3.0 HDMI ATX AMD Motherboard - I/O Shield and Other Accessories NOT Included,74,.99,0,ASUS,M4A89GTD PRO/USB3
9SIA6BM56U1183,Refurbished: GIGABYTE GA-F2A78M-D3H FM2+ / FM2 AMD A78 (Bolton D3) SATA 6Gb/s USB 3.0 HDMI Micro ATX AMD Motherboard,69,.99,0,GIGABYTE,GA-F2A78M-D3H
9SIABGC4YM8344,Refurbished: Dell Optiplex 580 Motherboard - 9WVNC - 09WVNC - CN-09WVNC,24,.79,0,DELL,Compatible Model: Dell Optiplex 580
9SIA2F857B5173,MSI A68HM GAMING FM2+ / FM2 AMD A68H FCH (Bolton D2H) USB 3.1 HDMI Micro ATX Motherboards - AMD,74,.33,0,MSI,A68HM GAMING
9SIA1K658T9374,MSI Socket AM3+/ AMD 970/ DDR3/ 2-Way CrossFireX & 2-Way SLI/ SATA3&USB3.1/ M.2/ A&GbE/ ATX Motherboard Model 970A GAMING PRO CARBON,185,.99,0,None,None
9SIA1N842M0049,Gigabyte Motherboard & CPU Combo DIMM NA (GA-N3050N-GSM PLUS ),142,.34,0,None,None
9SIA4S844H8205,ECS KAM1-I-V.A Socket AM1/ DDR3/ SATA3&USB3.0/ A&GbE/ Mini-ITX Motherboard,38,.00,0,None,None
9SIA6BM56U1172,Refurbished: GIGABYTE GA-F2A88XM-D3H FM2+ / FM2 AMD A88X (Bolton D4) SATA 6Gb/s USB 3.0 HDMI Micro ATX AMD Motherboard,69,.99,0,GIGABYTE,GA-F2A88XM-D3H
N82E16813128817R,Open Box: GIGABYTE GA-990FXA-UD5 R5 (rev. 1.0) AM3+ AMD 990FX SATA 6Gb/s USB 3.0 ATX AMD Motherboard,119,.49,0,GIGABYTE,GA-990FXA-UD5 R5 (rev. 1.0)
N82E16813128886R,Open Box: GIGABYTE GA-990FX-Gaming AM3+ AMD 990FX SATA 6Gb/s USB 3.1 USB 3.0 ATX AMD Motherboard,110,.49,0,GIGABYTE,GA-990FX-Gaming
9SIA1K64AM1528,ASUS Socket AM3+ AMD 990FX Quad CrossFireX & Quad SLI A&GbE SATA3 & USB3.0 ATX Motherboard Model M5A99FX PRO R2.0,235,.99,0,None,None
N82E16813157358R,Open Box: ASRock 990FX Extreme9 AM3+ AMD 990FX + SB950 SATA 6Gb/s USB 3.0 ATX AMD Motherboard with UEFI BIOS,127,.99,0,ASRock,990FX Extreme9
9SIA1K658U1359,MSI Socket AM3+/ AMD 990FX/ DDR3/ 3-Way CrossFireX & 2-Way SLI/ SATA3&USB3.1/ A&GbE/ ATX Motherboard Model 990FXA GAMING,242,.99,0,None,None
9SIA6BM4SS7951,Refurbished: ASUS M4A89TD PRO/USB3 AM3 AMD 890FX SATA 6Gb/s USB 3.0 ATX AMD Motherboard - I/O Shield and Other Accessories NOT Included,69,.99,0,ASUS,M4A89TD PRO/USB3
9SIA6BM56U1141,Refurbished: GIGABYTE GA-F2A88X-UP4 FM2+ / FM2 AMD A88X (Bolton D4) SATA 6Gb/s USB 3.0 HDMI ATX AMD Motherboard,64,.99,0,GIGABYTE,GA-F2A88X-UP4
N82E16813128931,GIGABYTE GA-990X-Gaming SLI (rev. 1.0) AM3+/AM3 AMD 990X SATA 6Gb/s USB 3.1 USB 3.0 ATX AMD Motherboard,106,.99,0,GIGABYTE,GA-990X-Gaming SLI (rev. 1.0)
9SIA6BM5988659,"Refurbished: ASRock K8NF3-VSTA Socket 754 Motherboard w/ DDR 400/333/266,
(I/O Shield and Drivers Not Included)",16,.99,0,ASRock,K8NF3-VSTA
N82E16813131877R,Open Box: ASUS TUF SABERTOOTH 990FX R2.0 AM3+ AMD 990FX + SB950 SATA 6Gb/s USB 3.0 ATX AMD Motherboard with UEFI BIOS,153,.49,0,ASUS,SABERTOOTH 990FX R2.0
N82E16813131851R,Open Box: ASUS M5A99FX PRO R2.0 AM3+ AMD 990FX + SB950 SATA 6Gb/s USB 3.0 ATX AMD Motherboard with UEFI BIOS,101,.99,0,ASUS,M5A99FX PRO R2.0
N82E16813132966,ASUS Prime B350M-A/CSM AM4 AMD B350 SATA 6Gb/s USB 3.1 USB 3.0 HDMI uATX Motherboards - AMD,89,.99,0,ASUS,Prime B350M-A/CSM
N82E16813138446,BIOSTAR B350GT5 AM4 AMD B350 ATX Motherboards - AMD,129,.99,0,BIOSTAR,B350GT5
N82E16813138445,BIOSTAR X370GT5 AM4 AMD X370 ATX Motherboards - AMD,149,.99,0,BIOSTAR,X370GT5
N82E16813144019,MSI B350M Gaming PRO AM4 AMD B350 SATA 6Gb/s HDMI Micro ATX Motherboards - AMD,79,.99,0,MSI,B350M Gaming PRO
N82E16813128998,GIGABYTE GA-AB350-Gaming (rev. 1.0) AM4 AMD B350 SATA 6Gb/s USB 3.1 HDMI ATX Motherboards - AMD,99,.99,0,GIGABYTE,GA-AB350-Gaming (rev. 1.0)
N82E16813128991,GIGABYTE GA-AB350-GAMING 3 (rev. 1.0) AM4 AMD B350 SATA 6Gb/s USB 3.1 HDMI ATX Motherboards - AMD,109,.99,0,GIGABYTE,GA-AB350-GAMING 3 (rev. 1.0)
N82E16813138444,BIOSTAR X370GT7 AM4 AMD X370 ATX Motherboards - AMD,209,.99,0,BIOSTAR,X370GT7
N82E16813144018,MSI B350 TOMAHAWK AM4 AMD B350 SATA 6Gb/s HDMI ATX Motherboards - AMD,109,.99,0,MSI,B350 TOMAHAWK
N82E16813132965,ASUS PRIME B350-PLUS AM4 AMD B350 SATA 6Gb/s USB 3.1 USB 3.0 HDMI ATX Motherboards - AMD,99,.99,0,ASUS,PRIME B350-PLUS
N82E16813144016,MSI X370 XPOWER GAMING TITANIUM AM4 AMD X370 SATA 6Gb/s HDMI ATX Motherboards - AMD,299,.99,0,MSI,X370 XPOWER GAMING TITANIUM
N82E16813157769,ASRock X370 Killer SLI/ac AM4 AMD Promontory X370 SATA 6Gb/s USB 3.0 HDMI ATX Motherboards - AMD,139,.99,0,ASRock,X370 Killer SLI/ac
N82E16813132964,ASUS Prime X370-Pro AM4 AMD X370 SATA 6Gb/s USB 3.1 USB 3.0 HDMI ATX Motherboards - AMD,159,.99,0,ASUS,Prime X370-Pro
N82E16813144017,MSI X370 GAMING PRO CARBON AM4 AMD X370 SATA 6Gb/s HDMI ATX Motherboards - AMD,179,.99,0,MSI,X370 GAMING PRO CARBON
N82E16813128992,GIGABYTE GA-AX370-GAMING 5 AM4 AMD X370 SATA 6Gb/s USB 3.1 HDMI ATX Motherboards - AMD,194,.99,0,GIGABYTE,GA-AX370-GAMING 5
N82E16813132963,ASUS ROG Crosshair VI Hero AM4 AMD X370 SATA 6Gb/s USB 3.1 USB 3.0 ATX Motherboards - AMD,254,.99,0,ASUS,Crosshair VI Hero
9SIA85V52G1659,Refurbished: GIGABYTE GA-F2A68HM-H FM2+ AMD A68H SATA 6Gb/s USB 3.0 HDMI Micro ATX Motherboards - AMD,73,.98,1,GIGABYTE,GA-F2A68HM-H
9SIAA7W53D6321,Refurbished: Dell Inspiron 570 SMT MA785R AMD AM3 System Motherboard 4GJJT 04GJJT,38,.99,1,DELL,4GJJT
9SIA4S84665491,ECS A68F2P-M4 (V1.0) FM2+ AMD A68H USB 3.0 HDMI Micro ATX AMD Motherboard,59,.00,1,ECS,A68F2P-M4 (V1.0)
9SIA2F84S83985,Asus H170I-PRO/CSM Desktop Motherboard - Intel H170 Chipset - Socket H4 LGA-1151,125,.32,1,ASUS,None
N82E16813128565R,Open Box: GIGABYTE GA-78LMT-USB3 (rev. 6.0) AM3+ AMD 760G + SB710 USB 3.0 HDMI Micro ATX AMD Motherboard,51,.49,1,GIGABYTE,GA-78LMT-USB3 (rev. 6.0)
9SIA24G3KG4816,Asus SABERTOOTH 990FX R2.0 Desktop Motherboard - AMD 990FX Chipset - Socket AM3+,200,.52,1,ASUS,610839187706
9SIA6BM3265139,Refurbished: ASUS M4A87TD/USB3 AM3 AMD 870 6 x SATA 6Gb/s USB 3.0 ATX AMD Motherboard - I/O Shield and Other Accessories NOT Included,49,.99,1,ASUS,M4A87TD/USB3
N82E16813157759,ASRock Fatal1ty AB350 Gaming K4 AM4 AMD Promontory B350 SATA 6Gb/s USB 3.0 HDMI ATX Motherboards - AMD,99,.99,1,ASRock,AB350 Gaming K4
9SIAAMF4TV0758,Acer Aspire 5515 Laptop Motherboard AS5515 | eMachines E620 | ATI Radeon X1200 | MB.N2702.001 MBN2702001 | LA-4661P KAW60L02,36,.00,2,Acer / eMachines,None
9SIA6BM41F7869,Refurbished: ASUS M4A88TD-V EVO/USB3 AM3 AMD 880G 5 x SATA 6Gb/s USB 3.0 HDMI ATX AMD Motherboard - I/O Shield and Other Accessories NOT Included,59,.99,2,ASUS,M4A88TD-V EVO/USB3
N82E16813131876R,Open Box: ASUS ROG Crosshair V Formula-Z AM3+ AMD 990FX + SB950 SATA 6Gb/s USB 3.0 ATX AMD Gaming Motherboard with 3-Way SLI/CrossFireX Support and UEFI BIOS,186,.99,2,ASUS,Crosshair V Formula-Z
N82E16813130936,MSI 990FXA GAMING AM3+ AMD 990FX & SB950 USB 3.1 AMD Motherboard,155,.99,2,MSI,990FXA GAMING
N82E16813132713R,Open Box: ASUS 970 PRO GAMING/AURA AM3+ AMD 970 + SB 950 SATA 6Gb/s USB 3.1 ATX AMD Motherboard,87,.99,2,ASUS,970 PRO GAMING/AURA
9SIA0AJ5CC3613,Refurbished: ASUS A88XM-A-R FM2+ / FM2 AMD A88X (Bolton D4) SATA 6Gb/s USB 3.0 HDMI Micro ATX AMD Motherboard with UEFI BIOS,49,.89,3,ASUS,A88XM-A-R
N82E16813157692,ASRock FM2A88M EXTREME4+ R2.0 FM2+ / FM2 AMD A88X (Bolton D4) SATA 6Gb/s USB 3.0 HDMI Micro ATX AMD Motherboard,77,.99,3,ASRock,FM2A88M EXTREME4+ R2.0
9SIABVR4RB5383,Refurbished: MSI Gaming 970 Gaming AM3+/AM3 AMD 970 and SB950 SATA 6Gb/s USB 3.0 ATX Motherboards - AMD,79,.99,6,MSI,970 Gaming
N82E16813132406,ASUS A68HM-Plus FM2+ AMD A68H FCH (Bolton D2H) SATA 6Gb/s USB 3.0 HDMI Micro ATX AMD Motherboard,53,.99,6,ASUS,A68HM-Plus
N82E16813132836,ASUS M5A78L-M PLUS/USB3 AM3+ AMD 760G (780L) / SB710 USB 3.0 HDMI Micro ATX Motherboards - AMD,56,.99,6,ASUS,M5A78L-M PLUS/USB3
9SIA85V50Y2166,GIGABYTE GA-F2A68HM-DS2H FM2+ AMD A68H SATA 6Gb/s USB 3.0 HDMI Micro ATX AMD Motherboard,77,.89,8,GIGABYTE,GA-F2A68HM-DS2H
N82E16813157587,ASRock FM2A68M-HD+ FM2+ / FM2 AMD A68H (Bolton-D2H) SATA 6Gb/s USB 3.0 HDMI Micro ATX AMD Motherboard,44,.99,8,ASRock,FM2A68M-HD+
N82E16813132736,ASUS A88XM-A/USB 3.1 FM2+ AMD A88X (Bolton D4) SATA 6Gb/s 2 x USB 3.1 (teal blue) USB 3.0 HDMI Micro ATX AMD Motherboard,74,.99,9,ASUS,A88XM-A/USB 3.1
N82E16813157611,ASRock ASRock Fatal1ty Gaming 990FX Killer/3.1 AM3+/AM3 AMD 990FX SATA 6Gb/s USB 3.1 USB 3.0 ATX AMD Motherboard,144,.99,12,ASRock,990FX Killer/3.1
N82E16813157572,ASRock FM2A88X PRO3+ Socket FM2+ 95W / FM2 100W AMD A88X (Bolton D4) SATA 6Gb/s USB 3.0 ATX AMD Motherboard,59,.99,12,ASRock,FM2A88X PRO3+
N82E16813132407,ASUS A68HM-E FM2+ AMD A68H FCH (Bolton D2H) SATA 6Gb/s USB 3.0 Micro ATX AMD Motherboard,48,.99,12,ASUS,A68HM-E
N82E16813128937,GIGABYTE GA-990FXA-UD3 Ultra (rev. 1.0) AM3+/AM3 AMD 990FX SATA 6Gb/s USB 3.1 USB 3.0 ATX Motherboards - AMD,129,.99,14,GIGABYTE,GA-990FXA-UD3 Ultra (rev. 1.0)
N82E16813157699,ASRock A88M-ITX/ac FM2+ / FM2 AMD A88X (Bolton D4) SATA 6Gb/s USB 3.0 HDMI Mini ITX AMD Motherboard,76,.99,14,ASRock,A88M-ITX/ac
N82E16813130951,MSI 970A GAMING PRO CARBON AM3+/AM3 AMD 970 & SB950 SATA 6Gb/s USB 3.1 ATX Motherboards - AMD,109,.99,14,MSI,970A GAMING PRO CARBON
9SIA85V4R42336,MSI A78M-E35 V2 FM2+ AMD A78 SATA 6Gb/s USB 3.0 HDMI Micro ATX AMD Motherboard,106,.99,17,MSI,A78M-E35 V2
N82E16813128895,GIGABYTE GA-F2A88X-D3HP (rev. 1.0) FM2+ AMD A88X (Bolton D4) SATA 6Gb/s USB 3.1 USB 3.0 HDMI ATX AMD Motherboard,79,.99,18,GIGABYTE,GA-F2A88X-D3HP (rev. 1.0)
N82E16813130852,MSI A88XI AC V2 FM2+ AMD A88X SATA 6Gb/s USB 3.0 HDMI Mini ITX AMD Motherboard,99,.99,20,MSI,A88XI AC V2
N82E16813157578,ASRock FM2A68M-DG3+ FM2+ / FM2 AMD A68H FCH (Bolton D2H) SATA 6Gb/s USB 3.0 Micro ATX AMD Motherboard,45,.99,21,ASRock,FM2A68M-DG3+
9SIA24G3RH4611,GIGABYTE GA-F2A68HM-HD2 FM2+ AMD A68H SATA 6Gb/s USB 3.0 HDMI Micro ATX AMD Motherboard,63,.20,22,GIGABYTE,GA-F2A68HM-HD2
N82E16813157468,ASRock FM2A88X Extreme4+ FM2+ / FM2 AMD A88X (Bolton D4) SATA 6Gb/s USB 3.0 HDMI ATX AMD Motherboard,79,.99,24,ASRock,FM2A88X Extreme4+
9SIA85V41B1186,ASUS M5A97 PLUS AM3+ AMD 970/SB950 SATA 6Gb/s ATX AMD Motherboard,339,.88,25,ASUS,M5A97 PLUS
9SIABFS59N8279,Foxconn A76ML-K 3.0 AM3 AMD 760G + SB710 Micro ATX AMD Motherboard,29,.95,25,Foxconn,A76ML-K 3.0
N82E16813157478,ASRock FM2A78M-ITX+ FM2+ / FM2 AMD A78 (Bolton D3) SATA 6Gb/s USB 3.0 HDMI Mini ITX AMD Motherboard,84,.99,26,ASRock,FM2A78M-ITX+
N82E16813130856,MSI A68HM-GRENADE FM2+ AMD A68H SATA 6Gb/s USB 3.0 HDMI Micro ATX AMD Motherboard,54,.99,28,MSI,A68HM-GRENADE
N82E16813128898,GIGABYTE GA-970-Gaming SLI (rev. 1.0) AM3+/AM3 AMD 970 SATA 6Gb/s USB 3.1 USB 3.0 ATX AMD Motherboard,98,.99,29,GIGABYTE,GA-970-Gaming SLI (rev. 1.0)
N82E16813128696,GIGABYTE GA-AM1M-S2H AM1 SATA 6Gb/s USB 3.0 HDMI Micro ATX AMD Motherboard,34,.99,34,GIGABYTE,GA-AM1M-S2H
9SIA1N83UD9897,ASUS AM1M-A AM1 SATA 6Gb/s USB 3.0 HDMI Micro ATX AMD Motherboard,39,.00,35,ASUS,AM1M-A
9SIA1N83W03713,GIGABYTE GA-F2A88XM-D3HP (rev. 1.0) FM2+ AMD A88X (Bolton D4) SATA 6Gb/s USB 3.1 USB 3.0 HDMI Micro ATX AMD Motherboard,76,.34,36,GIGABYTE,GA-F2A88XM-D3HP (rev. 1.0)
N82E16813132408,ASUS A68HM-K FM2+ AMD A68H FCH (Bolton D2H) SATA 6Gb/s USB 3.0 Micro ATX AMD Motherboard,49,.99,36,ASUS,A68HM-K
9SIA1N84XB4081,MSI A68HI AC FM2+ AMD A68H SATA 6Gb/s USB 3.0 HDMI Mini ITX AMD Motherboard,85,.20,38,MSI,A68HI AC
N82E16813157581,ASRock N68C-GS4 FX 95W Socket AM3+ / AM3 / AM2+ / AM2 processors NVIDIA GeForce 7025 / nForce 630a Micro ATX AMD Motherboard,49,.99,40,ASRock,N68C-GS4 FX
N82E16813157576,ASRock 990FX Extreme6 AM3+ Northbridge: AMD 990FX Southbridge: AMD SB950 SATA 6Gb/s USB 3.0 ATX AMD Motherboard,129,.99,40,ASRock,990FX Extreme6
N82E16813157571,ASRock FM2A88M PRO3+ FM2+ 95W / FM2 100W AMD A88X (Bolton D4) SATA 6Gb/s USB 3.0 HDMI Micro ATX AMD Motherboard,54,.99,42,ASRock,FM2A88M PRO3+
9SIABFS4DP9706,MSI A68HM-E33 V2 FM2+ AMD A68H SATA 6Gb/s USB 3.0 HDMI Micro ATX AMD Motherboard,49,.99,43,MSI,A68HM-E33 V2
N82E16813138415,BIOSTAR Hi-Fi A70U3P FM2+ / FM2 AMD A70M SATA 6Gb/s USB 3.0 HDMI Micro ATX AMD Motherboard,59,.99,44,BIOSTAR,Hi-Fi A70U3P
9SIA85V5704370,GIGABYTE GA-F2A88X-D3H FM2+ / FM2 AMD A88X (Bolton D4) SATA 6Gb/s USB 3.0 HDMI ATX AMD Motherboard,199,.99,45,GIGABYTE,GA-F2A88X-D3H
N82E16813128763,GIGABYTE GA-F2A68HM-H FM2+ AMD A68H SATA 6Gb/s USB 3.0 HDMI Micro ATX AMD Motherboard,49,.99,46,GIGABYTE,GA-F2A68HM-H
N82E16813157689,ASRock A88M-G/3.1 FM2+ / FM2 A88X (Bolton D4) Micro ATX Motherboard,69,.99,47,ASRock,A88M-G/3.1
N82E16813157688,ASRock 970A-G/3.1 AM3+/AM3 AMD 970 SATA 6Gb/s USB 3.1 USB 3.0 ATX AMD Motherboard,78,.99,48,ASRock,970A-G/3.1
N82E16813157366,ASRock 980DE3/U3S3 AM3+ AMD RX881/760G SATA 6Gb/s USB 3.0 ATX AMD Motherboard,54,.99,56,ASRock,980DE3/U3S3
N82E16813132255,ASUS ROG CROSSBLADE RANGER FM2+ AMD A88X (Bolton D4) SATA 6Gb/s USB 3.0 HDMI ATX AMD Gaming Motherboard,159,.99,59,ASUS,CROSSBLADE RANGER
N82E16813157491,ASRock AM1H-ITX AM1 SATA 6Gb/s USB 3.0 HDMI Mini ITX AMD Motherboard,53,.99,61,ASRock,AM1H-ITX
N82E16813130849,MSI 970A SLI Krait Edition AM3+ AMD 970 & SB950 SATA 6Gb/s USB 3.1 ATX AMD Motherboard,79,.99,61,MSI,970A SLI Krait Edition
N82E16813130922,MSI 970A-G43 Plus AM3+/AM3 AMD 970 & SB950 SATA 6Gb/s USB 3.1 ATX AMD Motherboard,69,.99,66,MSI,970A-G43 Plus
N82E16813157364,ASRock 970 PRO3 R2.0 AM3+/AM3 AMD 970 SATA 6Gb/s USB 3.0 ATX AMD Motherboard with UEFI BIOS,59,.99,74,ASRock,970 PRO3 R2.0
N82E16813157457,ASRock FM2A88X Extreme6+ FM2+ / FM2 AMD A88X (Bolton D4) SATA 6Gb/s USB 3.0 HDMI ATX AMD Motherboard,94,.99,76,ASRock,FM2A88X Extreme6+
9SIA24G3RH7965,GIGABYTE GA-78LMT-S2 AM3+ AMD 760G + SB710 Micro ATX AMD Motherboard,65,.05,76,GIGABYTE,GA-78LMT-S2
9SIA6ZP3SY2959,GIGABYTE GA-990FX-Gaming AM3+ AMD 990FX SATA 6Gb/s USB 3.1 USB 3.0 ATX AMD Motherboard,146,.95,79,GIGABYTE,GA-990FX-Gaming
9SIA6ZP3R86704,GIGABYTE GA-990FXA-UD3 R5 (rev. 1.0) AM3+/AM3 AMD 990FX SATA 6Gb/s USB 3.0 ATX AMD Motherboard,129,.11,81,GIGABYTE,GA-990FXA-UD3 R5 (rev. 1.0)
N82E16813130859,MSI MSI Gaming 990FXA-GAMING AM3+/ AM3 AMD 990FX & SB950 SATA 6Gb/s USB 3.1 ATX AMD Motherboard,149,.99,89,MSI,990FXA-GAMING
N82E16813157394,ASRock 970 Extreme3 R2.0 AM3+/AM3 AMD 970 SATA 6Gb/s USB 3.0 ATX AMD Motherboard,99,.99,106,ASRock,970 Extreme3 R2.0
N82E16813130722,MSI 760GMA-P34 (FX) AM3+ AMD 760G SATA 6Gb/s USB 3.0 Micro ATX AMD Motherboard,54,.99,112,MSI,760GMA-P34 (FX)
N82E16813128663,GIGABYTE GA-F2A88XN-WIFI FM2+ / FM2 AMD A88X (Bolton D4) SATA 6Gb/s USB 3.0 HDMI Mini ITX AMD Motherboard,89,.99,123,GIGABYTE,GA-F2A88XN-WIFI
N82E16813132713,ASUS 970 PRO GAMING/AURA AM3+ AMD 970 + SB 950 SATA 6Gb/s USB 3.1 ATX AMD Motherboard,109,.99,130,ASUS,970 PRO GAMING/AURA
9SIA85V4M09453,ASRock 970M Pro3 AM3+/AM3 AMD 970 + AMD SB950 6 x SATA 6Gb/s USB 3.0 Micro ATX AMD Motherboard,107,.98,166,ASRock,970M Pro3
9SIA1N83VF6962,GIGABYTE GA-970A-DS3P (rev. 2.0) AM3+ AMD 970 SATA 6Gb/s USB 3.0 ATX AMD Motherboard,70,.37,173,GIGABYTE,GA-970A-DS3P (rev. 2.0)
N82E16813157358,ASRock 990FX Extreme9 AM3+ AMD 990FX + SB950 SATA 6Gb/s USB 3.0 ATX AMD Motherboard with UEFI BIOS,169,.99,182,ASRock,990FX Extreme9
9SIABFS5B71324,MSI 880GM-E41 AM3 AMD 880G HDMI Micro ATX AMD Motherboard,78,.88,188,MSI,880GM-E41
9SIA85V43V1050,ASUS M5A99X EVO R2.0 AM3+ AMD 990X + SB950 SATA 6Gb/s USB 3.0 ATX AMD Motherboard with UEFI BIOS,339,.88,206,ASUS,M5A99X EVO R2.0
9SIA85V4R41161,GIGABYTE GA-F2A88XM-D3H FM2+ / FM2 AMD A88X (Bolton D4) SATA 6Gb/s USB 3.0 HDMI Micro ATX AMD Motherboard,133,.89,216,GIGABYTE,GA-F2A88XM-D3H
N82E16813131942,ASUS M5A78L-M/USB3 AM3+ AMD 760G + SB710 USB 3.0 HDMI uATX AMD Motherboard,49,.99,237,ASUS,M5A78L-M/USB3
N82E16813157479,ASRock ASRock Fatal1ty Gaming Fatal1ty 990FX Killer AM3+/AM3 AMD 990FX + AMD SB950 SATA 6Gb/s USB 3.0 ATX AMD Gaming Motherboard,119,.99,265,ASRock,Fatal1ty 990FX Killer
N82E16813128627,GIGABYTE GA-970A-D3P AM3+/AM3 AMD 970 SATA 6Gb/s USB 3.0 ATX AMD Motherboard,83,.99,265,GIGABYTE,GA-970A-D3P
N82E16813157262,ASRock 970 Extreme4 AM3+/AM3 AMD 970 + SB950 SATA 6Gb/s USB 3.0 ATX AMD Motherboard with UEFI BIOS,96,.99,321,ASRock,970 Extreme4
9SIA85V4RS1533,GIGABYTE GA-970A-UD3P (rev. 2.0) AM3+/AM3 AMD 970 SATA 6Gb/s USB 3.0 ATX AMD Motherboard,143,.89,358,GIGABYTE,GA-970A-UD3P (rev. 2.0)
N82E16813157281,ASRock 990FX Extreme3 AM3+ AMD 990FX + SB950 SATA 6Gb/s USB 3.0 ATX AMD Motherboard with UEFI BIOS,109,.99,391,ASRock,990FX Extreme3
N82E16813130790,MSI MSI Gaming 970 Gaming AM3+/AM3 AMD 970 and SB950 SATA 6Gb/s USB 3.0 ATX AMD Motherboard,99,.99,464,MSI,970 Gaming
N82E16813138372,BIOSTAR TA970 Ver. 5.3 AM3+ AMD 970 + SB950 SATA 6Gb/s USB 3.0 ATX AMD Motherboard with UEFI BIOS,79,.99,468,BIOSTAR,TA970 Ver. 5.3
N82E16813128565,GIGABYTE GA-78LMT-USB3 (rev. 6.0) AM3+ AMD 760G + SB710 USB 3.0 HDMI Micro ATX AMD Motherboard,59,.99,476,GIGABYTE,GA-78LMT-USB3 (rev. 6.0)
9SIA24G3RH7980,ASUS M5A97 R2.0 AM3+ AMD 970 + SB 950 SATA 6Gb/s USB 3.0 ATX AMD Motherboard with UEFI BIOS,97,.20,505,ASUS,M5A97 R2.0
N82E16813131876,ASUS ROG Crosshair V Formula-Z AM3+ AMD 990FX + SB950 SATA 6Gb/s USB 3.0 ATX AMD Gaming Motherboard with 3-Way SLI/CrossFireX Support and UEFI BIOS,219,.99,585,ASUS,Crosshair V Formula-Z
N82E16813131872,ASUS M5A97 LE R2.0 AM3+ AMD 970 + SB950 SATA 6Gb/s USB 3.0 ATX AMD Motherboard with UEFI BIOS,74,.99,603,ASUS,M5A97 LE R2.0
N82E16813131851,ASUS M5A99FX PRO R2.0 AM3+ AMD 990FX + SB950 SATA 6Gb/s USB 3.0 ATX AMD Motherboard with UEFI BIOS,134,.99,668,ASUS,M5A99FX PRO R2.0
9SIA6ZP3RB4713,ASUS TUF SABERTOOTH 990FX R2.0 AM3+ AMD 990FX + SB950 SATA 6Gb/s USB 3.0 ATX AMD Motherboard with UEFI BIOS,194,.93,846,ASUS,SABERTOOTH 990FX R2.0
